draft_year,round,pick,overall,player_name_raw,nba_player_id,matched_athlete_id,final_college_season,years_in_college,min_start_season,position,conference,conf_tier,pick_overall,log_pick,birthdate,age_at_draft,c_alpha_0,c_alpha_1,c_alpha_2,c_alpha_3,c_alpha_4,c_alpha_5,c_alpha_6,c_alpha_7,c_argmax,c_alpha_max,PORPAG,PLAYER_HEIGHT_INCHES,PTS_PER_100,TS%,USG%,AST%,TOV%,STL%,BLK%,TRB%,FTr,% of FG Ast'd_2P,% of FG Ast'd_3P,PLAYER_HEIGHT_INCHES_z,PTS_PER_100_z,TS%_z,USG%_z,AST%_z,TOV%_z,STL%_z,BLK%_z,TRB%_z,FTr_z,% of FG Ast'd_2P_z,% of FG Ast'd_3P_z,rim_finishing_share,three_pt_jumper_share
2025,1,1,1,Cooper Flagg,1642843.0,205.0,2025.0,1.0,2025,F,ACC,True,1,0.0,2006-12-21,18.510609171800137,0.0,0.0,0.0271539079334283,0.0,0.2116340916135198,0.212724485596019,0.5484875148570327,0.0,6,0.5484875148570327,6.0,81.0,0.3806962979484447,0.6,0.308,0.2664621365899459,0.1166407465007776,0.0273523314458987,0.0487823182858643,0.1419049582314888,0.429,0.3081081081081081,0.8269230769230769,1.103923781315056,2.5242610077105163,0.7799076843123722,2.2745221511617246,1.9440320731194818,-0.6208782844640652,0.8006871011633115,1.3521526659866796,1.2764226768779618,0.5729830580312772,-0.3437989748666045,0.2353986015823509,0.4,0.2727272727272727
2025,1,2,2,Dylan Harper,1642844.0,7871.0,2025.0,1.0,2025,G,Big Ten,True,2,0.6931471805599453,2006-03-02,19.315537303216978,0.0399014085152053,0.0,0.0361359720314073,0.0304685427647093,0.1432308987587114,0.466268180929765,0.2388156628340438,0.0451793341661578,5,0.466268180929765,4.7,78.0,0.3567326119387793,0.594,0.289,0.2701815543601358,0.1284592233722381,0.0266384778012685,0.0192224378747443,0.0797359912456483,0.419,0.1555555555555555,0.4897959183673469,0.18996091042109764,2.1530783266000677,0.6832418834349324,1.8929047941634451,1.9959715001646208,-0.3779591912501289,0.7189367102458822,-0.023388146825783874,-0.3401966979269375,0.5101948914544108,-1.133975617988507,-0.8390148404448359,0.40992167101827676,0.3785900783289817
2025,1,3,3,VJ Edgecombe,1642845.0,158.0,2025.0,1.0,2025,G,Big 12,True,3,1.0986122886681098,2005-07-30,19.904175222450377,0.0329852568511393,0.0083977101311988,0.0169819315982817,0.100909649034409,0.4983595669962199,0.0540375424740358,0.2483813615866187,0.0399469813280964,4,0.4983595669962199,3.9,77.0,0.2806914151304163,0.558,0.24,0.1926206094488028,0.1261133443682509,0.0386758722426976,0.0231696014828544,0.1020992259242376,0.373,0.3333333333333333,0.8653846153846154,-0.11469337987688849,0.9752471993356185,0.10324707817029555,0.9087337155889361,0.9128796592691782,-0.42617680902237287,2.097456955420081,0.16028934314677534,0.2413287836360809,0.221369325200825,-0.21313984490156573,0.35797429112678,0.3359580052493438,0.4015748031496063
2025,1,4,4,Kon Knueppel,1642851.0,206.0,2025.0,1.0,2025,G,ACC,True,4,1.3862943611198906,2005-08-03,19.89322381930185,0.0711125653410028,0.0,0.0,0.1725542435498475,0.0913353389164784,0.1503678185204277,0.2300204168792006,0.2846096167930428,7,0.2846096167930428,4.9,79.0,0.2890474742408505,0.648,0.214,0.15797333797701,0.1069254811646652,0.0205122136425944,0.0055972157439632,0.0761387492295707,0.3389999999999999,0.2061855670103092,0.9285714285714286,0.49461520071908377,1.10467738895158,1.5532340913318903,0.38652049022287005,0.4290513990115471,-0.8205675905776343,0.017358041281479334,-0.6574248500823543,-0.4337380807261367,0.00788955883947842,-0.8717272857047261,0.5593486382354844,0.29894179894179895,0.5476190476190477
2025,1,5,5,Ace Bailey,1642846.0,7882.0,2025.0,1.0,2025,G,Big Ten,True,5,1.6094379124341005,2006-08-13,18.86652977412731,0.0,0.1055884526086871,0.0693381758255251,0.0,0.1135122032307133,0.0375467559568132,0.4770569883489448,0.1969574240293163,6,0.4770569883489448,3.0,82.0,0.3150151086877359,0.54,0.2739999999999999,0.0825193443714119,0.1110949224156771,0.0179820179820179,0.0406069340495569,0.1218143004322926,0.243,0.3642384105960264,0.7391304347826086,1.408578071613042,1.5068999924443542,-0.18675032446202378,1.5916279333753287,-0.6246181369981793,-0.7348681473312368,-0.2723995104318894,0.971718965949312,0.7539924640974749,-0.5948768402984393,-0.05306077838810775,-0.04439373324732348,0.21462264150943397,0.3089622641509434
2025,1,6,6,Tre Johnson,1642848.0,435.0,2025.0,1.0,2025,G,SEC,True,6,1.791759469228055,2006-03-07,19.301848049281315,0.0,0.0,0.0,0.0,0.0346584673428584,0.3670273910538216,0.2541612407874677,0.3441529008158522,5,0.3670273910538216,4.5,78.0,0.3500978322530944,0.56,0.294,0.1651862804909574,0.0927299703264094,0.0165010315956145,0.0096092161857096,0.0520412658132364,0.2689999999999999,0.16,0.6818181818181818,0.18996091042109764,2.050309691119016,0.13546901179610882,1.99333041442615,0.5297757931590814,-1.1123446662568934,-0.44200180488341906,-0.4707302399591089,-1.0603603404101114,-0.431627607198587,-1.110954723661333,-0.22704604533526676,0.1746987951807229,0.43373493975903615
2025,1,7,7,Jeremiah Fears,1642847.0,6244.0,2025.0,1.0,2025,G,SEC,True,7,1.9459101490553132,2006-10-14,18.69678302532512,0.1414208960216121,0.0,0.0,0.0,0.209616118899037,0.4363109806475834,0.2126520044317674,0.0,5,0.4363109806475834,3.2,76.0,0.3279967854521786,0.57,0.314,0.2866451080640014,0.1854219948849104,0.0315067994453214,0.0046065545173872,0.0826993738032396,0.518,0.1830985915492957,0.6052631578947368,-0.4193476701748746,1.7079781398041365,0.2965786799251733,2.3950328954769704,2.2258751031852597,0.792863830473228,1.2764560288161153,-0.7035243244331881,-0.2631379676660323,1.1317977405653892,-0.9913109207496853,-0.47102445131843584,0.43614457831325304,0.3228915662650602
2025,1,8,8,Egor Demin,1642856.0,7675.0,2025.0,1.0,2025,,Big 12,True,8,2.0794415416798357,2006-03-03,19.312799452429843,0.1855824461278186,0.1282599307332809,0.0362497461058865,0.0,0.1381414883705347,0.3959915917418661,0.115774796920613,0.0,5,0.3959915917418661,1.9,81.0,0.2344994117164199,0.513,0.253,0.3577873356579786,0.22091646169263,0.0255248012852725,0.0176976540038173,0.0852683004907292,0.268,0.1686746987951807,0.6829268292682927,1.103923781315056,0.2597616239464756,-0.6217464284105028,1.1698403282719694,3.219333426033831,1.5224234670338972,0.5913986760520564,-0.09434250848109173,-0.19633652545460037,-0.43790642385627293,-1.0660223756974523,-0.22351282146813212,0.3079470198675497,0.5033112582781457
2025,1,9,9,Collin Murray-Boyles,1642867.0,3204.0,2025.0,2.0,2024,F,SEC,True,9,2.1972245773362196,2005-06-10,20.041067761806985,0.078292851230123,0.0,0.0377215918379645,0.0323543773959884,0.268196658525122,0.0,0.5834345210108017,0.0,6,0.5834345210108017,4.1,79.0,0.3434117318734301,0.639,0.266,0.2103370729414156,0.156400384985563,0.0298844841217421,0.0470723014256619,0.1625890501602688,0.556,0.4886363636363636,1.0,0.49461520071908377,1.9467461298164523,1.4082353900157307,1.4309469409550026,1.1602793922186296,0.19634845568899364,1.0906687699128597,1.2725786640255294,1.8142843365373102,1.370392773557482,0.5912834511900091,0.7869892045322806,0.6838709677419355,0.10967741935483871
2025,1,10,10,Khaman Maluach,1642863.0,204.0,2025.0,1.0,2025,C,ACC,True,10,2.302585092994046,2006-09-14,18.77891854893908,0.0,0.0,0.3924358156232447,0.3308242732289768,0.0,0.0,0.2767399111477783,0.0,2,0.3924358156232447,3.1,86.0,0.2460570140373973,0.745,0.161,0.0409516138168866,0.121150539315304,0.0051354764071416,0.0680645740831044,0.179450396234818,0.4029999999999999,0.76,1.0,2.627195232804987,0.43878173858904124,3.1159978721838315,-0.677991084561803,-1.2050864365994143,-0.5281831941404593,-1.7435831397137551,2.249434029892865,2.252740692995913,0.4097338249314239,1.996866010507093,0.7869892045322806,0.7692307692307693,0.08791208791208792
2025,1,13,13,Derik Queen,1642852.0,3288.0,2025.0,1.0,2025,C,Big Ten,True,13,2.5649493574615367,2004-12-27,20.49281314168378,0.0868507542807516,0.0,0.0847295133725933,0.0,0.1539389779420513,0.0,0.6191931858890874,0.0552875685155161,6,0.6191931858890874,3.7,82.0,0.3215188735433266,0.6,0.264,0.1160496490881085,0.1465719409573734,0.0210321836635298,0.0378703115707561,0.1686751124386308,0.546,0.3663366336633663,1.0,1.408578071613042,1.6076392892051437,0.7799076843123722,1.3907766928499206,-0.15638764415273165,-0.005667145559689266,0.07690491450481816,0.844372851672259,1.972544102984935,1.3076046069806153,-0.04219260979879224,0.7869892045322806,0.548469387755102,0.08928571428571429
2025,1,14,14,Carter Bryant,1642868.0,271.0,2025.0,1.0,2025,F,Big 12,True,14,2.6390573296152584,2005-11-26,19.578370978781656,0.0276628647085161,0.1133488815972934,0.3117506916451603,0.2552940374426096,0.2035793890114257,0.0,0.0883641355949947,0.0,2,0.3117506916451603,1.4,80.0,0.195431547740028,0.599,0.1639999999999999,0.0832471994859904,0.1548376297288249,0.0281563907988262,0.0580814066804679,0.1192130506918652,0.335,0.6190476190476191,0.9230769230769232,0.7992694910170699,-0.34537543594350045,0.7637967174994655,-0.6177357124041821,-0.614454079084042,0.16422730386791143,0.8927678335614626,1.7848768661805372,0.6863505048859131,-0.017225707791267496,1.2667747904167326,0.5418378254434235,0.23863636363636365,0.5965909090909091
2025,1,18,18,Walter Clayton Jr.,1642383.0,499.0,2025.0,4.0,2022,G,SEC,True,18,2.8903717578961645,2003-03-06,22.305270362765228,0.0602704397426715,0.0,0.0211012043959256,0.1146785551317443,0.0508364461835017,0.4931564469615748,0.0858782102228176,0.174078697361764,5,0.4931564469615748,5.1,75.0,0.3295883872097286,0.607,0.256,0.2310651500948891,0.1379593753669132,0.0212169476134537,0.0164082705887902,0.0601494808582892,0.275,0.1636363636363636,0.5304347826086957,-0.7240019604728607,1.7326310670453482,0.8926844520027186,1.2300957004295925,1.4497344945003705,-0.18269136333620517,0.09806404879984845,-0.154342734668275,-0.8495172434047779,-0.3939547072524664,-1.092119446484555,-0.7095000834710062,0.23622047244094488,0.5846456692913385
2025,1,20,20,Kasparas Jakucionis,1642857.0,5641.0,2025.0,1.0,2025,G,Big Ten,True,20,2.995732273553991,2006-05-29,19.07460643394935,0.2716133303996177,0.0,0.1099173909200138,0.0477433558143825,0.0,0.4287674337939918,0.141958489071994,0.0,5,0.4287674337939918,3.1,78.0,0.272957268279837,0.598,0.243,0.259626824800287,0.2295118674429019,0.0159908771048886,0.0075652976399132,0.0946050023447822,0.496,0.2043010752688172,0.3773584905660377,0.18996091042109764,0.8554500461371473,0.747685750686559,0.9689890877465591,1.8485810643957055,1.6990949783776321,-0.5004246053535762,-0.5658420380687388,0.04645169905420743,0.9936637740962827,-0.8814883898840229,-1.1973493167718685,0.33134328358208953,0.5014925373134328
2025,1,21,21,Will Riley,1642860.0,5645.0,2025.0,1.0,2025,G,Big Ten,True,21,3.044522437723423,2006-02-10,19.370294318959616,0.0,0.1740414676721523,0.0,0.0029688791051461,0.0,0.175875786014691,0.3492214395751009,0.2978924276329096,6,0.3492214395751009,3.0,80.0,0.2855068790531866,0.538,0.238,0.1608289755378514,0.0929121316697637,0.0058146967491308,0.0098490373089915,0.0854937814721238,0.3229999999999999,0.3689320388349514,0.7380952380952381,0.7992694910170699,1.0498357584130327,-0.21897225808783702,0.868563467483854,0.46892865613157925,-1.1086004893356594,-1.665798948382139,-0.4595703929549686,-0.19047319941195334,-0.09257150768350804,-0.02874918645575852,-0.047692871889305745,0.2774566473988439,0.3988439306358382
2025,1,22,22,Drake Powell,1642962.0,242.0,2025.0,1.0,2025,G,ACC,True,22,3.091042453358316,2005-09-08,19.794661190965098,0.042885098244479,0.1764862567678126,0.11753149391931,0.2610087055887137,0.0399147537035059,0.0,0.0560914904882766,0.3060822012879017,7,0.3060822012879017,1.7,78.0,0.1667684167684167,0.586,0.139,0.0702188448057494,0.1031479217603912,0.0156947584206389,0.0280555084825547,0.0756583290172541,0.256,0.4696969696969697,1.0,0.18996091042109764,-0.7893496141551264,0.5543541489316793,-1.1198638137177048,-0.7963871985244052,-0.8982122240636935,-0.534336063784118,0.38765036058734664,-0.4462307544978562,-0.5132522237485128,0.4931830492276223,0.7869892045322806,0.32701421800947866,0.45023696682464454
2025,1,23,23,Asa Newell,1642854.0,20.0,2025.0,1.0,2025,F,SEC,True,23,3.1354942159291497,2005-10-05,19.720739219712527,0.0,0.0,0.0972491946859151,0.1299960275548532,0.0970338267400618,0.0,0.4915263400567725,0.1841946109623972,6,0.4915263400567725,4.7,83.0,0.3150171883820415,0.619,0.236,0.0671531822328257,0.0825156110615521,0.0203869590856757,0.0378288530979538,0.1374697203259194,0.384,0.4417177914110429,0.9615384615384616,1.7132323619110281,1.5069322056234091,1.086016053757598,0.828393219378772,-0.8391973283322363,-1.3222924384924433,0.0030139119640509564,0.8424436212226328,1.1610903514808606,0.2904363084353782,0.34825926522429157,0.6644135149878518,0.5100286532951289,0.25501432664756446
2025,1,24,24,Nique Clifford,1642363.0,6788.0,2025.0,5.0,2021,G,Mountain West,False,24,3.1780538303479458,2002-02-09,23.37303216974675,0.0519158185219938,0.0,0.0593857611066161,0.0949805631115501,0.0856975880610685,0.3350369978915486,0.3729832713072227,0.0,6,0.3729832713072227,5.0,78.0,0.3254189026753282,0.609,0.2769999999999999,0.2682546852386176,0.1426905609426783,0.0204450895839024,0.020004449599536,0.1643747861361363,0.373,0.3604651162790697,0.6666666666666666,0.18996091042109764,1.6680483293269903,0.9249063856285319,1.6518833055329516,1.9690639344255039,-0.08544572649216693,0.009671006159765827,0.013002022166381426,1.860719970211761,0.221369325200825,-0.0726053155787044,-0.2753334381861023,0.28541666666666665,0.3645833333333333
2025,1,25,25,Jase Richardson,1642859.0,2479.0,2025.0,1.0,2025,G,Big Ten,True,25,3.218875824868201,2005-10-16,19.690622861054074,0.0506532326909832,0.0,0.0,0.2679387914041878,0.0805362241656855,0.1997892739734889,0.1772102729594469,0.2238722048062074,3,0.2679387914041878,3.8,75.0,0.2898421588594704,0.632,0.205,0.1461914463772086,0.0798551959114139,0.019938238453276,0.0139603929933954,0.0740697428778368,0.418,0.3870967741935484,0.851063829787234,-0.7240019604728607,1.1169865623924942,1.2954586223253843,0.20575437375000086,0.2645243851046439,-1.3769750886235106,-0.04837349410627102,-0.2682523814734802,-0.487539774995389,0.5039160747967241,0.0653387155077915,0.31233440672193935,0.2787456445993031,0.39372822299651566
2025,1,27,27,Danny Wolf,1642874.0,5608.0,2025.0,3.0,2023,F,Big Ten,True,27,3.295836866004329,2004-05-05,21.13894592744695,0.133685036901823,0.0753755053312694,0.2554225416519324,0.0,0.0,0.1718290635738278,0.3636878525411471,0.0,6,0.3636878525411471,2.0,84.0,0.2545909472123719,0.566,0.242,0.2276915952766844,0.2167943344413933,0.0129781896731935,0.0462661077472442,0.1768592643393165,0.355,0.3098591549295774,0.6486486486486487,2.017886652209014,0.5709670874968369,0.2321348126735468,0.9489039636940181,1.402624835088819,1.4376965242244615,-0.8454370278658768,1.2350632109089539,2.185361834571311,0.10835062536246523,-0.33472907550283465,-0.33275628373844707,0.5027472527472527,0.3076923076923077
2025,1,29,29,Liam McNeeley,1642862.0,7791.0,2025.0,1.0,2025,G,Big East,True,29,3.367295829986474,2005-10-10,19.707049965776864,0.0489872928756698,0.1734442036865845,0.0,0.0,0.0,0.1399697856490027,0.4141273182172888,0.223471399571454,6,0.4141273182172888,3.3,79.0,0.283430247359899,0.536,0.251,0.1309515530654637,0.1202269885543906,0.0108455451795879,0.0078876692215185,0.1147835971217242,0.41,0.3142857142857143,0.8936170212765957,0.49461520071908377,1.017670017329523,-0.2511941917136503,1.1296700801668873,0.05170846182086118,-0.5471660221155165,-1.0896670914813356,-0.5508407843010754,0.571168593259175,0.45368554153523083,-0.3118008205894522,0.4479500632391796,0.3365695792880259,0.47249190938511326
2025,1,30,30,Yanic Konan Niederhauser,1642949.0,4124.0,2025.0,3.0,2023,C,Big Ten,True,30,3.4011973816621555,2003-03-14,22.28336755646817,0.0,0.0,0.4261163258153566,0.0770535838653037,0.0,0.0,0.4968300903193395,0.0,6,0.4968300903193395,2.9,84.0,0.3020698585399088,0.641,0.233,0.0608708458102204,0.1413261099988222,0.0153749972264966,0.1017538702723887,0.1503972515060489,0.56,0.7388059701492538,1.0,2.017886652209014,1.3063860708557533,1.4404573236415439,0.7681378472211495,-0.9269263693961728,-0.11349089590116386,-0.5709550581928368,3.817133263407191,1.4972532055130294,1.3955080401882285,1.8870872681558701,0.7869892045322806,0.740909090909091,0.045454545454545456
2025,2,1,31,Rasheer Fleming,1642853.0,3518.0,2025.0,3.0,2023,F,A-10,False,31,3.4339872044851463,2004-07-10,20.958247775496236,0.0,0.0,0.1690457052482331,0.3152060887530767,0.1835891739076033,0.0,0.3321590320910869,0.0,6,0.3321590320910869,3.8,81.0,0.2848833751667461,0.644,0.212,0.0854226590349883,0.1193528423658385,0.0272110826182662,0.0489195801679739,0.1536725923387875,0.285,0.6341463414634146,0.9830508474576272,1.103923781315056,1.0401780686837303,1.488790224080264,0.34635024211778803,-0.5840750978788579,-0.565133379649741,0.7845113108420794,1.3585400166206891,1.5824239861454434,-0.3311665406756002,1.3449816613888377,0.7329727989703291,0.41812865497076024,0.4473684210526316
2025,2,3,33,Sion James,1642883.0,213.0,2025.0,5.0,2021,F,ACC,True,33,3.49650756146648,2002-12-04,22.55715263518138,0.2453648683439326,0.0,0.0,0.3378984501547917,0.0825072337688961,0.0780239820613745,0.1604692077923361,0.0957362578786687,3,0.3378984501547917,2.9,78.0,0.2058251146221592,0.644,0.162,0.1893391704115858,0.1525974025974026,0.0208031816630778,0.0111306134680422,0.0943396930749618,0.461,0.382716049382716,0.967741935483871,0.18996091042109764,-0.18438551060170638,1.488790224080264,-0.657905960509262,0.8670563412104755,0.11818127363261997,0.050679646624421905,-0.3999334699707162,0.039552692577154734,0.7739051910772502,0.0426478698448065,0.6841837874950178,0.5576036866359447,0.3456221198156682
2025,2,4,34,Ryan Kalkbrenner,1641750.0,7806.0,2025.0,5.0,2021,C,Big East,True,34,3.5263605246161616,2002-01-17,23.43600273785079,0.0,0.0,0.2771828315358879,0.2305040439039699,0.0,0.0,0.4923131245601421,0.0,6,0.4923131245601421,5.9,85.0,0.3320865319894007,0.692,0.236,0.1002920381186597,0.0950782997762863,0.0093280581556177,0.0731429501261085,0.1413200810576088,0.386,0.717741935483871,0.6666666666666666,2.3225409425070005,1.7713257852429891,2.2621166310997802,0.828393219378772,-0.3764331824391115,-1.0640766815803548,-1.263449432378334,2.4857514105049106,1.261213741986203,0.3029939417507515,1.7779818620253385,-0.2753334381861023,0.6390243902439025,0.14878048780487804
2025,2,8,38,Kam Jones,1642880.0,401.0,2025.0,4.0,2022,G,Big East,True,38,3.6375861597263857,2002-02-25,23.329226557152634,0.0,0.0,0.0,0.033362790954421,0.1339377625802904,0.5986102408238193,0.0972131987482823,0.1368760068931869,5,0.5986102408238193,5.2,77.0,0.3347638334338705,0.556,0.288,0.3879258212635655,0.0946611132146914,0.0241573578551087,0.0094732693228187,0.0764069101222218,0.16,0.0954773869346733,0.765625,-0.11469337987688849,1.8127955294175022,0.07102514454448229,1.8728196701109041,3.6401992096272733,-1.0726516089881666,0.4347993005158126,-0.4770563974292828,-0.4267649216784164,-1.116018622886431,-1.4451625815065814,0.04004359637091769,0.45036764705882354,0.37683823529411764
2025,2,10,40,Micah Peavy,1642877.0,8176.0,2025.0,5.0,2021,G,Big East,True,40,3.688879454113936,2001-07-16,23.942505133470227,0.0,0.0450101894123918,0.0584961500301865,0.1159707302864754,0.4231355783132618,0.1494780328927237,0.1582219854354244,0.0496873336295363,4,0.4231355783132618,3.3,80.0,0.2739754125381111,0.556,0.248,0.1987096178838656,0.1435886789841533,0.0370229760233556,0.0156547663583675,0.0899286361228605,0.2,0.2934131736526946,0.6730769230769231,0.7992694910170699,0.8712204712458284,0.07102514454448229,1.0694147080092642,0.9979089915278213,-0.06698564719370591,1.9081675778374418,-0.18940633462733858,-0.07515084003516853,-0.864865956578965,-0.41991434484623813,-0.2549041565953639,0.378021978021978,0.2857142857142857
2025,2,12,42,Maxime Raynaud,1642875.0,907.0,2025.0,4.0,2022,C,ACC,True,42,3.737669618283368,2003-04-07,22.217659137577,0.0,0.1106009967976778,0.011018196870421,0.0,0.0640243011297142,0.0,0.786983789643144,0.0273727155590427,6,0.786983789643144,4.1,85.0,0.3637055785336543,0.563,0.316,0.1216093659823563,0.1179576475874852,0.0154330514229273,0.0464548018005881,0.1882675327311478,0.263,0.4696132596685083,0.9402985074626866,2.3225409425070005,2.261085268225633,0.1838019122348269,2.4352031435820525,-0.0787495491974383,-0.5938104633467809,-0.5643067020650685,1.2438439085267936,2.482018327503055,-0.4693005071447062,0.49274945629077194,0.5967224625528689,0.250936329588015,0.36329588014981273
2025,2,13,43,Jamir Watkins,1642364.0,3104.0,2025.0,5.0,2021,G,ACC,True,43,3.7612001156935624,2001-07-06,23.969883641341543,0.0947070213826867,0.0,0.0,0.0,0.1633059776907723,0.1987460428989839,0.4903181312476995,0.0529228267798575,6,0.4903181312476995,3.4,79.0,0.3558587736097029,0.564,0.31,0.1632523423852628,0.1412614980289093,0.022930373000108,0.0204500987633517,0.1053198052752221,0.59,0.2136752136752136,0.8269230769230769,0.49461520071908377,2.139543111119744,0.19991287904773353,2.3146923992668067,0.5027695133172204,-0.11481894191865936,0.2942852157302197,0.033739880523671585,0.3250755664655902,1.5838725399188274,-0.832933153710084,0.2353986015823509,0.30402010050251255,0.4020100502512563
2025,2,14,44,Brooks Barnhizer,1642964.0,5461.0,2025.0,4.0,2022,F,Big Ten,True,44,3.784189633918261,2002-03-02,23.315537303216978,0.0004793292272482,0.0428941983166901,0.0321855025022309,0.0,0.5128564791708464,0.0799298685548587,0.3316546222281254,0.0,4,0.5128564791708464,2.6,78.0,0.2856063036418209,0.505,0.278,0.2409951541189988,0.1402315312089748,0.0382245549977179,0.0373470399610393,0.1436627570384029,0.357,0.2325581395348837,0.8823529411764706,0.18996091042109764,1.051375783823259,-0.7506341629137558,1.6719684295854949,1.5884010147557295,-0.13598906465614305,2.045772185744386,0.8200229069045272,1.3221318424961308,0.12090825867783854,-0.7351252395293376,0.4120518012199101,0.3225806451612903,0.25806451612903225
2025,2,18,48,Javon Small,1642914.0,3320.0,2025.0,4.0,2022,G,Big 12,True,48,3.871201010907891,2002-12-19,22.5160848733744,0.080284247558637,0.0,0.0105850298196192,0.1318077087553788,0.0923692706510456,0.6281346732468777,0.0568190699684416,0.0,5,0.6281346732468777,4.6,75.0,0.3296146044624746,0.582,0.281,0.3513028230334548,0.145475219048893,0.0271447321322037,0.0109374378554667,0.0659142456824814,0.379,0.2886597938144329,0.425,-0.7240019604728607,1.7330371560819713,0.48991028168005285,1.732223801743118,3.1287811161846637,-0.028209364359411182,0.7769128651186837,-0.4089227126686565,-0.6996123799685646,0.2590422251469449,-0.4445354322107845,-1.0455173541569298,0.24121779859484777,0.5362997658079626
2025,2,19,49,Tyrese Proctor,1642878.0,207.0,2025.0,3.0,2023,G,ACC,True,49,3.8918202981106265,2004-04-01,21.232032854209447,0.0106244252502455,0.0951631115131576,0.0,0.2204107022111739,0.0382294064545903,0.1912591367353937,0.1137400594168986,0.3305731584185401,7,0.3305731584185401,3.5,78.0,0.251037429639673,0.59,0.2019999999999999,0.1318105005535808,0.0933940774487471,0.0165384220785882,0.0038820455393803,0.0583927350844644,0.205,0.3421052631578947,0.8202247191011236,0.18996091042109764,0.5159252972031622,0.6187980161833059,0.14549900159237614,0.06370314570720115,-1.0986944893593305,-0.43771985350208975,-0.7372386580041261,-0.8951990263306326,-0.833471873290532,-0.16770386925582864,0.21405115003247865,0.2136986301369863,0.6027397260273972
2025,2,20,50,Kobe Sanders,1642920.0,7060.0,2025.0,5.0,2021,G,Mountain West,False,50,3.912023005428146,2002-05-30,23.071868583162217,0.0971773917533239,0.0,0.0,0.0379851634904314,0.0964701083481147,0.3615659535990253,0.3007452992372467,0.1060560835718577,5,0.3615659535990253,4.3,81.0,0.3116342125164421,0.58,0.27,0.2998205769142296,0.1190848039981258,0.0220056093957378,0.0119806867726011,0.0772454448600743,0.455,0.1893939393939394,0.7317073170731707,1.103923781315056,1.454532000937925,0.4576883480542396,1.5112874371651668,2.4098625833270737,-0.5706426883313485,0.18838145417887525,-0.3603761203454705,-0.4049599670622644,0.7362322911311302,-0.9587028998157083,-0.06805097131422268,0.24468085106382978,0.3191489361702128
2025,2,24,54,Taelon Peter,1643007.0,1101.0,2025.0,5.0,2021,G,CUSA,False,54,3.9889840465642745,2002-02-27,23.32375085557837,0.0,0.0,0.0,0.5359033797206703,0.0122929562173266,0.2007090591931064,0.2510946048688968,0.0,3,0.5359033797206703,4.4,76.0,0.376209833851534,0.731,0.241,0.0961565880950615,0.0602202339986235,0.0250662616815135,0.0053907735280406,0.1060359196309764,0.304,0.6395348837209303,0.9178082191780822,-0.4193476701748746,2.4547684525366003,2.8904443368031387,0.9288188396414772,-0.43418224911320247,-1.7805556172331833,0.5388868031486965,-0.6670314415008417,0.34369714565882353,-0.21186902417955375,1.3728927003135873,0.5250466350948712,0.3786764705882353,0.5919117647058824
2025,2,26,56,Will Richard,1642954.0,498.0,2025.0,4.0,2022,G,SEC,True,56,4.02535169073515,2002-12-24,22.50239561943874,0.0579779747681817,0.0,0.0366268539256374,0.3730139584688202,0.2813981407471019,0.066792998981399,0.0507008877011124,0.133489185407747,3,0.3730139584688202,3.7,76.0,0.2468150229471735,0.629,0.183,0.0986328027377267,0.1280356847844044,0.0306100265228923,0.0107243471553669,0.0768626190937456,0.253,0.4536082474226804,0.7692307692307693,-0.4193476701748746,0.4505228279741574,1.2471257218866645,-0.23611835540590106,-0.39960340432421093,-0.3866646793444639,1.1737577551234426,-0.4188386849507294,-0.41491483009163505,-0.5320886737215728,0.4098482747770994,0.05153506726570803,0.30939226519337015,0.5966850828729282
2025,2,29,59,Jahmai Mashack,1642942.0,306.0,2025.0,4.0,2022,G,SEC,True,59,4.07753744390572,2002-11-10,22.622861054072555,0.1825579206013687,0.0718213036420921,0.1297340466459132,0.2127206966003205,0.3452941098096566,0.0,0.0,0.0578719227006488,4,0.3452941098096566,1.6,76.0,0.1367769638797676,0.571,0.1159999999999999,0.0939482330488717,0.1492410028995394,0.0383773270791335,0.023715538358323,0.0885101704233095,0.509,0.3396226415094339,0.9444444444444444,-0.4193476701748746,-1.2538986776471304,0.3126896467380799,-1.5818216669261504,-0.4650205961068188,0.0491932322854866,2.063267617015126,0.18569399441674042,-0.11203611002707015,1.0752883906462092,-0.1805631076461318,0.6099354307458834,0.4140127388535032,0.3375796178343949
2024,1,3,3,Reed  Sheppard,1642263.0,15341.0,2024.0,1.0,2024,SG,SEC,True,3,1.0986122886681098,2004-06-24,20.005475701574262,0.1321952348776529,0.0,0.0,0.2586727156038726,0.4950336027261301,0.1140984467923442,0.0,0.0,4,0.4950336027261301,3.5,74.0,0.2354669127113552,0.705,0.18,0.241160028805429,0.1845637583892617,0.0470366320276195,0.0251382583743025,0.0773769569581087,0.247,0.0909090909090909,0.7733333333333333,-1.001983872064026,0.35777611496053346,2.5705168425682805,-0.28989258107331095,1.6565313012475318,0.7345725111464904,3.259286343814271,0.23646896357640032,-0.4120508666114681,-0.5677126481733716,-1.3935539177375411,0.08654475074413523,0.22433460076045628,0.5475285171102662
2024,1,4,4,Stephon Castle,1642264.0,15259.0,2024.0,1.0,2024,PG,Big East,True,4,1.3862943611198906,2004-11-01,19.64955509924709,0.0771304146113396,0.1654651984497162,0.0114596246165605,0.1691075672578545,0.0641075586957201,0.1949973148640427,0.258818553359793,0.058913768144973,6,0.258818553359793,3.1,78.0,0.25172602593379,0.557,0.221,0.1844150642891404,0.1309707241910631,0.017938977577939,0.0205631445617622,0.1007725898555592,0.379,0.4188034188034188,0.85,0.1933515753123544,0.6128219077620122,0.169865054029801,0.5328320256019757,0.8578678553560711,-0.337290274952426,-0.17822866874336568,0.028713904665604674,0.19915204487037105,0.24665767945531675,0.2588801895586881,0.32260690871192893,0.5137931034482759,0.25862068965517243
2024,1,7,7,Donovan Clingan,1642270.0,15258.0,2024.0,2.0,2023,C,Big East,True,7,1.9459101490553132,2004-02-23,20.33949349760438,0.0,0.0,0.3352399241087238,0.0119214638438461,0.0,0.0,0.6528386120474301,0.0,6,0.6528386120474301,4.3,86.0,0.352262609840127,0.646,0.248,0.1341284026382803,0.0736531986531986,0.0138667539758583,0.1139157718704208,0.1895978394664804,0.478,0.7065217391304348,1.0,2.584022470065115,2.18987179954598,1.6135002511914547,1.0746262787783838,0.15010252641793445,-1.4836430339342315,-0.6593097053902096,4.267839176878074,2.5196813254102586,0.8574354251768329,1.7088460027994834,0.7844676525619602,0.7731958762886598,0.027491408934707903
2024,1,8,8,Rob Dillingham,1642265.0,15342.0,2024.0,1.0,2024,PG,SEC,True,8,2.0794415416798357,2005-01-04,19.474332648870636,0.0218883292568193,0.0,0.0,0.1801819615251226,0.0970307247936903,0.5812068412156235,0.119692143208744,0.0,5,0.5812068412156235,3.5,75.0,0.3574001850872554,0.6,0.303,0.2981091301998919,0.1364256480218281,0.0242977881318914,0.0028058715226109,0.0686484960678509,0.271,0.2685185185185185,0.765625,-0.7031500102199308,2.270461493095387,0.8673517223213856,2.1782812389525485,2.458067894808499,-0.22819158437301315,0.5729833156803937,-0.7776405287983317,-0.6400789234828124,-0.41964531587724635,-0.4984854429520838,0.06281024029628646,0.3149171270718232,0.39779005524861877
2024,1,9,9,Zach Edey,1641744.0,15234.0,2024.0,4.0,2021,C,Big Ten,True,9,2.1972245773362196,2002-05-14,22.119096509240247,0.0,0.0,0.0031270244304059,0.0,0.0,0.0,0.996872975569594,0.0,6,0.996872975569594,8.0,88.0,0.4674321416149788,0.673,0.331,0.1455549160536807,0.1096437795429072,0.0052169152718758,0.069287330316742,0.2200872389200203,0.809,0.7370030581039755,1.0,3.181690193753305,3.9964589200269263,2.0514569963977998,2.7401419459503056,0.3109262868460355,-0.7638300044443254,-1.6811773082432784,2.241270028222633,3.3162064631152153,2.8995307164275594,1.8624575990436452,0.7844676525619602,0.5210727969348659,0.0038314176245210726
2024,1,10,10,Cody Williams,1642262.0,16241.0,2024.0,1.0,2024,SG,Pac-12,True,10,2.302585092994046,2004-11-20,19.59753593429158,0.1970869961706128,0.0,0.0209523523626215,0.187652842272273,0.0,0.0800681335841988,0.2753039738652068,0.2389357017450869,6,0.2753039738652068,2.3,79.0,0.2483093049929585,0.628,0.213,0.103647078141249,0.1739886907351022,0.0129825018453388,0.0244900048631907,0.0641975308641975,0.397,0.3777777777777777,0.8823529411764706,0.49218543715644947,0.5592261003391711,1.321529087720558,0.372300395031188,-0.2789103360563524,0.5230707432664973,-0.7637727637031532,0.2070318933944493,-0.7563588678340409,0.3577081786774107,0.05213014011498889,0.42222393189526897,0.4587628865979381,0.211340206185567
2024,1,13,13,Devin Carter,1642269.0,16022.0,2024.0,3.0,2022,PG,Big East,True,13,2.5649493574615367,2002-03-18,22.275154004106778,0.033665296781993,0.0,0.0152571581530219,0.0598448668106936,0.2880130650538347,0.301248381499498,0.3019712317009585,0.0,6,0.3019712317009585,4.4,74.0,0.3306122302261715,0.604,0.28,0.2334858279052691,0.1418914610037625,0.0293901095674171,0.0282090961875356,0.1397956659854611,0.369,0.2164179104477611,0.7261904761904762,-1.001983872064026,1.8502568305404716,0.9322342030926959,1.716752801061535,1.5485198893516674,-0.11887511034309652,1.1745758396984545,0.37591513189795017,1.2186165684470176,0.18496295766526455,-0.7610481482598079,-0.058611483037303166,0.3852813852813853,0.48268398268398266
2024,1,14,14,Bub Carrington,1642267.0,16084.0,2024.0,1.0,2024,PG,ACC,True,14,2.6390573296152584,2005-07-21,18.93223819301848,0.0250621539431308,0.0528429524220663,0.15723738389116,0.0,0.0,0.5247512671525781,0.0,0.2401062425910647,5,0.5247512671525781,3.0,76.0,0.2498617690571902,0.534,0.23,0.2400638672588028,0.1303674733154078,0.0104299050496044,0.0085188083348795,0.0885756206709411,0.241,0.0,0.0,-0.40431614837583574,0.5835785617951524,-0.20320921040523354,0.7134301099941119,1.6411032511016745,-0.34935531612746423,-1.065329365851883,-0.5182171411804609,-0.11948960545682454,-0.604729481247403,-1.8516932318457373,-2.2946039731049144,,
2024,1,15,15,Kel'el Ware,1642276.0,17268.0,2024.0,2.0,2023,C,Big Ten,True,15,2.70805020110221,2004-04-20,20.18343600273785,0.0,0.0476202362914632,0.2483618423083542,0.1794688431728402,0.0,0.0,0.5245490782273422,0.0,6,0.5245490782273422,3.8,84.0,0.290040943874209,0.629,0.2289999999999999,0.0992784761255321,0.1100805696083942,0.0109268809549431,0.0648311863265134,0.1764819866147952,0.417,0.6823529411764706,0.9411764705882352,1.9863547463769249,1.2138423009747232,1.3377497079133858,0.6933636561727613,-0.34039672113637676,-0.7550941860019175,-1.0066180309422073,2.038917366597611,2.1770341534078734,0.4810976222575148,1.5870465611075473,0.6033457922286143,0.4620253164556962,0.12658227848101267
2024,1,16,16,Jared McCain,1642272.0,15225.0,2024.0,1.0,2024,PG,ACC,True,16,2.772588722239781,2004-02-20,20.347707049965777,0.019940131175693,0.0,0.0,0.1792761993691634,0.153869596156996,0.1547380051394532,0.1546416614637854,0.3375344066949087,7,0.3375344066949087,4.0,75.0,0.2721472630845121,0.616,0.212,0.1100783768835408,0.1012320151632635,0.0200277357788252,0.0018874676083032,0.0933746755584693,0.23,0.2386363636363636,0.8275862068965517,-0.7031500102199308,0.9331561441892663,1.126881645406627,0.35223394120983953,-0.18839229170015628,-0.9320656219805235,0.06853134710485441,-0.8193450780486506,0.005884062888690768,-0.6725936752164602,-0.6490775323117225,0.2535932343435335,0.22691292875989447,0.554089709762533
2024,1,17,17,Dalton Knecht,1642261.0,15275.0,2024.0,3.0,2022,SF,SEC,True,17,2.833213344056216,2001-04-19,23.18685831622177,0.0,0.0,0.0,0.0289043103564424,0.0,0.2795452421052102,0.5056893236365553,0.1858611239017918,6,0.5056893236365553,4.9,78.0,0.4097042119431405,0.584,0.326,0.1341514277237684,0.0837176108915239,0.0131262736587409,0.0244169998938391,0.0866029855887219,0.357,0.4327485380116959,0.8494623655913979,0.1933515753123544,3.0909196456201027,0.6078217992361441,2.6398096768435635,0.15042659559789828,-1.2823543944008873,-0.7467879662581557,0.20371675144828635,-0.17102402262042182,0.1109292915172019,0.32915707040029607,0.32095149385942,0.35008665511265163,0.4055459272097054
2024,1,18,18,Tristan da Silva,1641783.0,16242.0,2024.0,4.0,2021,SF,Pac-12,True,18,2.8903717578961645,2001-05-15,23.11567419575633,0.0245915500361612,0.0888018900270196,0.0,0.3229598150985379,0.0870488841185316,0.114081909420511,0.2763334723809421,0.0861824789182963,3,0.3229598150985379,4.1,80.0,0.2757857356976503,0.611,0.225,0.1335215421798026,0.1204771685890346,0.0197095940645067,0.0169812020096464,0.0895488914520056,0.258,0.5263157894736842,0.9375,0.7910192990005446,0.9902304212121885,1.045778544442489,0.6130978408873696,0.14156119999232827,-0.5471617985925676,0.030946980262437706,-0.1339414338508182,-0.09406323902107608,-0.49984845420431423,0.8006922708859249,0.5920256759577806,0.32,0.405
2024,1,19,19,Ja'Kobe Walter,1642266.0,17223.0,2024.0,1.0,2024,SG,Big 12,True,19,2.9444389791664403,2004-09-04,19.808350444900753,0.0434488022557239,0.0449472117507627,0.0,0.0,0.2097044721637607,0.0125818418662095,0.3471861918532492,0.3421314801102939,6,0.3471861918532492,3.8,77.0,0.2728542270920615,0.548,0.233,0.0805400576959686,0.0920629945937475,0.0199580244007689,0.0078961299990129,0.0868692426836227,0.478,0.2753623188405797,0.8933333333333333,-0.10548228653174067,0.9442458139222224,0.023879472294352704,0.7736294714581574,-0.6041327188779094,-1.115446393016809,0.060295841077073906,-0.5464928474581618,-0.16406814703802627,0.8574354251768329,-0.4639958891122154,0.45603334582416016,0.1566579634464752,0.5744125326370757
2024,1,20,20,Jaylon Tyson,1642281.0,16921.0,2024.0,3.0,2022,SG,Pac-12,True,20,2.995732273553991,2002-12-02,21.56605065023956,0.0212951977076892,0.0327426060982888,0.0,0.0384211603478393,0.1271089077447068,0.4202108671055218,0.3311850155528646,0.0290362454430891,5,0.4202108671055218,3.5,78.0,0.3656407921902949,0.563,0.299,0.2350563870372699,0.1510669100522439,0.0222551281609789,0.0148436880332679,0.1097789456672033,0.298,0.24375,0.5476190476190477,0.1933515753123544,2.3997263640023787,0.26718877518676476,2.098015423667155,1.570624902175845,0.06463423052464845,0.3316692149955747,-0.2310055420415153,0.4344400115625702,-0.25306956704410577,-0.6233071958931362,-0.6084457019063877,0.44988344988344986,0.2727272727272727
2024,1,21,21,Yves Missi,1642274.0,17225.0,2024.0,1.0,2024,C,Big 12,True,21,3.044522437723423,2004-05-14,20.11772758384668,0.0,0.0,0.5961531721210603,0.0460092376412572,0.0,0.0912641400581187,0.2665734501795634,0.0,2,0.5961531721210603,2.8,83.0,0.2839039333708282,0.632,0.216,0.0334938660641734,0.1190040278286341,0.0156227467192231,0.0728963947620147,0.1550169813205474,0.605,0.6428571428571429,0.0,1.6875208845328298,1.1175751375782583,1.3864115684918685,0.43249975649523337,-1.2662896846106828,-0.5766246715830993,-0.45186166425351076,2.405156966813166,1.616268228060882,1.6409583919104953,1.3880062036336505,-2.2946039731049144,0.7268722466960352,0.0
2024,1,24,24,Kyshawn George,1642273.0,15296.0,2024.0,1.0,2024,SG,ACC,True,24,3.1780538303479458,2003-12-12,20.539356605065024,0.1607306178966293,0.0223118809131862,0.0965300889337909,0.114760442742645,0.1891008671480048,0.0805409347973036,0.0450239619502866,0.2910012056181534,7,0.2910012056181534,1.4,80.0,0.1903040685762336,0.585,0.176,0.1625133076115762,0.1920922042580438,0.0218111111879464,0.0183902452986804,0.0730534453175699,0.142,0.1785714285714285,0.8301886792452831,0.7910192990005446,-0.3506630987917886,0.6240424194289718,-0.37015839635870484,0.5496090942785375,0.8851417238181418,0.27921429931606095,-0.06995704274807958,-0.5250011301972378,-1.2155072269689193,-0.9517767219903522,0.2616064331090948,0.2,0.6842105263157895
2024,1,26,26,Dillon Jones,1641794.0,17403.0,2024.0,4.0,2021,SF,Big Sky,False,26,3.258096538021482,2001-10-29,22.65845311430527,0.0584710006546493,0.0,0.0,0.0,0.2829200491057803,0.3081717937743755,0.3504371564651949,0.0,6,0.3504371564651949,5.4,77.0,0.3384320569414503,0.605,0.297,0.3034289298532948,0.1500638569604087,0.0322370523314406,0.00305055406575,0.1671492732861942,0.477,0.0718232044198895,0.7941176470588235,-0.10548228653174067,1.9729212020153264,0.9484548232855236,2.0578825160244576,2.5329420190388414,0.04457312934415663,1.5109056462176382,-0.766529540471665,1.9332202081528211,0.8512659529978277,-1.489737862135947,0.15054114139525057,0.4636363636363636,0.23863636363636365
2024,1,27,27,Terrence Shannon Jr.,1630545.0,15420.0,2024.0,5.0,2020,SG,Big Ten,True,27,3.295836866004329,2000-07-30,23.906913073237508,0.0356268001000831,0.0,0.0,0.0627902212023515,0.0,0.3055295348045559,0.4367978415978614,0.1592556022951479,6,0.4367978415978614,6.7,78.0,0.3918970087088224,0.632,0.289,0.1289600753739253,0.0990037745189035,0.0175448960302457,0.0227076124567474,0.0639886242445787,0.599,0.2816901408450704,0.6103896103896104,0.1933515753123544,2.8115900041851067,1.3864115684918685,1.89735088545367,0.07736031752537818,-0.9766305222683079,-0.22478435379730466,0.1260937889941184,-0.7618164818553633,1.6039415588364638,-0.43210662474991823,-0.4151706431524066,0.37093275488069416,0.46203904555314534
2024,1,28,28,Ryan Dunn,1642346.0,16137.0,2024.0,2.0,2023,SF,ACC,True,28,3.332204510175204,2003-01-07,21.46748802190281,0.0,0.0535903964861255,0.4789294988152613,0.1285003323701155,0.2385000936262898,0.0,0.1004796787022077,0.0,2,0.4789294988152613,1.9,80.0,0.1946894664533889,0.571,0.168,0.0597904074444492,0.1037498147324737,0.0309632698850725,0.1039968174763766,0.1512055262724427,0.37,0.6542056074766355,1.0,0.7910192990005446,-0.28187230663556684,0.39695373672938544,-0.5306900269294921,-0.8961760272522431,-0.8817095318380658,1.3604245725732018,3.817421320863263,1.516695267902253,0.19113242984426979,1.4451971594001605,0.7844676525619602,0.6298076923076923,0.16826923076923078
2024,1,29,29,Isaiah Collier,1642268.0,15390.0,2024.0,1.0,2024,PG,Pac-12,True,29,3.367295829986474,2004-10-08,19.71526351813826,0.1638447077511714,0.0,0.0,0.0275954052267624,0.1754467595398502,0.4819625113700757,0.1511506161121402,0.0,5,0.4819625113700757,2.6,75.0,0.3188405797101449,0.575,0.298,0.3114842903575299,0.1887032482401832,0.0289855072463768,0.0082440230832646,0.0562283737024221,0.497,0.2440944881889764,0.7037037037037037,-0.7031500102199308,1.6656028523456916,0.4618362175006958,2.077948969845806,2.6463181050590143,0.817362470532407,1.1267772600879606,-0.5306950878449995,-0.9645503743721802,0.9746553965779321,-0.62157113648436,-0.12784986615415075,0.49201277955271566,0.25559105431309903
2024,1,30,30,Baylor Scheierman,1631248.0,17212.0,2024.0,5.0,2020,SG,Big East,True,30,3.4011973816621555,2000-09-26,23.74811772758385,0.0294494870371401,0.0525147710085522,0.0,0.163897527118665,0.0246677149902458,0.2830116667287012,0.3128774986324035,0.1335813344842921,6,0.3128774986324035,4.6,78.0,0.2987328600515324,0.6,0.254,0.1991566290505388,0.1264755480607082,0.0147689204279384,0.0033237781467261,0.1398211501818811,0.231,0.3119266055045872,0.8272727272727273,0.1933515753123544,1.3501865543224758,0.8673517223213856,1.1950250017064747,1.0653496823433977,-0.4271939738784607,-0.5527302995410466,-0.7541224862726089,1.219282334366536,-0.666424203037455,-0.2797289797680731,0.25262800812859093,0.2167689161554192,0.591002044989775
2024,2,1,31,Jonathan Mogbo,1642367.0,17024.0,2024.0,2.0,2023,C,WCC,False,31,3.4339872044851463,2001-10-29,22.65845311430527,0.0,0.0,0.3647820651964291,0.0784594967985592,0.1654999708455268,0.2683993046195912,0.1228591625398936,0.0,2,0.3647820651964291,4.6,78.0,0.2926017319226601,0.654,0.226,0.2437792382975059,0.1396128071481757,0.0326314786585365,0.0347448661652391,0.2193312172847756,0.321,0.5631067961165048,0.0,0.1933515753123544,1.2540116637855174,1.7432652127340753,0.633164294708718,1.6933956626280608,-0.1644482768328264,1.5575020625399518,0.6727032190103164,3.2964556563458385,-0.11117170692698568,0.9861017429215362,-2.2946039731049144,0.72,0.006153846153846154
2024,2,2,32,Kyle Filipowski,1642271.0,15223.0,2024.0,2.0,2023,PF,ACC,True,32,3.4657359027997265,2003-11-07,20.635181382614647,0.0,0.0289189639734597,0.1319294982312774,0.0241616576037636,0.2114087336697743,0.0338121455773614,0.5697690009443633,0.0,6,0.5697690009443633,4.0,83.0,0.3249186787006918,0.58,0.2769999999999999,0.1840067469140535,0.1298080207692833,0.0224377062917927,0.0529163179062123,0.1596294952989426,0.3829999999999999,0.5,0.8717948717948718,1.6875208845328298,1.760945910393341,0.5429393184648338,1.6565534395974872,0.8521209461001732,-0.36054438899393926,0.35323848157417487,1.4978654295312408,1.7367685789256389,0.27133556817133697,0.6680729957493419,0.38971488004056604,0.5219399538106235,0.2586605080831409
2024,2,5,35,Johnny  Furphy,1642277.0,15216.0,2024.0,1.0,2024,SG,Big 12,True,35,3.5553480614894135,2004-12-08,19.548254620123203,0.0328591368740989,0.1595944541496623,0.0567488250296264,0.4531864602897242,0.053198432932301,0.0,0.244412690724587,0.0,3,0.4531864602897242,2.2,81.0,0.2164383998978386,0.617,0.175,0.07125569476082,0.1038421599169262,0.0211432920722669,0.0156606902593948,0.1176113925565439,0.3929999999999999,0.7115384615384616,0.9772727272727272,1.0898531608446396,0.059288610140164524,1.1431022655994545,-0.3902248501800533,-0.7348065391525568,-0.8798626245268651,0.20032002830905699,-0.1939056244058051,0.6390600089687328,0.33303028996138917,1.734127938193414,0.7144887519786218,0.2766990291262136,0.6067961165048543
2024,2,8,38,Ajay Mitchell,1642349.0,17774.0,2024.0,3.0,2022,PG,Big West,False,38,3.6375861597263857,2002-06-25,22.0041067761807,0.076812607569931,0.0,0.0,0.0,0.0615726487631976,0.492524424016883,0.306240672834829,0.0628496468151594,5,0.492524424016883,5.1,77.0,0.3729274236939053,0.62,0.312,0.2811933945470977,0.1366523858767912,0.0218715455823594,0.0121811851628735,0.0771508876176649,0.473,0.0679012345679012,0.8181818181818182,-0.10548228653174067,2.5140268601774247,1.1917641261779373,2.3588793233446848,2.2199854527554845,-0.22365681838017792,0.2863538486027149,-0.351909297303905,-0.41795685084714496,0.8265880642818068,-1.5095027564933192,0.2246364478952559,0.42118863049095606,0.21705426356589147
2024,2,9,39,Jaylen Wells,1642377.0,17178.0,2024.0,2.0,2023,SG,Pac-12,True,39,3.6635616461296463,2003-08-26,20.83504449007529,0.0,0.0291702575957412,0.0,0.0590894091336914,0.0324531518224214,0.0124558847993633,0.3422451793269735,0.5245861173218088,7,0.5245861173218088,3.9,80.0,0.2605179463880054,0.59,0.201,0.0793491281243216,0.0597899552875116,0.0103763718282154,0.0062443627280926,0.0918376236802256,0.304,0.2463768115942029,0.8857142857142857,0.7910192990005446,0.750734861058804,0.7051455203931096,0.1315029491750069,-0.6208945923518563,-1.7609084450202872,-1.0716536299781716,-0.6214992889889426,-0.03427089197827298,-0.21605273397007443,-0.6100692936104808,0.4325737524857458,0.13166144200626959,0.5266457680250783
2024,2,10,40,Osasere Ighodaro,1642345.0,15250.0,2024.0,4.0,2021,PF,Big East,True,40,3.688879454113936,2002-07-14,21.95208761122519,0.0,0.0231905929408899,0.5242611200040669,0.1337908332951377,0.0,0.2712075517397437,0.0475499020201617,0.0,2,0.5242611200040669,3.4,84.0,0.239281210592686,0.597,0.206,0.1607142857142857,0.1366820433965487,0.0188034188034188,0.0473516750889013,0.1240225495544644,0.429,0.625,0.0,1.9863547463769249,0.4176084449170461,0.8186898617429028,0.2318352182817487,0.5242885563246934,-0.22306366682174034,-0.0761060150016598,1.2451760443712079,0.8065492938396366,0.5551312884055775,1.2980145526481117,-2.2946039731049144,0.5264797507788161,0.006230529595015576
2024,2,11,41,Adem Bona,1641737.0,17199.0,2024.0,2.0,2023,C,Pac-12,True,41,3.713572066704308,2003-03-28,21.248459958932237,0.0,0.0,0.5631413709149283,0.0,0.089840624134641,0.1975544976222032,0.1494635073282274,0.0,2,0.5631413709149283,2.3,82.0,0.3016648898007898,0.629,0.249,0.1162490978451386,0.2014148162703871,0.0272766265447819,0.0874847450189916,0.1342328078749914,0.569,0.4729729729729729,0.0,1.3886870226887347,1.396179336443277,1.3377497079133858,1.0946927325997324,-0.1015417789042643,1.0715943297354493,0.9248949029872835,3.067611211938649,1.0732888020137379,1.4188573934663073,0.5318694158793373,-2.2946039731049144,0.5793650793650794,0.007936507936507936
2024,2,12,42,KJ Simpson,1642354.0,16243.0,2024.0,3.0,2022,PG,Pac-12,True,42,3.737669618283368,2002-08-08,21.883641341546884,0.0351236190841454,0.0,0.0,0.2228367070054137,0.1616708802391302,0.4850666947980997,0.0953020988732109,0.0,5,0.4850666947980997,5.8,72.0,0.3286907034855663,0.613,0.267,0.2710511791344833,0.1200284511884298,0.0270052041466987,0.0015919446535683,0.0996904068937967,0.363,0.3109756097560975,0.7341772151898734,-1.599651595752216,1.8201151306677708,1.0782197848281443,1.4558889013840048,2.077237690386421,-0.5561361642051698,0.892829824691406,-0.8327647199168278,0.17088038494629348,0.14794612459123324,-0.2845215537073347,-0.034019741602651955,0.392578125,0.35546875
2024,2,14,44,Pelle Larsson,1641796.0,15286.0,2024.0,4.0,2021,SG,Pac-12,True,44,3.784189633918261,2001-02-23,23.33744010951403,0.1877416806422792,0.0536042078831818,0.0,0.4179838708720785,0.0,0.2362610028351535,0.0935175782872487,0.010891659480058,3,0.4179838708720785,3.3,77.0,0.2334551931008623,0.629,0.188,0.2013177797718241,0.1570293737299094,0.0172994637548275,0.0077568633680141,0.0731337874063132,0.369,0.5042735042735043,0.9565217391304348,-0.10548228653174067,0.3262196200931209,1.3377497079133858,-0.1293609505025232,1.0957670435465594,0.1838837379498309,-0.25377903214071673,-0.552816919014187,-0.5229022205943354,0.18496295766526455,0.6896094592330605,0.6505949731851396,0.42038216560509556,0.34394904458598724
2024,2,15,45,Jamal Shead,1642347.0,15267.0,2024.0,4.0,2021,PG,Big 12,True,45,3.80666248977032,2002-07-24,21.924709103353862,0.0311428926038286,0.0,0.0,0.0,0.5535882295218644,0.4152688778743068,0.0,0.0,4,0.5535882295218644,3.5,73.0,0.2612099194047451,0.499,0.251,0.4038413826844464,0.1354377347587402,0.0437171413229698,0.0198378781315005,0.0680362612029046,0.24,0.0820895522388059,0.6046511627906976,-1.3008177339081208,0.7615893771838338,-0.7709309171541991,1.1348256402424293,3.9462084872119108,-0.24794988838471346,2.8671310533934595,-0.00422030771006063,-0.656073350032677,-0.6108989534264082,-1.4380002691062472,-0.432839734329595,0.24480369515011546,0.3210161662817552
2024,2,17,47,Antonio  Reeves,1641810.0,15339.0,2024.0,5.0,2020,SG,SEC,True,47,3.8501476017100584,2000-11-20,23.59753593429158,0.0,0.0,0.0,0.216966977714173,0.0,0.1981467052332933,0.3059627032577962,0.2789236137947374,6,0.3059627032577962,5.5,77.0,0.3512381861499866,0.646,0.258,0.0921372153063572,0.0718597298074159,0.0115993290793244,0.0080368370079788,0.0716442150513372,0.285,0.423841059602649,0.8690476190476191,-0.10548228653174067,2.173802352913678,1.6135002511914547,1.2752908169918686,-0.44090720735255423,-1.5195124811969667,-0.9271769018737327,-0.5401033686091884,-0.5618167891471445,-0.3332727053711736,0.2842675438639987,0.3812558920579648,0.27233115468409586,0.4095860566448802
2024,2,22,52,Quinten Post,1642366.0,16665.0,2024.0,5.0,2020,C,ACC,True,52,3.951243718581427,2000-03-21,24.265571526351813,0.0176224571463159,0.0,0.1407613883363975,0.0051328861626398,0.1113236457702763,0.0502779200576712,0.5574893559892846,0.1173923465374142,6,0.5574893559892846,4.0,84.0,0.3169394249868393,0.612,0.268,0.1870982226959176,0.1503181150807523,0.0159801390749666,0.0599888771330132,0.1471133558778537,0.285,0.378698224852071,1.0,1.9863547463769249,1.6357807146306595,1.0619991646353166,1.4759553552053533,0.8956322729972911,0.049658301724057614,-0.4096403370889388,1.8190290156231597,1.4097887152812665,-0.3332727053711736,0.056768763019174724,0.7844676525619602,0.44028103044496486,0.2716627634660422
2023,1,2,2,Brandon Miller,1641706.0,20033.0,2023.0,1.0,2023,SF,SEC,True,2,0.6931471805599453,2002-11-22,20.580424366872005,0.0179298219421332,0.0,0.0057810647657539,0.0,0.0990578185720861,0.1179737776845531,0.4683903026634447,0.2908672143720286,6,0.4683903026634447,4.3,79.0,0.3206493533833761,0.589,0.262,0.1289614868004973,0.1205715986900863,0.015180803275617,0.0239036571803974,0.1255138901947638,0.3289999999999999,0.1982758620689655,0.8301886792452831,0.5398581764453716,1.7633695067729658,0.7128743627092813,1.384600238079465,0.06637073883081367,-0.735524038343274,-0.5041585787996716,0.24322625911319445,0.8314720917459564,0.04627050514274372,-0.8508002730174551,0.31004897579438595,0.27906976744186046,0.5348837209302325
2023,1,6,6,Anthony Black,1641710.0,19922.0,2023.0,1.0,2023,SG,SEC,True,6,1.791759469228055,2004-01-20,19.419575633127995,0.250308004301515,0.0,0.091067425445002,0.0483414821971395,0.3810621970289494,0.0367491495005331,0.1924717415268607,0.0,4,0.3810621970289494,2.0,79.0,0.2116868194302194,0.557,0.209,0.2058469027237118,0.2089723926380368,0.034135761559806,0.0182643207442236,0.0852177542226516,0.578,0.2892561983471074,0.7142857142857143,0.5398581764453716,0.005748539404800378,0.19748153627247617,0.29256414526135666,1.1474590017364454,1.040278952785559,1.7553377080633514,-0.02851360151872313,-0.20783547215993084,1.6722509231242428,-0.39567845555877845,-0.03465396064554955,0.44376899696048633,0.2826747720364742
2023,1,8,8,Jarace Walker,1641716.0,19862.0,2023.0,1.0,2023,PF,American,False,8,2.0794415416798357,2003-09-04,19.797399041752225,0.0,0.1688295997712874,0.153017026829253,0.0832582200553181,0.1950746605217752,0.0,0.3532140916625069,0.0466064011598592,6,0.3532140916625069,2.6,79.0,0.2525954699939378,0.538,0.223,0.1247552229902348,0.1237739374124241,0.0218465386099612,0.0626002841287866,0.1394116719788691,0.235,0.5447154471544715,1.0,0.5398581764453716,0.665625832717746,-0.10853295442437794,0.5810265094019892,0.00722633047512578,-0.6711951739997768,0.290420022289915,2.1078811051033957,1.1899201012456868,-0.5675534277498697,0.8822358978064837,0.8150788594156866,0.29705882352941176,0.29705882352941176
2023,1,9,9,Taylor Hendricks,1641707.0,21469.0,2023.0,1.0,2023,PF,American,False,9,2.1972245773362196,2003-11-22,19.581108829568787,0.0,0.0241812170672549,0.217291310287031,0.1012440186930133,0.0873363051480509,0.0,0.3575454621506554,0.2124016866539944,6,0.3575454621506554,4.0,81.0,0.2767603371242735,0.594,0.212,0.0861564322617372,0.0997091815538014,0.0167125848913904,0.0614017091466576,0.1206659318520248,0.286,0.5126050420168067,0.864406779661017,1.1494829509688735,1.0554174023613354,0.7934044918400324,0.3543775090057779,-0.5355124856952117,-1.15461012454523,-0.3215649364801298,2.0501259769448033,0.7064347983787633,-0.23452129394643031,0.7216061777655444,0.4118158261662864,0.34864864864864864,0.4
2023,1,10,10,Cason Wallace,1641717.0,19871.0,2023.0,1.0,2023,PG,SEC,True,10,2.302585092994046,2003-11-07,19.62217659137577,0.10838649967606,0.0,0.0102569180027935,0.0687511791951588,0.4849536825741549,0.1569014760014053,0.0,0.1707502445504271,4,0.4849536825741549,2.8,75.0,0.2202952020026602,0.547,0.2,0.2442823354188408,0.1634943875061005,0.0369121575329284,0.0161006750531204,0.0673014127393404,0.2239999999999999,0.0947368421052631,0.8181818181818182,-0.6793913726016324,0.14460611875361792,0.03642127801097401,0.10712405402809345,1.6879008354374092,0.12671275120352868,2.0862936668197603,-0.13277210519405036,-0.6699291387589548,-0.6393838879819848,-1.368745895901372,0.27433979210399095,0.22115384615384615,0.40705128205128205
2023,1,12,12,Dereck Lively II,1641726.0,19901.0,2023.0,1.0,2023,C,ACC,True,12,2.4849066497880004,2004-02-12,19.356605065023956,0.0,0.0,0.714196904601961,0.2496034059883579,0.0,0.0,0.036199689409681,0.0,2,0.714196904601961,1.7,85.0,0.1669920344737529,0.668,0.1159999999999999,0.0982929945673655,0.148005148005148,0.015965813076823,0.1265107836856715,0.1519314285714285,0.299,0.7432432432432432,1.0,2.3687325000158777,-0.7152010229949544,1.9852504029751483,-1.6236501308157025,-0.3648598995956412,-0.18443646598899463,-0.41058270781210165,5.187504113779109,1.5128264398066025,-0.14963075003574958,1.875355236206808,0.8150788594156866,0.8125,0.09821428571428571
2023,1,13,13,Gradey Dick,1641711.0,19891.0,2023.0,1.0,2023,SG,Big 12,True,13,2.5649493574615367,2003-11-20,19.586584531143053,0.0,0.1047572297587353,0.0,0.3533240653306741,0.2036196438888199,0.0536792198077708,0.1761928397805981,0.1084270014334016,3,0.3533240653306741,3.2,78.0,0.2498385726423109,0.585,0.205,0.0938456659482619,0.0941107579053036,0.0255020591052497,0.008146591197811,0.0894115106028885,0.226,0.5494505494505495,0.7951807228915663,0.23504578918362054,0.621155679406294,0.6484502594046804,0.21014632693546165,-0.4273939278461864,-1.2670717554493864,0.726170650796742,-0.5160515322613358,-0.09967118737155183,-0.6263238043034178,0.9059228663427993,0.20593304262480042,0.2544529262086514,0.5241730279898219
2023,1,14,14,Jordan Hawkins,1641722.0,21138.0,2023.0,2.0,2022,SG,Big East,True,14,2.6390573296152584,2002-04-29,21.14715947980835,0.0,0.0,0.0,0.0647925231902897,0.0608651887873295,0.1311580809212915,0.3772501710819276,0.3659340360191616,6,0.3772501710819276,4.5,77.0,0.3360741490069947,0.59,0.255,0.0822773730491105,0.0897601608502082,0.0146348222172188,0.0182927732436715,0.0742907175381199,0.317,0.352112676056338,0.8952380952380953,-0.06976659807813046,2.0121792877302984,0.7289803885354315,1.2403690560091487,-0.5900560598637492,-1.3544669350467955,-0.5692414007005406,-0.027142575277939337,-0.48966278893220005,-0.03208999692865316,-0.08124397944716666,0.5035101587265668,0.18969555035128804,0.6346604215456675
2023,1,16,16,Keyonte George,1641718.0,19880.0,2023.0,1.0,2023,SG,Big 12,True,16,2.772588722239781,2003-11-08,19.61943874058864,0.035338356562425,0.1191995118110709,0.0,0.0308960897997393,0.1496618430717738,0.380663760750194,0.2842404380047966,0.0,5,0.380663760750194,2.5,76.0,0.3200038918077447,0.529,0.308,0.2003386960203218,0.1657940663176265,0.0234200019476093,0.0073322053017484,0.0883038326144082,0.364,0.3461538461538461,0.6363636363636364,-0.37457898533988143,1.7529578840086866,-0.2534871868597299,2.3324051488272564,1.0700079332185854,0.1729089031809411,0.4779822693615179,-0.5552939346966833,-0.12824013285546518,0.27482196951765375,-0.1110525469474913,-0.26639927520770496,0.16262135922330098,0.5533980582524272
2023,1,18,18,Jaime Jaquez Jr,1631170.0,19911.0,2023.0,4.0,2020,SF,Pac-12,True,18,2.8903717578961645,2001-02-18,22.338124572210816,0.0,0.0399072915544224,0.0,0.0860459313777935,0.31836908461834,0.0584750479668215,0.4440797171906724,0.05312292729195,6,0.4440797171906724,4.1,78.0,0.322859350348673,0.547,0.2789999999999999,0.1457753343515114,0.1000896325067224,0.027959744066923,0.0217156424655524,0.1457930103476356,0.249,0.4429824561403508,0.8787878787878788,0.23504578918362054,1.7990178793199534,0.03642127801097401,1.7348759659645165,0.3027907805698034,-1.1469675920519957,1.019135159709008,0.13779349758141887,1.3545059374432762,-0.4761328419999059,0.37332478953904086,0.45458614787455603,0.4227941176470588,0.19301470588235295
2023,1,19,19,Brandin Podziemski,1641764.0,22098.0,2023.0,2.0,2022,SG,WCC,False,19,2.9444389791664403,2003-02-25,20.320328542094455,0.0,0.0,0.0279456739875221,0.1586019086791466,0.2636712527888196,0.2804904277304495,0.2577470349002629,0.0115437019137992,5,0.2804904277304495,5.0,76.0,0.3245404007045354,0.608,0.256,0.2048948076786852,0.1224092829834328,0.0290733659771126,0.01390625,0.1370845655541473,0.313,0.2592592592592592,0.5822784810126582,-0.37457898533988143,1.8261340746347174,1.0188888534061353,1.2609735105906223,1.1340715632217493,-0.698608473231985,1.1518827254549888,-0.2385137584632272,1.1298999715017035,-0.058210164285785695,-0.5457357316071048,-0.4272520357371334,0.28314606741573034,0.39775280898876403
2023,1,20,20,Cam Whitmore,1641715.0,19981.0,2023.0,1.0,2023,SF,Big East,True,20,2.995732273553991,2004-07-08,18.954140999315538,0.0,0.0,0.0771319435028897,0.1457151730839742,0.3831633865674477,0.0,0.2984721409721276,0.0955173558735608,4,0.3831633865674477,2.0,79.0,0.2857830953894765,0.576,0.256,0.0636837103772403,0.1291671792348382,0.0324355046914436,0.0158372878209516,0.1204257767548906,0.251,0.4235294117647059,0.5405405405405406,0.5398581764453716,1.2009590719156873,0.5034960269693285,1.2609735105906223,-0.8515021382599524,-0.5628552538202916,1.552661235597426,-0.1454638129103463,0.7002407799464536,-0.46307275832133965,0.2760124990647434,-0.5513833782503553,0.4470588235294118,0.4235294117647059
2023,1,21,21,Noah Clowney,1641730.0,20032.0,2023.0,1.0,2023,PF,SEC,True,21,3.044522437723423,2004-07-14,18.937713894592743,0.0386044959859963,0.1963184582361341,0.1764613513231748,0.2128530354619806,0.0,0.0,0.3386955820373459,0.0370670769553681,6,0.3386955820373459,2.0,81.0,0.2145081994338649,0.583,0.18,0.0584418357596237,0.1322447102115915,0.0127785098589165,0.033594903311591,0.1551375455571216,0.439,0.5977011494252874,1.0,1.1494829509688735,0.051258830616020525,0.61623820775238,-0.3049650376013816,-0.925208302903554,-0.5010335385421691,-0.7905202248454941,0.7102134486249706,1.59551778361942,0.7645751074638885,1.147292613392747,0.8150788594156866,0.432,0.48
2023,1,23,23,Kris Murray,1631200.0,20842.0,2023.0,3.0,2021,PF,Big Ten,True,23,3.1354942159291497,2000-08-19,22.83915126625599,0.0,0.0033187499299296,0.0,0.0573916316353019,0.1274227589602627,0.0409947195877758,0.5408244742000202,0.2300476656867095,6,0.5408244742000202,5.0,80.0,0.3387208439899359,0.577,0.272,0.117358368168494,0.079721698796927,0.0173330852026088,0.0335209640803557,0.12938401326834,0.259,0.4304635761589404,0.9090909090909092,0.8446705637071226,2.0548718209109733,0.5196020527954787,1.5906447838942026,-0.09678107891688638,-1.556120451315507,-0.24759916308326652,0.7066505761809313,0.931289309615137,-0.41083242360707456,0.3107000989436136,0.5447093257598389,0.40131578947368424,0.43201754385964913
2023,1,24,24,Olivier-Maxence Prosper,1641765.0,21752.0,2023.0,3.0,2021,PF,Big East,True,24,3.1780538303479458,2002-07-03,20.969199178644764,0.1065534624631921,0.0758764079041233,0.0,0.387753597829361,0.0342113873322173,0.0,0.3392654795725886,0.0563396648985175,3,0.387753597829361,2.9,79.0,0.2558844664107822,0.626,0.203,0.0396147062813729,0.1221180148495506,0.0186963759764374,0.0054110348048135,0.0969106950244765,0.515,0.6415094339622641,1.0,0.5398581764453716,0.7186790139729629,1.3087973182768393,0.1689374177725147,-1.189937165441918,-0.7044594933446899,-0.08509020921499176,-0.647868408483789,0.09374584640745792,1.2608582872494063,1.3664400346251944,0.8150788594156866,0.49645390070921985,0.4078014184397163
2023,1,25,25,Marcus Sasser,1631204.0,19863.0,2023.0,4.0,2020,PG,American,False,25,3.218875824868201,2000-09-21,22.748802190280628,0.0,0.0,0.0,0.1501036118600005,0.2832149398733392,0.3513010558061847,0.1062625238364413,0.1091178686240341,5,0.3513010558061847,5.2,74.0,0.3388228302122077,0.603,0.262,0.195830204198405,0.1022531572904707,0.0324813536823615,0.0073259045800928,0.0520744579199331,0.348,0.202127659574468,0.7083333333333334,-0.9842037598633835,2.0565169104306853,0.9383587242753844,1.384600238079465,1.0066138872405024,-1.1035065142632179,1.5581265931667867,-0.5555975443933119,-1.06265883696167,0.17034130008912363,-0.8315319656787378,-0.05235672773015857,0.1935483870967742,0.576036866359447
2023,1,26,26,Ben Sheppard,1641767.0,21037.0,2023.0,4.0,2020,SF,MVC,False,26,3.258096538021482,2001-07-16,21.932922655715263,0.0,0.0,0.0,0.1079266839369584,0.202312609981988,0.2304458287102864,0.3118048005127974,0.1475100768579696,6,0.3118048005127974,3.9,78.0,0.3352552675766906,0.587,0.278,0.1700332214612907,0.1199616122840691,0.0244746319318918,0.0047080291970802,0.0905807460728581,0.292,0.3059701492537313,0.8333333333333334,0.23504578918362054,1.9989703147055917,0.6806623110569808,1.7142715113830451,0.6438816977791615,-0.7477774993810906,0.6036977944380572,-0.6817437851404293,-0.06951456717433349,-0.1953410429107315,-0.31206825994153814,0.31940138104663224,0.3135011441647597,0.41647597254004576
2023,1,27,27,Nick Smith Jr,1641733.0,19925.0,2023.0,1.0,2023,PG,SEC,True,27,3.295836866004329,2004-04-18,19.17590691307324,0.0,0.1815163593155591,0.0,0.0,0.1028812543972843,0.32619190533991,0.1260385589825805,0.2633719219646661,5,0.32619190533991,1.1,74.0,0.2806331786949101,0.475,0.289,0.1347003195134652,0.1075697211155378,0.0184896775868183,0.0047537273169897,0.0375353227239919,0.248,0.25,0.9166666666666666,-0.9842037598633835,1.1178883022283694,-1.1232125814718414,1.9409205117792552,0.14706464695722102,-0.9967069084967769,-0.10972936889251521,-0.6795417528843481,-1.4376484685295612,-0.48266288383918904,-0.5920544316118174,0.5672401202311592,0.16831683168316833,0.35148514851485146
2023,1,28,28,Brice Sensabaugh,1641729.0,20824.0,2023.0,1.0,2023,SF,Big Ten,True,28,3.332204510175204,2003-10-30,19.644079397672822,0.0,0.0,0.0,0.0,0.0027049638296577,0.2865695214712795,0.5265210511513398,0.184204463547723,6,0.5265210511513398,3.6,77.0,0.4122376046151534,0.593,0.3379999999999999,0.109960473334893,0.1288461538461538,0.0137696208959693,0.0175395788778688,0.1280035205199537,0.244,0.2554744525547445,0.8833333333333333,-0.06976659807813046,3.240734476999885,0.7772984660138822,2.950538786271467,-0.2008031119485296,-0.5693040403073191,-0.6723763769659801,-0.06343637230680384,0.8956839960856197,-0.5087830511963216,-0.564668922849907,0.46810462455734836,0.21951219512195122,0.36097560975609755
2023,1,29,29,Julian Strawther,1631124.0,19852.0,2023.0,3.0,2021,SF,WCC,False,29,3.367295829986474,2002-04-18,21.177275838466805,0.0184046694672759,0.0225991438524314,0.0261555545061544,0.1588218321438468,0.0886158681664406,0.0259796985334477,0.3705917691271871,0.2888314642032158,6,0.3705917691271871,3.6,78.0,0.2791701359885284,0.608,0.222,0.0669033315128345,0.1077005923532579,0.015285711819091,0.0150526748590553,0.1167641985074769,0.331,0.4090909090909091,0.825,0.23504578918362054,1.0942886809310433,1.0188888534061353,0.5604220548205154,-0.8062309437310712,-0.994077955463471,-0.49165311923147853,-0.18327156198310013,0.6058022965394089,0.05933058882131071,0.20378505028734095,0.2946175071281793,0.22962962962962963,0.48641975308641977
2023,1,30,30,Kobe Brown,1641738.0,21564.0,2023.0,4.0,2020,PF,SEC,True,30,3.4011973816621555,2000-01-01,23.471594798083505,0.016342065408989,0.0,0.0,0.3093108351672779,0.2307596309204135,0.0914169351147085,0.3521705333886109,0.0,6,0.3521705333886109,4.6,79.0,0.308642879462542,0.663,0.237,0.1687889400511127,0.1212121212121212,0.0286491731970526,0.0189099973534944,0.1281024550446861,0.356,0.4545454545454545,0.8627450980392157,0.5398581764453716,1.5696989895611575,1.9047202738443973,0.8694888735426212,0.6263858175508675,-0.7226571650979422,1.1013174856327963,0.002599291603074888,0.8982356898747454,0.2225816348033887,0.4311677594013857,0.4068738772294066,0.4657142857142857,0.32
2023,2,5,35,Julian Phillips,1641763.0,19933.0,2023.0,1.0,2023,SF,SEC,True,35,3.5553480614894135,2003-11-05,19.627652292950035,0.1580828685559293,0.1931956380012459,0.0801675783643556,0.1066257034678,0.0306360738930134,0.0,0.3744554006187904,0.056836737098865,6,0.3744554006187904,1.9,80.0,0.2127799736495389,0.545,0.1889999999999999,0.1136229604875172,0.1439000421170854,0.0159508999288004,0.0289234790594718,0.1113062500962856,0.615,0.4925373134328358,1.0,0.8446705637071226,0.023381671700245712,0.004209226358673579,-0.11952494636812011,-0.14930476435944962,-0.26690019724478325,-0.41236040640037114,0.4851138842363798,0.46503229638145344,1.9138624711777188,0.6212189789593938,0.8150788594156866,0.46596858638743455,0.24083769633507854
2023,2,6,36,Andre Jackson Jr,1641748.0,21141.0,2023.0,3.0,2021,SG,Big East,True,36,3.58351893845611,2001-11-13,21.60438056125941,0.1814957710655225,0.2715094967704412,0.1147804146765509,0.1886697643566547,0.1198339078192196,0.1237106453116107,0.0,0.0,1,0.2715094967704412,1.7,78.0,0.1399034128361381,0.513,0.145,0.2664823002140834,0.2326953329837441,0.0227699382921198,0.0179755256304877,0.1227423754396698,0.225,0.5873015873015873,0.8333333333333334,0.23504578918362054,-1.1521542365448805,-0.5111836000781333,-1.0261209479529623,2.0000552419509146,1.516827482984077,0.4004924435448967,-0.04242962600954388,0.7599898967672752,-0.6328538461427009,1.0952696399884387,0.31940138104663224,0.34782608695652173,0.42028985507246375
2023,2,15,45,Gregory Jackson II,1641713.0,22294.0,2023.0,1.0,2023,PF,SEC,True,45,3.80666248977032,2004-12-17,18.510609171800137,0.0,0.1058151711070047,0.1786880623404388,0.0,0.0,0.3670591105874456,0.2053076674505566,0.1431299885145541,5,0.3670591105874456,0.8,81.0,0.3009081237211757,0.478,0.308,0.0661002011253982,0.1429616330873063,0.0147264769311154,0.0279054714538585,0.1092024990129774,0.2689999999999999,0.0,0.0,1.1494829509688735,1.4449334543328642,-1.0748945039933908,2.3324051488272564,-0.8175237854880483,-0.28575104108409544,-0.5583158432491373,0.4360596651801957,0.41077289009568485,-0.34553200521424393,-1.842659331739066,-2.15898601079864,,
2023,2,21,51,Jalen Wilson,1630592.0,19890.0,2023.0,4.0,2020,PF,Big 12,True,51,3.9318256327243257,2000-11-04,22.628336755646817,0.0,0.0793039524487445,0.0,0.0,0.0780868782681107,0.183168699010463,0.4863947344320714,0.1730457358406103,6,0.4863947344320714,3.5,78.0,0.3294108405341712,0.546,0.297,0.1248642897941565,0.1125160737248178,0.0154169647905294,0.0142275589837655,0.1327168949701329,0.346,0.3257142857142857,0.8,0.23504578918362054,1.9046967406658972,0.020315252184823794,2.105756148431045,0.008759922251622577,-0.8973441384756262,-0.47600731314958494,-0.22303100451576813,1.0172501363473607,0.15728121641055737,-0.21329980471613655,0.22026588537282138,0.31523642732049034,0.36427320490367776
2023,2,22,52,Toumani Camara,1641739.0,20066.0,2023.0,4.0,2020,PF,A-10,False,52,3.951243718581427,2000-05-08,23.121149897330596,0.0462225155070853,0.0,0.0682390274663248,0.1613846666032741,0.2436315188791639,0.0,0.4805222715441519,0.0,6,0.4805222715441519,3.2,79.0,0.2951539447489705,0.616,0.247,0.1334268735556289,0.1558658236740428,0.0260321941420776,0.0316032295271049,0.1737273880075567,0.408,0.5374149659863946,0.9655172413793104,0.5398581764453716,1.352115627465101,1.1477370600153372,1.0755334193573587,0.1291586831026929,-0.026530515807868752,0.7893645723706976,0.6142416684792016,2.074982213755529,0.5621438104461113,0.8457158277181489,0.7125248983738134,0.4876543209876543,0.24691358024691357
2023,2,27,57,Trayce Jackson-Davis,1631218.0,19957.0,2023.0,4.0,2020,PF,Big Ten,True,57,4.04305126783455,2000-02-22,23.329226557152634,0.0,0.0,0.3537215970465433,0.0,0.0,0.2817062290223565,0.3645721739311001,0.0,6,0.3645721739311001,5.6,81.0,0.368454631564939,0.616,0.293,0.2478550544680781,0.129724535554132,0.0148868388336347,0.090109182269279,0.1794036240174189,0.466,0.5059288537549407,0.0,1.1494829509688735,2.534492903360869,1.1477370600153372,2.02333833010515,1.7381369508880586,-0.5516590306335493,-0.5392001523642417,3.4334385055955123,2.221382231455677,0.940886237124533,0.6882090827476979,-2.15898601079864,0.7178899082568807,0.0
2022,1,1,1,Paolo Banchero,1631094.0,27623.0,2022.0,1.0,2022,PF,ACC,True,1,0.0,2002-11-12,19.61122518822724,0.0269271335139811,0.0598919574071498,0.0209164092066166,0.0077157995930385,0.1453506602593163,0.0797185517897638,0.5395188096343803,0.1199606785957531,6,0.5395188096343803,3.8,82.0,0.3096604664686236,0.563,0.2739999999999999,0.1754987280276153,0.1337753736985982,0.0189354927241553,0.0267788902113032,0.1320790230993929,0.366,0.3432835820895522,0.8863636363636364,1.4751825342179743,1.5212479501876044,0.3898342960939617,1.585004530042798,0.7147160436919568,-0.5018539155084377,-0.09810383766311584,0.3631882548988434,1.0113894982315927,0.3918984551961845,-0.0913142273628362,0.4633801034038845,0.3671875,0.25390625
2022,1,3,3,Jabari Smith Jr.,1631095.0,25841.0,2022.0,1.0,2022,PF,SEC,True,3,1.0986122886681098,2003-05-13,19.1129363449692,0.0,0.0,0.2916490572138094,0.0,0.0375533690373246,0.3674494967007849,0.2244491028222024,0.0788989742258788,5,0.3674494967007849,3.7,82.0,0.3316037275382779,0.577,0.276,0.1401195137028641,0.112067738722072,0.0213444762702596,0.038313811534123,0.1358742155467671,0.384,0.0,0.0,1.4751825342179743,1.8607337707513232,0.6166690792215916,1.6253571912751978,0.2112963584692771,-0.9309043967024737,0.18286891530339883,0.8971396987558062,1.1095184275478367,0.5179944199206187,-1.8138034226165982,-2.250427531201614,,
2022,1,4,4,Keegan Murray,1631099.0,27700.0,2022.0,2.0,2021,PF,Big Ten,True,4,1.3862943611198906,2000-08-19,21.842573579739906,0.0,0.0,0.0,0.1030651170648448,0.1245773186345527,0.0268265099329553,0.6993951896266689,0.0461358647409781,6,0.6993951896266689,7.2,80.0,0.4248252795100127,0.645,0.297,0.1005218068328165,0.0576411469110257,0.0232846443391015,0.0639299960059961,0.1492919210083142,0.3429999999999999,0.4315352697095436,0.8636363636363636,0.8730215301138241,3.302971319896354,1.7184380258415088,2.049060134215372,-0.3521493117787859,-2.0066436668501644,0.4091611888234076,2.0829127354391037,1.4564481522139219,0.23077583360385162,0.35150502272495265,0.3937952922601538,0.5,0.3007246376811594
2022,1,5,5,Jaden Ivey,1631093.0,25745.0,2022.0,2.0,2021,PG,Big Ten,True,5,1.6094379124341005,2002-02-13,20.355920602327178,0.1072383485196806,0.0,0.0047000339814423,0.0009134781729159,0.040077326034879,0.3489502394925304,0.36111692330389,0.1370036504946615,6,0.36111692330389,4.0,76.0,0.3344557386076821,0.586,0.286,0.1916785069473988,0.1501405571173013,0.0176374566883981,0.0199798998198467,0.0927156611664019,0.469,0.2014388489208633,0.609375,-0.33130047809447644,1.904857445672753,0.7624914398036395,1.8271204974371849,0.9449421627912606,-0.17839676192095677,-0.24950078639123738,0.048463027505584115,-0.006394083058125659,1.11344758667489,-0.8030465473284975,-0.3846847824103338,0.3673469387755102,0.40589569160997735
2022,1,6,6,Bennedict Mathurin,1631097.0,27794.0,2022.0,2.0,2021,SF,Pac-12,True,6,1.791759469228055,2002-06-19,20.01095140314853,0.0004268068738119,0.1223316418493441,0.0,0.2710426723668472,0.0009719707958114,0.2536968927875512,0.2929682809328248,0.0585617343938092,6,0.2929682809328248,4.2,77.0,0.3048066346311807,0.582,0.25,0.1377598242150807,0.1050420168067226,0.01670885934,0.007917248283312,0.0928243250528636,0.368,0.5333333333333333,0.7710843373493976,-0.030219976042401325,1.446153957595437,0.6976815017671738,1.1007725952540286,0.17771974683909394,-1.069767491266934,-0.3578081070446944,-0.5099170450081307,-0.003584457200758008,0.40590911794334383,0.8622957329080876,0.11042582037363598,0.35684647302904565,0.46265560165975106
2022,1,9,9,Jeremy Sochan,1631110.0,28229.0,2022.0,1.0,2022,PF,Big 12,True,9,2.1972245773362196,2003-05-20,19.09377138945927,0.0599190397978776,0.1139549365114334,0.1675660242296392,0.1478579856339949,0.250303785049062,0.0,0.2603982287779928,0.0,6,0.2603982287779928,1.8,80.0,0.2161023560617881,0.553,0.1939999999999999,0.1234133540013733,0.1579301075268817,0.0296076727436519,0.0316126749575311,0.1467409895637642,0.427,0.5394736842105263,0.9583333333333334,0.8730215301138241,0.07380348051489456,0.2278094510027992,-0.029101919253106494,-0.026419764365043803,-0.024436629685008475,1.1466501188682099,0.5869441239082044,1.3904909774767031,0.8192236689845442,0.8931060850276153,0.683732005359032,0.32701421800947866,0.38388625592417064
2022,1,10,10,Johnny Davis,1631098.0,26998.0,2022.0,2.0,2021,SG,Big Ten,True,10,2.302585092994046,2002-02-27,20.317590691307323,0.0,0.0084019140670079,0.0,0.0,0.1699106283291228,0.2681816143891295,0.4584508764541077,0.0950549667606319,6,0.4584508764541077,3.2,76.0,0.3610217688296958,0.529,0.324,0.1482855756874292,0.1093586347113548,0.0211963728866631,0.0230390616818515,0.1375749693664766,0.3979999999999999,0.1976047904191616,0.6486486486486487,-0.33130047809447644,2.3158624708790163,-0.16105017721599504,2.59382106085274,0.32749329591518983,-0.9844497221448729,0.16559481831753126,0.1900716130776537,1.1534933125300393,0.6160690591507333,-0.8222846486759403,-0.2644394077481098,0.2765957446808511,0.251063829787234
2022,1,12,12,Jalen Williams,1631114.0,27556.0,2022.0,3.0,2020,SG,WCC,False,12,2.4849066497880004,2001-04-14,21.190965092402465,0.0513730983713607,0.0,0.0,0.1982976111118138,0.0685728869187244,0.3706193184379021,0.2027406163195781,0.1083964688406209,5,0.3706193184379021,4.4,77.0,0.3257455042112451,0.607,0.249,0.2262487146729816,0.123647050390653,0.0213062032284,0.0146773746884519,0.0723515661524076,0.33,0.2822085889570552,0.7073170731707317,-0.030219976042401325,1.7701007628811498,1.1027436144950846,1.0805962646378298,1.436850290867475,-0.7020397945165279,0.17840492386058257,-0.19699083132524103,-0.5329304492442731,0.13970652574731665,-0.3977693602607446,-0.08481243316745772,0.43686868686868685,0.255050505050505
2022,1,13,13,Jalen Duren,1631105.0,25774.0,2022.0,1.0,2022,C,American,False,13,2.5649493574615367,2003-11-18,18.595482546201232,0.0,0.0,0.6795286519630396,0.0,0.0,0.1299200495360437,0.1905512985009166,0.0,2,0.6795286519630396,2.2,82.0,0.2689987250104096,0.616,0.228,0.1049156099562421,0.1874495328180874,0.0186855362271141,0.0990531395736483,0.1801581936064429,0.441,0.6808510638297872,0.0,1.4751825342179743,0.8921671303097661,1.2485659750771323,0.656893321697655,-0.2896287887105874,0.5590135545224831,-0.12725761300089533,3.7087628557725405,2.2545300213252744,0.9172983082146596,1.6024933716702348,-2.250427531201614,0.6398305084745762,0.00423728813559322
2022,1,14,14,Ochai Agbaji,1630534.0,26293.0,2022.0,4.0,2019,SF,Big 12,True,14,2.6390573296152584,2000-04-20,22.17385352498289,0.0,0.0583408684314736,0.0,0.2281476984071906,0.0222696691244169,0.1664709840912589,0.3212209908318502,0.2035497891138098,6,0.3212209908318502,4.1,77.0,0.3116392178572134,0.6,0.253,0.0872837519547969,0.1159621963239983,0.0153320439719012,0.016523344979819,0.081979420821853,0.28,0.4903225806451612,0.8543689320388349,-0.030219976042401325,1.5518613597767554,0.9893262229312695,1.1613015871026249,-0.5405169040740977,-0.8539306079915838,-0.5183935144987708,-0.1115408768082067,-0.2839915394457092,-0.21056004293166666,0.6464812848819029,0.3654209032500887,0.3001841620626151,0.46593001841620624
2022,1,15,15,Mark Williams,1631109.0,27625.0,2022.0,2.0,2021,C,ACC,True,15,2.70805020110221,2001-12-16,20.517453798767967,0.0,0.0,0.6652554360874103,0.1430734168455212,0.0,0.0,0.1916711470670683,0.0,2,0.6652554360874103,3.8,84.0,0.2819339665711627,0.733,0.186,0.0712510129936352,0.1075011944577162,0.0122392949902653,0.1141281576672376,0.1757390643719588,0.291,0.774869109947644,0.0,2.0773435383221246,1.0922892125063377,3.1442566626437527,-0.1905125641826948,-0.7686507548430457,-1.0211619496848416,-0.8791175206921281,4.406585359452533,2.140268511190244,-0.13350139782229065,2.07424639758288,-2.250427531201614,0.8120300751879699,0.0037593984962406013
2022,1,16,16,AJ Griffin,1631100.0,19902.0,2022.0,1.0,2022,SF,ACC,True,16,2.772588722239781,2003-08-25,18.82819986310746,0.0,0.0,0.0477018546046304,0.2124361691901138,0.0172942515867229,0.0420796308585038,0.2273856712558714,0.4531024225041574,7,0.4531024225041574,3.0,78.0,0.2570677666040042,0.634,0.1889999999999999,0.0696174377224199,0.07260687732342,0.0127043399730083,0.0225082698115921,0.0908308148159461,0.179,0.3225806451612903,0.8571428571428571,0.2708605260096738,0.7075823873286285,1.540210696241228,-0.1299835723341006,-0.7918953057613918,-1.7108466423561801,-0.8248768143718748,0.16550126035649093,-0.055128885537990786,-0.9180985116632133,-0.1951950624202157,0.37391391764765913,0.16901408450704225,0.5985915492957746
2022,1,17,17,Tari Eason,1631106.0,27062.0,2022.0,2.0,2021,SF,SEC,True,17,2.833213344056216,2001-05-10,21.11978097193703,0.0,0.0,0.0124949448310606,0.0,0.3879138414831513,0.0,0.599591213685788,0.0,6,0.599591213685788,3.9,80.0,0.4095522803114572,0.624,0.318,0.1008759990539388,0.1401905054539867,0.0469706904605784,0.0617467880903316,0.1519253405933563,0.515,0.44375,0.8518518518518519,0.8730215301138241,3.0666816157848253,1.3781858511500638,2.472763077155547,-0.3471094221184615,-0.3750591094621353,3.171792588446532,1.9818520531696182,1.5245381497315442,1.435692829859555,0.41279470287855047,0.35771427907451564,0.5882352941176471,0.21288515406162464
2022,1,19,19,Jake LaRavia,1631222.0,27912.0,2022.0,3.0,2020,PF,ACC,True,19,2.9444389791664403,2001-11-03,20.635181382614647,0.2191364465814364,0.0,0.0300366228795452,0.2079286339262205,0.2041799729599021,0.0091672653734326,0.329551058279463,0.0,6,0.329551058279463,3.7,79.0,0.2596457658476517,0.658,0.204,0.1999339862386697,0.1955700096686297,0.0296529841495117,0.0299327632670188,0.1108294078104268,0.529,0.416,0.9230769230769232,0.571941028061749,0.7474668049575395,1.9290703244600222,0.17266138690888339,1.0624114414480919,0.7195144337761542,1.1519350326924656,0.5091810211008452,0.4619570186926349,1.5337674690896705,0.27355391869265666,0.5757863367899116,0.5036231884057971,0.2536231884057971
2022,1,20,20,Malaki Branham,1631103.0,25813.0,2022.0,1.0,2022,SG,Big Ten,True,20,2.995732273553991,2003-05-12,19.11567419575633,0.0754493826203061,0.0,0.0,0.046189620564922,0.0485484439944785,0.2119313025513763,0.2456295765990492,0.3722516736698678,7,0.3722516736698678,3.4,76.0,0.2874102942166153,0.602,0.241,0.1448390560198732,0.1294219154443485,0.0150613418452504,0.0102828173325255,0.0728293813513995,0.299,0.1538461538461538,0.9090909090909092,-0.33130047809447644,1.1770138839437696,1.0217311919495025,0.9191856197082391,0.27845190595586056,-0.587899832572356,-0.5499669645881108,-0.4004148668812567,-0.5205760048944106,-0.07745874683365324,-1.0418517431383236,0.5329649145476155,0.21509433962264152,0.29056603773584905
2022,1,21,21,Christian Braun,1631128.0,26292.0,2022.0,3.0,2020,SG,Big 12,True,21,3.044522437723423,2001-04-17,21.182751540041068,0.0971432002517116,0.0641531667047434,0.0626477274880645,0.1839991573432594,0.0686171833605987,0.0960572850027811,0.2575231830634011,0.1698590967854399,6,0.2575231830634011,3.2,78.0,0.2388921672764467,0.591,0.204,0.1448546362937769,0.1450573065902579,0.0165250942154692,0.0246587473661709,0.1080589911879298,0.3229999999999999,0.3974358974358974,0.8823529411764706,0.2708605260096738,0.42638634120008206,0.8435038623492217,0.17266138690888339,0.27867360156821314,-0.27886699218861244,-0.3792416253525102,0.26504685439342046,0.3903248101300238,0.09066920613225815,0.18040508270227812,0.45110043084910845,0.45933014354066987,0.3157894736842105
2022,1,22,22,Walker Kessler,1631117.0,25842.0,2022.0,2.0,2021,C,SEC,True,22,3.091042453358316,2001-07-26,20.908966461327857,0.0,0.0,0.7611499262305403,0.0,0.0029818513966254,0.0,0.2358682223728341,0.0,2,0.7611499262305403,2.9,84.0,0.2517480549810774,0.633,0.19,0.0695249130938586,0.1075081357508135,0.0239941353934643,0.190738610524063,0.1660759226806161,0.332,0.7058823529411765,0.9,2.0773435383221246,0.6252807339992076,1.5240082117321117,-0.10980724171789953,-0.7932118618318044,-1.0210247553222718,0.49191295982317496,7.952882795960567,1.8904172161238564,0.153717188494476,1.7280925185190157,0.5051309900901231,0.6704119850187266,0.18726591760299627
2022,1,23,23,David Roddy,1631223.0,27634.0,2022.0,3.0,2020,PF,Mountain West,False,23,3.1354942159291497,2001-03-27,21.240246406570844,0.0,0.0,0.0644271782891196,0.1519054714974156,0.0780640282406542,0.2827025674693396,0.4229007545034707,0.0,6,0.4229007545034707,5.2,76.0,0.3569096019360216,0.653,0.288,0.1983981909651693,0.136394635144351,0.0215839553509503,0.0414800483481387,0.1452021486939501,0.391,0.4350282485875706,0.717391304347826,-0.33130047809447644,2.252242831675775,1.8480579019144403,1.8674731586695825,1.0405582265616562,-0.45008432453786706,0.21080065302255807,1.0437047832607318,1.3507025322168558,0.5670317395356763,0.3690316936482408,-0.05396784031689626,0.4025641025641026,0.2692307692307692
2022,1,25,25,Blake Wesley,1631104.0,28596.0,2022.0,1.0,2022,SG,ACC,True,25,3.218875824868201,2003-03-16,19.27173169062286,0.0,0.0867881971811554,0.0,0.0,0.251971055372835,0.3337941810533221,0.218346789035922,0.1090997773567652,5,0.3337941810533221,1.4,75.0,0.3123552910502056,0.5,0.313,0.1741590997691603,0.1325483715485781,0.0271111365675773,0.002049915440988,0.0752909107125755,0.324,0.2100840336134453,0.7037037037037037,-0.6323809801465516,1.562939781290084,-0.6309222279803715,2.371881424074553,0.695654138303204,-0.5261055607688047,0.8554656301212681,-0.7815158496354713,-0.45693042063429773,0.0976745375058386,-0.7596677258500469,-0.09587560097350689,0.3665893271461717,0.4013921113689095
2022,1,29,29,TyTy Washington Jr,1631102.0,27620.0,2022.0,1.0,2022,PG,SEC,True,29,3.367295829986474,2001-11-15,20.602327173169066,0.0107535279256819,0.1075147961563144,0.0,0.1237208642971075,0.2293986022202832,0.2981828162332881,0.0418423587534708,0.1885870344138537,5,0.2981828162332881,2.9,75.0,0.250259529621687,0.531,0.225,0.2271000538741003,0.1225490196078431,0.0257670153990831,0.0070138014889396,0.0675189247821951,0.19,0.2307692307692307,0.8333333333333334,-0.6323809801465516,0.6022516476907291,-0.1286452081977622,0.5963643298490586,1.448964209189993,-0.7237423261944325,0.6986935236271742,-0.5517375920931595,-0.6578837763822533,-0.8410398665538369,-0.6558759033991864,0.30101554406851294,0.17507418397626112,0.3026706231454006
2022,2,1,31,Andrew Nembhard,1629614.0,25709.0,2022.0,4.0,2019,PG,WCC,False,31,3.4339872044851463,2000-01-16,22.43394934976044,0.1273661456850163,0.0232859072888323,0.0,0.1652889637182532,0.2264664618827654,0.256557939920798,0.0,0.2010345815043346,5,0.256557939920798,3.0,76.0,0.2022513975866745,0.567,0.186,0.2628263428950848,0.1564866229177183,0.0269843612233737,0.0035951622597841,0.0558138858843436,0.177,0.1685393258426966,0.7058823529411765,-0.33130047809447644,-0.14048572602518078,0.4546442341304274,-0.1905125641826948,1.957322507032012,-0.052967041534454556,0.8406791374834224,-0.7099863829906257,-0.9605305987972395,-0.9321091744103727,-0.9681260209409603,-0.08920516156103588,0.25161290322580643,0.4290322580645161
2022,2,2,32,Caleb Houstan,1631216.0,27836.0,2022.0,1.0,2022,SF,Big Ten,True,32,3.4657359027997265,2003-01-09,19.45242984257358,0.086212145906455,0.2500739243253975,0.0,0.1699020886612553,0.0086025921360939,0.0,0.2289003832904717,0.2563088656803264,7,0.2563088656803264,1.6,80.0,0.189964554718653,0.535,0.179,0.0739312118289938,0.1395898206807688,0.0138580931263858,0.0076923076923076,0.0752005347593583,0.292,0.4166666666666667,0.9833333333333332,0.8730215301138241,-0.33057638392452954,-0.06383527016129649,-0.33174687849608653,-0.7305135355807605,-0.3869316184330002,-0.6903083569523495,-0.5203295437142318,-0.4592671916012812,-0.12649606644871095,0.27689904263706266,0.7602752976171352,0.25,0.5950704225352113
2022,2,3,33,Christian Koloko,1631132.0,27793.0,2022.0,3.0,2020,PF,Pac-12,True,33,3.49650756146648,2000-06-20,22.00684462696783,0.0,0.0,0.6877868918199264,0.0287179976554058,0.0,0.0609955559758037,0.222499554548864,0.0,2,0.6877868918199264,3.3,84.0,0.2767721686000671,0.67,0.207,0.0976199438097599,0.145020155343624,0.0165865368368615,0.1030689425294683,0.1537855794004541,0.472,0.75,0.0,2.0773435383221246,1.012430653004218,2.1235001385694194,0.23319037875747983,-0.3934406461825711,-0.2796012849967634,-0.37207524079584026,3.894654352254891,1.5726366967602543,1.1344635807956291,1.9494610148399913,-2.250427531201614,0.6914893617021277,0.010638297872340425
2022,2,4,34,Jaylin Williams,1631119.0,25805.0,2022.0,2.0,2021,C,SEC,True,34,3.5263605246161616,2002-06-29,19.98357289527721,0.0571211690631586,0.1745991532119408,0.2246309302932846,0.1159736466722086,0.1274998115182863,0.0,0.3001752892411211,0.0,6,0.3001752892411211,1.9,81.0,0.1925587477828983,0.545,0.182,0.1527575132307108,0.1534585432890517,0.0230128121386148,0.0399151386771748,0.1721783243756329,0.455,0.624,1.0,1.1741020321658993,-0.2904414304952989,0.0981895749298678,-0.2712178866474901,0.3911256131766653,-0.11281690648649419,0.3774559321232496,0.9712651232984364,2.0482016112219075,1.015372947444775,1.3172325893472843,0.8113041591225382,0.4675324675324675,0.2305194805194805
2022,2,5,35,Max Christie,1631108.0,26300.0,2022.0,1.0,2022,SG,Big Ten,True,35,3.5553480614894135,2003-02-10,19.364818617385353,0.0358102558006623,0.3864631950971182,0.0,0.1873581004952056,0.0,0.0476553857610939,0.1646904234027305,0.1780226394431892,1,0.3864631950971182,1.1,77.0,0.1789736633748442,0.498,0.18,0.0862072001324097,0.1377264540735247,0.0099429812986024,0.0169945121887723,0.064387103068143,0.253,0.5616438356164384,0.9743589743589745,-0.030219976042401325,-0.5006172796116171,-0.6633271969986043,-0.3115705478798877,-0.555835429086478,-0.4237609800996904,-1.1469489804231903,-0.08973054932717195,-0.7388605162632372,-0.39970399001831786,1.0043489415061446,0.7327982183449961,0.16040955631399317,0.4197952218430034
2022,2,10,40,Bryce McGowens,1631121.0,27019.0,2022.0,1.0,2022,SG,Big Ten,True,40,3.688879454113936,2002-11-08,19.62217659137577,0.0768901774994206,0.0689477642293439,0.0,0.0,0.0063708754585024,0.1418176240344914,0.4121890420324601,0.2937845167457814,6,0.4121890420324601,2.2,78.0,0.2850117484034221,0.541,0.271,0.0863541512778844,0.1186564439576487,0.0119706400352239,0.010485363878283,0.0868929220141142,0.491,0.233009708737864,0.7714285714285715,0.2708605260096738,1.1399058036558474,0.03337963689340208,1.5244755381942037,-0.5537444245005952,-0.8006789182094581,-0.9104521981074837,-0.3910389884050419,-0.15694749151494575,1.267564876893643,-0.6446338886495029,0.11147977276273206,0.38968481375358166,0.36962750716332377
2022,2,27,57,Jabari Walker,1631133.0,27668.0,2022.0,2.0,2021,PF,Pac-12,True,57,4.04305126783455,2002-07-30,19.89869952087611,0.062638006572336,0.0599966857829327,0.0600196589681494,0.0,0.1085744797947748,0.0,0.6470552695418038,0.0617158993400029,6,0.6470552695418038,2.7,79.0,0.3083432532063589,0.577,0.275,0.0999860646599776,0.1537590029942542,0.0152941537234939,0.0259935469198624,0.1948635057471264,0.467,0.4227642276422764,0.8611111111111112,0.571941028061749,1.5008692460479653,0.6166690792215916,1.605180860658999,-0.3597725210885073,-0.10687833320405433,-0.5228128586751977,0.3268347183074308,2.6347522513270296,1.099436923927731,0.30749468847004285,0.3860636465775172,0.5,0.30057803468208094
2021,1,1,1,Cade Cunningham,1630595.0,31717.0,2021.0,1.0,2021,PG,Big 12,True,1,0.0,2001-09-25,19.84120465434634,0.0916339513961662,0.0,0.1066130563082475,0.0,0.1622135775703125,0.3267381774473439,0.259392561012021,0.0534086762659088,5,0.3267381774473439,3.1,78.0,0.3159887260685008,0.58,0.292,0.2035455639794174,0.1886988435703898,0.0249997152381747,0.02297950112374,0.0958739183575531,0.39,0.1929824561403508,0.4516129032258064,0.311594023173266,1.377718540572545,0.5660029413620672,1.9319333494504765,0.9807235439475973,0.5485240631521004,0.5335958385991084,0.22698995472212818,0.07993331972201088,0.45233250731566527,-0.7989708614767055,-0.8031576753522265,0.2475,0.3875
2021,1,3,3,Evan Mobley,1630596.0,32167.0,2021.0,1.0,2021,C,Pac-12,True,3,1.0986122886681098,2001-06-18,20.112251882272417,0.0615521795770628,0.0,0.3429823356929165,0.0,0.0177818376448671,0.0,0.5088139036207562,0.0688697434643973,6,0.5088139036207562,4.3,83.0,0.2935310002567787,0.634,0.228,0.1416005436091151,0.1480236837894063,0.0141458164072793,0.087644289489157,0.145243579744122,0.5660000000000001,0.4806629834254143,1.0,1.8282566607004358,1.0427966805357929,1.4210708430421972,0.596529556408039,0.1409882434840474,-0.2835952725834617,-0.6625117276178075,3.2579331228966057,1.354381180145386,1.654162988297239,0.6052778722519112,0.8122835360046788,0.4101796407185629,0.11976047904191617
2021,1,4,4,Scottie Barnes,1630567.0,32691.0,2021.0,1.0,2021,SF,ACC,True,4,1.3862943611198906,2001-08-01,19.991786447638603,0.171289098066776,0.0,0.0338740287881916,0.0320367689404815,0.3732169080000881,0.2060436012949427,0.18353959490952,0.0,4,0.3732169080000881,2.0,79.0,0.2515389791020195,0.553,0.247,0.3343580042563254,0.2084511023176936,0.0356013454992245,0.0219991287473763,0.0975374215354901,0.3379999999999999,0.2,0.8181818181818182,0.6149265506787,0.41655135410502536,0.13846899052200384,0.9929775574675125,2.7540351545280464,0.95260941933963,1.701903224455752,0.18103831656605743,0.12287564515805391,0.09724622884383607,-0.7647162764625703,0.27668270657083877,0.4583333333333333,0.20833333333333334
2021,1,5,5,Jalen Suggs,1630591.0,32257.0,2021.0,1.0,2021,SG,WCC,False,5,1.6094379124341005,2001-06-03,20.1533196440794,0.1192562462372617,0.0,0.0721762837341914,0.1228020559545587,0.3206698530669281,0.2195327348717594,0.1455628261353005,0.0,4,0.3206698530669281,2.9,77.0,0.2718614212869061,0.602,0.249,0.2369958109403753,0.1974333662388943,0.0357861071047478,0.0113615866964219,0.1096603515958354,0.367,0.2773109243697479,0.5428571428571428,0.008261495667832033,0.7196287981042244,0.9143639383428609,1.0347089260000888,1.4341797380762626,0.7272121184669119,1.7222640881192075,-0.3175604760768951,0.43582173074073727,0.29527511491466407,-0.38734013399592654,-0.5343699780004053,0.4527687296416938,0.33876221498371334
2021,1,8,8,Franz Wagner,1630532.0,31414.0,2021.0,2.0,2020,SF,Big Ten,True,8,2.0794415416798357,2001-08-27,19.920602327173167,0.0,0.0,0.1946417940528347,0.0859145293164262,0.248398903852178,0.008319085543218,0.2572953569540369,0.2054303302813062,6,0.2572953569540369,3.5,82.0,0.2468277797475803,0.592,0.205,0.1826468132479821,0.1088402467045592,0.0246742064775196,0.0330961568894786,0.1260497255835482,0.304,0.3146067415730337,0.7714285714285715,1.5249241331950019,0.34629118332811065,0.7560180306243183,0.11661881828341236,0.697417176141668,-1.0851974252103542,0.4977245358022555,0.7011739651091019,0.8589034782287112,-0.1349255686185128,-0.2052888683946512,0.13895677900213696,0.35384615384615387,0.3923076923076923
2021,1,9,9,Davion Mitchell,1630558.0,32508.0,2021.0,4.0,2018,PG,Big 12,True,9,2.1972245773362196,1998-09-05,22.89664613278576,0.1324957853907152,0.0,0.0,0.1919400837348809,0.2664607828046749,0.3183755070773357,0.0,0.0907278409923933,5,0.3183755070773357,4.0,72.0,0.2468431295085085,0.623,0.204,0.2771311886708296,0.1779793251414082,0.0335487368852939,0.0124086087941509,0.0479673583121859,0.207,0.1473684210526315,0.6031746031746031,-1.508401141859338,0.34652010100767866,1.2468903445518005,0.09575313401712425,1.9782604934981955,0.3292276030383894,1.4757042583647932,-0.26848485773409064,-1.1567454671143143,-0.7972980496140392,-1.0216256640685812,-0.35668652823584557,0.34951456310679613,0.4563106796116505
2021,1,10,10,Ziaire Williams,1630533.0,32615.0,2021.0,1.0,2021,SG,Pac-12,True,10,2.302585092994046,2001-09-12,19.876796714579054,0.0450577184077459,0.3195280186294321,0.094326876373584,0.0,0.0705076825488177,0.2268679026048019,0.2348767156810253,0.0088350857545928,1,0.3195280186294321,-0.2,81.0,0.2401046097229106,0.476,0.261,0.1642214410770754,0.2052661381653454,0.0189980412714667,0.0223783155971311,0.0991108734826432,0.241,0.2857142857142857,0.6,1.221591605689568,0.2460256164188205,-1.0807944989107743,1.2850971371955462,0.44764027166095094,0.8874524471466744,-0.12779300916798686,0.19881141720981618,0.1634933526976445,-0.5651262521516897,-0.3463209880756393,-0.3660382887497697,0.23333333333333334,0.38333333333333336
2021,1,11,11,James Bouknight,1630547.0,32031.0,2021.0,2.0,2020,SG,Big East,True,11,2.3978952727983707,2000-09-18,20.85968514715948,0.0,0.0,0.0,0.0,0.1926415070037184,0.280832317050758,0.3930555843226055,0.1334705916229182,6,0.3930555843226055,3.7,76.0,0.4044423697825495,0.552,0.309,0.1278801843317972,0.1415857605177993,0.024504265845962,0.0093962288108691,0.1008691747650662,0.37,0.2571428571428571,0.5238095238095238,-0.2950710318376019,2.69686630861031,0.12263439975014959,2.2866499819773742,-0.0450068526727053,-0.415300236132018,0.4789969542778053,-0.4096799773821813,0.20888283369524538,0.3157608617495773,-0.48578608420461644,-0.5904805410839502,0.34299516908212563,0.34299516908212563
2021,1,12,12,Joshua Primo,1630563.0,32100.0,2021.0,1.0,2021,SG,SEC,True,12,2.4849066497880004,2002-12-24,18.595482546201232,0.1039768307062282,0.1639633767832681,0.0377440304076459,0.184575500735233,0.03422995669979,0.0351204725089352,0.1136946621661575,0.3266951699927419,7,0.3266951699927419,1.2,76.0,0.1961561167277543,0.569,0.176,0.0648807565145176,0.1605576441102756,0.0136276626123488,0.0131350392178676,0.0765685174515571,0.226,0.3658536585365853,0.8837209302325582,-0.2950710318376019,-0.4093974278890305,0.3918224428716703,-0.4884860254389423,-0.8990358469474041,-0.02717954385622565,-0.7196126536754767,-0.234435889422679,-0.4184238937620496,-0.6675549863262555,0.04486159862758884,0.4697481218318741,0.28717948717948716,0.5794871794871795
2021,1,13,13,Chris Duarte,1630537.0,32683.0,2021.0,2.0,2020,SG,Pac-12,True,13,2.5649493574615367,1997-06-13,24.125941136208077,0.0,0.0,0.0646670908950322,0.2724514394789887,0.3126293080857694,0.1729440351326852,0.1773081264075242,0.0,4,0.3126293080857694,4.5,78.0,0.3439098492496293,0.663,0.242,0.1607946518300587,0.1494578984699564,0.0378908704267555,0.0289256198347107,0.0869943453675511,0.262,0.3409090909090909,0.5925925925925926,0.311594023173266,1.7941184284569067,1.880273975425971,0.888649136136072,0.40118624063849273,-0.2542545699603462,1.9542105410733464,0.5056941512367417,-0.1492874705518298,-0.4217260243072973,-0.07689977964466091,-0.3878590632822595,0.28832116788321166,0.4744525547445255
2021,1,14,14,Moses Moody,1630541.0,32024.0,2021.0,1.0,2021,SG,SEC,True,14,2.6390573296152584,2002-05-31,19.16221765913758,0.0580674455164499,0.0317943997811127,0.0235138722106998,0.052905617230232,0.1257146933639739,0.0,0.3717876508256045,0.3362163210719269,6,0.3717876508256045,3.9,77.0,0.2765117792425035,0.576,0.222,0.0819551175834276,0.1000307787011388,0.0169585947141813,0.0204425623465955,0.0904849925182642,0.482,0.3457943925233644,0.9074074074074074,0.008261495667832033,0.7889816145640467,0.5026645782746502,0.4713354508103103,-0.6675734366242948,-1.265418688080895,-0.35254150701840087,0.10807953300681772,-0.059178531827580906,1.0805620769196693,-0.05305326257078125,0.5395238543485567,0.2803234501347709,0.41509433962264153
2021,1,15,15,Corey Kispert,1630557.0,32256.0,2021.0,4.0,2018,SF,WCC,False,15,2.70805020110221,1999-03-03,22.406570841889117,0.0,0.0,0.0,0.3942305746839605,0.0,0.1129539459560027,0.2886164384150021,0.2041990409450345,3,0.3942305746839605,5.4,78.0,0.3200068138651273,0.679,0.228,0.0898106541247468,0.0874781304673831,0.0155242113542327,0.0135624755928211,0.0929177581314123,0.248,0.5169491525423728,0.9010989010989012,0.311594023173266,1.43764203638505,2.133627427775639,0.596529556408039,-0.5610826921158049,-1.5222167281190406,-0.5106115992885191,-0.2144012555323834,0.0036218367289601997,-0.5173261762035589,0.7824007644936242,0.5209402276862717,0.31139240506329113,0.5240506329113924
2021,1,17,17,Trey Murphy III,1630530.0,31570.0,2021.0,3.0,2019,SG,ACC,True,17,2.833213344056216,2000-06-18,21.111567419575632,0.0,0.0023776500325438,0.0135107192235554,0.5218253016137224,0.049727274394682,0.0045531996732759,0.2034386517482473,0.2045672033139731,3,0.5218253016137224,3.7,80.0,0.2643037464713337,0.675,0.184,0.081851277721521,0.0833187160147342,0.0187320368154419,0.0181106593230168,0.0756019615357043,0.215,0.6341463414634146,0.9387755102040816,0.918259078184134,0.606917897276358,2.070289064688222,-0.3215605513086374,-0.6689811042159265,-1.6073086911260368,-0.1571068942019081,-0.0012205314768262974,-0.4433749484045528,-0.7426693913876039,1.3544728671557886,0.6319281546647121,0.24175824175824176,0.6263736263736264
2021,1,18,18,Tre Mann,1630544.0,32695.0,2021.0,2.0,2020,PG,SEC,True,18,2.8903717578961645,2001-02-03,20.48186173853525,0.0793620011860073,0.0,0.1123166389993891,0.0627492605218869,0.1386295921337682,0.4259205059820052,0.056814996746302,0.124207004430641,5,0.4259205059820052,3.3,75.0,0.2840279296883602,0.585,0.257,0.2182787342110014,0.1712156309799576,0.0242897633643134,0.0041670121900655,0.1018035377432817,0.307,0.1136363636363636,0.3111111111111111,-0.5984035593430359,0.9010732443553612,0.6451758952213384,1.2016344001303936,1.180448446082446,0.19085812340880737,0.45535862437722824,-0.6547818139824145,0.23300284718129124,-0.1144398217835996,-1.1862812261251605,-1.2170484955168712,0.23793103448275862,0.38620689655172413
2021,1,21,21,Keon Johnson,1630553.0,33101.0,2021.0,1.0,2021,SG,SEC,True,21,3.044522437723423,2002-03-10,19.38672142368241,0.144001687149776,0.1493511881394579,0.0,0.0467790851360546,0.2108270703224361,0.1624627087346613,0.2865782605176139,0.0,6,0.2865782605176139,1.1,77.0,0.2600697548507321,0.525,0.267,0.2071358233906611,0.1958944928815804,0.0255108468341354,0.0203645505971087,0.0790710005178919,0.409,0.3608247422680412,1.0,0.008261495667832033,0.5437745335697916,-0.3048995510899155,1.4102912427932748,1.029393599222746,0.6957303422977654,0.5899229132094661,0.10442299619410615,-0.3538238114429968,0.5820755706034485,0.020314058448990927,0.8122835360046788,0.35772357723577236,0.1951219512195122
2021,1,22,22,Isaiah Jackson,1630543.0,31805.0,2021.0,1.0,2021,PF,SEC,True,22,3.091042453358316,2002-01-10,19.548254620123203,0.0,0.0,0.8116488850653881,0.0,0.0429383586061973,0.0617613284433232,0.0836514278850912,0.0,2,0.8116488850653881,1.5,81.0,0.2344212344212344,0.597,0.204,0.0704179141204937,0.1770736253494874,0.0211451666931118,0.1272464374874013,0.173339518705898,0.657,0.4729729729729729,0.0,1.221591605689568,0.1612669617232155,0.8351909844835896,0.09575313401712425,-0.8239733693152627,0.31069908801135476,0.10882177805815553,5.1141498206459275,2.0796608010860815,2.275563975622939,0.567740790607521,-2.1335210258814423,0.5693430656934306,0.014598540145985401
2021,1,24,24,Josh Christopher,1630528.0,31892.0,2021.0,1.0,2021,SG,Pac-12,True,24,3.1780538303479458,2001-12-08,19.638603696098563,0.0,0.0565090515428192,0.0215263103517356,0.0,0.3345661757931363,0.0275742187411621,0.274201212499843,0.2856230310713038,4,0.3345661757931363,1.7,76.0,0.2684868886873781,0.534,0.253,0.0982781628794899,0.1149425287356322,0.0276014558463659,0.0194802063744635,0.0899746801137262,0.313,0.2586206896551724,0.7777777777777778,-0.2950710318376019,0.6693029216346374,-0.16238823414322714,1.1181716630652412,-0.44629596727761534,-0.9603589022024739,0.8203095509043273,0.0629723528425146,-0.07235193698866825,-0.07346832811377318,-0.4785723723358763,0.1576603000299853,0.23295454545454544,0.3352272727272727
2021,1,25,25,Quentin Grimes,1629656.0,31384.0,2021.0,3.0,2019,SG,American,False,25,3.218875824868201,2000-05-08,21.22381930184805,0.0,0.0,0.0,0.0154423511165673,0.2687811444306954,0.134697004551147,0.3104868126632835,0.2705926872383068,6,0.3104868126632835,4.8,76.0,0.340476985983167,0.562,0.271,0.1220237325818877,0.1036328007235453,0.0266768292682926,0.0115116195409741,0.0964609819558733,0.265,0.2328767123287671,0.7422680412371134,-0.2950710318376019,1.7429226413102281,0.2809803074686922,1.4937539798584272,-0.12439772607079154,-1.1917296801279116,0.718415027729792,-0.3105281941087309,0.09508801039232542,-0.40124027747238405,-0.6042358918758024,0.05305555613712192,0.1658653846153846,0.5817307692307693
2021,1,26,26,Nah'Shon Hyland,1630538.0,32179.0,2021.0,2.0,2020,PG,A-10,False,26,3.258096538021482,2000-09-14,20.870636550308006,0.0,0.0,0.0747019436033211,0.0024759371525431,0.3080582137177203,0.4616585322465336,0.1161491712660579,0.0369562020138236,5,0.4616585322465336,3.3,74.0,0.3981845626631853,0.602,0.304,0.1510316400446302,0.1601870291800156,0.0384410390892845,0.005768413382719,0.0858818737863371,0.321,0.0,0.0,-0.9017360868484698,2.6035409016773112,0.9143639383428609,2.1823215606459336,0.2688374967676065,-0.03476146489211581,2.0148395288867595,-0.5797215512479061,-0.1780052495813149,-0.018839669887337984,-1.7409719493654099,-2.1335210258814423,,
2021,1,27,27,Cameron Thomas,1630560.0,32286.0,2021.0,1.0,2021,SG,SEC,True,27,3.295836866004329,2001-10-13,19.79192334017796,0.0,0.0,0.0173774640796077,0.0,0.0,0.4526658060426109,0.2123439744494555,0.3176127554283259,5,0.4526658060426109,5.3,75.0,0.3778218175568538,0.56,0.315,0.0832424579066724,0.0758748838649736,0.0141265134164287,0.0068627778246859,0.0524416100773142,0.44,0.0,0.0,-0.5984035593430359,2.2998624026323604,0.24931112592498367,2.411844087575103,-0.6501220723874841,-1.7595922149557752,-0.6646389312859768,-0.5284269206967518,-1.041245371936133,0.793761621230885,-1.7409719493654099,-2.1335210258814423,,
2021,1,29,29,Day'Ron Sharpe,1630549.0,31379.0,2021.0,1.0,2021,C,ACC,True,29,3.367295829986474,2001-11-06,19.72621492128679,0.0,0.0,0.4493025783012625,0.0,0.1338490174168539,0.1486389973026853,0.2682094069791982,0.0,2,0.4493025783012625,1.2,81.0,0.2915350646312218,0.528,0.262,0.1544528842617837,0.1795614919354838,0.024407737289314,0.05074331554401,0.2100653573251239,0.4679999999999999,0.5619047619047619,0.0,1.221591605689568,1.0130304220183695,-0.2573957787743527,1.3059628214618342,0.3152163585950199,0.36159506241158035,0.46835943694311066,1.5283248197502406,3.0277160466758364,0.9849619250234074,1.0018416078378058,-2.1335210258814423,0.7313432835820896,0.009950248756218905
2021,1,30,30,Santi Aldama,1630583.0,34416.0,2021.0,2.0,2020,PF,Patriot,False,30,3.4011973816621555,2001-01-10,20.54757015742642,0.0,0.0,0.0780121889591678,0.0,0.1411698905344433,0.0159917029519044,0.731951835680338,0.0328743818741464,6,0.731951835680338,3.9,84.0,0.3996039974431331,0.6,0.305,0.1551738630950713,0.1545638489208633,0.0187483496171111,0.0559952136194283,0.1693429847186399,0.327,0.3870967741935484,0.9310344827586208,2.13158918820587,2.6247095516415397,0.8826947567991524,2.203187244912222,0.3249900478048937,-0.1497986779519336,-0.15530921156208222,1.7744897727952413,1.976492700553878,0.02213182378248842,0.1485551594787955,0.609124600702188,0.3516949152542373,0.3305084745762712
2021,2,2,32,Jeremiah Robinson-Earl,1630526.0,32188.0,2021.0,2.0,2020,PF,Big East,True,32,3.4657359027997265,2000-11-03,20.733744010951405,0.0,0.1517287377128421,0.0,0.1400945504208597,0.1088699484412581,0.0012539990960042,0.468480874334372,0.1295718899946636,6,0.468480874334372,3.7,80.0,0.2797289717243313,0.563,0.244,0.135201242555065,0.1051389886142168,0.0170722626693601,0.0226112634465302,0.1484500742041345,0.2689999999999999,0.4772727272727273,1.0,0.918259078184134,0.8369610092339921,0.2968148982405447,0.9303805046686482,0.054238429515857375,-1.1609165727221362,-0.3400152154669483,0.20973005949605214,1.4371548895298722,-0.3739259483591672,0.588729088243639,0.8122835360046788,0.38782051282051283,0.266025641025641
2021,2,5,35,Herbert Jones,1630529.0,32097.0,2021.0,4.0,2018,SF,SEC,True,35,3.5553480614894135,1998-10-06,22.811772758384667,0.1586733282318652,0.0051577057623218,0.2071721171261336,0.0,0.3988774037055501,0.0437892205531592,0.1863302246209697,0.0,4,0.3988774037055501,1.7,79.0,0.2224263871875141,0.535,0.226,0.216596662504257,0.2119609809463032,0.0341680238870792,0.040379705131373,0.123015873015873,0.446,0.2407407407407407,0.7,0.6149265506787,-0.01761742666295792,-0.14655364337137286,0.5547981878754628,1.1576460483817028,1.0244133873800094,1.543950137567822,1.0425656458347654,0.7805864145681221,0.8347331149007113,-0.5658493801305108,-0.07145783256115765,0.6124567474048442,0.1972318339100346
2021,2,6,36,Miles McBride,1630540.0,31870.0,2021.0,2.0,2020,PG,Big 12,True,36,3.58351893845611,2000-09-08,20.8870636550308,0.0424827933448676,0.0340754768097117,0.0073888071694592,0.1547734492815662,0.2823141299464744,0.3823298574112438,0.0,0.0966354860366769,5,0.3823298574112438,4.2,73.0,0.2655348968368677,0.55,0.2289999999999999,0.2847971966953137,0.1124978773985396,0.0317178536792219,0.0099916098821982,0.0632581810420317,0.3379999999999999,0.2181818181818181,0.5869565217391305,-1.2050686143539038,0.6252785796476047,0.09096521820644106,0.6173952406743247,2.0821819631064677,-1.0103707929407026,1.2739395939099698,-0.381773504072351,-0.7620221539528701,0.09724622884383607,-0.675965760744131,-0.4044618265135015,0.162534435261708,0.30578512396694213
2021,2,8,38,Ayo Dosunmu,1630245.0,31360.0,2021.0,3.0,2019,SG,Big Ten,True,38,3.6375861597263857,2000-01-17,21.530458590006845,0.0727300045627181,0.063966972095507,0.0,0.1064819501430548,0.0293569792272258,0.4345105103025483,0.2845030189719875,0.0084505646969583,5,0.4345105103025483,4.3,77.0,0.3275634190768137,0.572,0.297,0.2924128158552938,0.1587247405789186,0.018037227019168,0.0060637393220207,0.103506167455072,0.3329999999999999,0.297752808988764,0.875,0.008261495667832033,1.550336985743653,0.4393262151872331,2.036261770781917,2.1854203542683788,-0.06467649475187277,-0.2336754404315107,-0.5658791470471385,0.2769552003540993,0.06310331745231407,-0.2875576048752278,0.4440579657689137,0.4046511627906977,0.19069767441860466
2021,2,10,40,Jared Butler,1630215.0,32507.0,2021.0,3.0,2019,PG,Big 12,True,40,3.688879454113936,2000-08-25,20.92539356605065,0.0418855033365053,0.0,0.0,0.1952096460529586,0.3316771609121484,0.3706084513082202,0.0606192383901673,0.0,5,0.3706084513082202,4.2,75.0,0.3206212390965934,0.603,0.27,0.2789253209280793,0.1696471339613603,0.037737241155276,0.0134846571967172,0.0645071458311929,0.242,0.2574257425742574,0.7105263157894737,-0.5984035593430359,1.446805227845368,0.9301985291147152,1.4728882955921392,2.0025819995870893,0.15877031590550195,1.9372804833243313,-0.21804872955946228,-0.7297808855587615,-0.5582976698733852,-0.4844052416686861,-0.040449363488672056,0.27393617021276595,0.48936170212765956
2021,2,12,42,Isaiah Livers,1630587.0,31412.0,2021.0,4.0,2018,PF,Big Ten,True,42,3.737669618283368,1998-07-28,23.003422313483917,0.0004263331991045,0.0468071204090298,0.0739766954312613,0.1575249789502465,0.0155405441441649,0.0595720387662969,0.2615899180683624,0.3845623710315333,7,0.3845623710315333,3.7,78.0,0.2494826159702765,0.61,0.198,0.1160920391146047,0.0953218947059686,0.0107404798956576,0.0227370268172085,0.1113974078307534,0.242,0.3461538461538461,0.92,0.311594023173266,0.3858839138322048,1.041040664517695,-0.02944097158060385,-0.2048085866408623,-1.3617515222532826,-1.0377822944920168,0.2156247919895685,0.48066278372451565,-0.5582976698733852,-0.05129866934126496,0.5766191710537892,0.21973094170403587,0.5201793721973094
2021,2,13,43,Greg Brown,1630535.0,31393.0,2021.0,1.0,2021,PF,Big 12,True,43,3.7612001156935624,2001-09-01,19.906913073237508,0.0314989178100794,0.0,0.4464023515613499,0.0,0.0602379563298781,0.2582995906875832,0.1193904240711177,0.0841707595399915,2,0.4464023515613499,0.5,79.0,0.2639889279123757,0.541,0.268,0.0381699346405228,0.2107629619221582,0.0162869679466521,0.0504407140009744,0.1677817538115994,0.373,0.0,0.0,0.6149265506787,0.6022228707975299,-0.0515460987402473,1.431156927059563,-1.261131458473602,0.9999046995238854,-0.426555266574442,1.51414139624068,1.9361904717513545,0.33624660858449046,-1.7409719493654099,-2.1335210258814423,,
2021,2,14,44,Kessler Edwards,1630556.0,31861.0,2021.0,3.0,2019,SF,WCC,False,44,3.784189633918261,2000-08-09,20.969199178644764,0.0,0.0028031815952656,0.0812185816639051,0.1558223518996856,0.1243259243087786,0.0,0.4180541250651262,0.2177758354672385,6,0.4180541250651262,3.4,79.0,0.3205546001935234,0.612,0.236,0.0724400523643794,0.114165890027959,0.0186449573237643,0.0393143065086296,0.1166019518152803,0.314,0.4814814814814814,0.9166666666666666,0.6149265506787,1.4458114128191215,1.0727098460614035,0.7634550305383433,-0.7965609824009098,-0.9762471270801468,-0.1667031176862674,0.9926286900569348,0.6150149295418282,-0.06663974583546879,0.6092731891043884,0.5667998225141686,0.27491408934707906,0.3436426116838488
2021,2,16,46,Dalano Banton,1630625.0,31458.0,2021.0,3.0,2019,PG,Big Ten,True,46,3.828641396489095,1999-11-07,21.724845995893222,0.1549334788259942,0.1959327527769396,0.1710852787622863,0.0,0.0932913741245747,0.2077934005579084,0.1769637149522967,0.0,5,0.2077934005579084,0.8,80.0,0.2014510984708917,0.501,0.217,0.2875398151466661,0.2063316087706331,0.0202476515308114,0.0402343008353901,0.114283461937973,0.402,0.3333333333333333,0.7647058823529411,0.918259078184134,-0.33043105573096565,-0.6849297296144178,0.3670070294788697,2.119361279789805,0.9092495020836852,0.009914952672410621,1.035750311420584,0.5551645197848878,0.5342754946553181,-0.11387916119401086,0.11915305085500312,0.3397129186602871,0.3588516746411483
2021,2,21,51,Brandon Boston Jr,1630527.0,31808.0,2021.0,1.0,2021,SG,SEC,True,51,3.9318256327243257,2001-11-28,19.66598220396988,0.0,0.1693782984739456,0.1351304505303754,0.0,0.1766236645369312,0.2631155777477001,0.0,0.2557520087110473,5,0.2631155777477001,1.1,78.0,0.2178998564222838,0.45,0.231,0.1115590655547578,0.1015228426395939,0.0250975891856724,0.0053512201841667,0.0804066963879537,0.2239999999999999,0.0,0.0,0.311594023173266,-0.0851235542252242,-1.4924938589789842,0.6591266092069032,-0.26625820585991217,-1.234894523946629,0.5443816189865471,-0.5992760709010966,-0.31934363280762734,-0.681212150882865,-1.7409719493654099,-2.1335210258814423,,
2021,2,22,52,Luka Garza,1630568.0,31694.0,2021.0,4.0,2018,C,Big Ten,True,52,3.951243718581427,1998-12-27,22.587268993839835,0.0,0.0,0.0,0.1033742162963816,0.0,0.0404725071439268,0.8010512693862833,0.0551020071734081,6,0.8010512693862833,6.5,82.0,0.43815412882937,0.627,0.324,0.1222185863874345,0.0731449203187251,0.0122893605020094,0.0526783447575526,0.1455810491569852,0.392,0.6153846153846154,1.0,1.5249241331950019,3.1996244747634712,1.3102287076392174,2.599635245971696,-0.1217562608171009,-1.815440931098954,-0.8670945221727683,1.6190227671688948,1.3630927483251678,0.4659896718722741,1.2628916595664041,0.8122835360046788,0.5069582504970179,0.1988071570576541
2021,2,24,54,Sandro Mamukelashvili,1630572.0,32353.0,2021.0,4.0,2018,C,Big East,True,54,3.9889840465642745,1999-05-23,22.184804928131417,0.0465317596159032,0.1529333949411032,0.0,0.0,0.1122531937637738,0.1847518852688004,0.4661725936038339,0.0373571728065854,6,0.4661725936038339,2.4,81.0,0.3149144061020803,0.531,0.289,0.2064484111934848,0.1665045274264761,0.0192851585962129,0.01654803463753,0.123964947077101,0.344,0.3025210084033613,0.8611111111111112,1.221591605689568,1.3616967383453416,-0.20989200645878991,1.869336296651612,1.0200749439944898,0.0944798822264026,-0.09615247060470668,-0.07446327663409577,0.8050861857382037,0.13821772251366285,-0.26428269623506456,0.4031440135204955,0.44722222222222224,0.31666666666666665
2021,2,25,55,Aaron Wiggins,1630598.0,31613.0,2021.0,3.0,2019,SG,Big Ten,True,55,4.007333185232471,1999-01-02,22.570841889117045,0.0,0.0786147094158582,0.0,0.048520209331346,0.2170289269766017,0.1400814949218439,0.2958214416035758,0.2199332177507743,6,0.2958214416035758,2.5,77.0,0.2908847184986595,0.553,0.255,0.1729299947746755,0.1309687392648574,0.0226041666666666,0.0198897946859903,0.1062431834706737,0.214,0.2727272727272727,0.8979591836734694,0.008261495667832033,1.0033315264929914,0.13846899052200384,1.1599030315978174,0.5656946352262766,-0.632499841986271,0.269604639098994,0.08217041914671379,0.3476096084877767,-0.7494979736659083,-0.4097142135888107,0.5116912337714011,0.2818991097922849,0.42729970326409494
2021,2,28,58,Jericho Sims,1630579.0,31395.0,2021.0,4.0,2018,PF,Big 12,True,58,4.060443010546419,1998-10-20,22.77344284736482,0.1235772586973818,0.0,0.5925751420820066,0.0870452653547377,0.0,0.0128375211347549,0.1839648127311187,0.0,2,0.5925751420820066,1.9,82.0,0.2186370624762893,0.67,0.175,0.0539649684298411,0.1900452488687782,0.0172995850760416,0.0455511150069084,0.1642894993902789,0.741,0.6063829787234043,0.0,1.5249241331950019,-0.0741292788071405,1.9911161108289508,-0.5093517097052305,-1.0470117864545094,0.5760683896786207,-0.31496412047899647,1.2849579868335448,1.8460400423113663,2.8491648870005077,1.2189521652868165,-2.1335210258814423,0.7737226277372263,0.0072992700729927005
2020,1,1,1,Anthony Edwards,1630162.0,35495.0,2020.0,1.0,2020,SG,SEC,True,1,0.0,2001-08-05,19.288158795345655,0.0,0.0876287020969759,0.0346969462050347,0.0066045300966106,0.1359690701909514,0.371838686785257,0.2528927854783954,0.1103692791467747,5,0.371838686785257,2.9,76.0,0.3237965120623388,0.526,0.304,0.1789780248874768,0.130387866434866,0.0226976502450452,0.0171215210934944,0.0873639390150611,0.3389999999999999,0.2977099236641221,0.4444444444444444,-0.31372032778899467,1.4728465361312342,-0.1830342563486636,2.2099396377854292,0.7301784129286742,-0.6867305627959887,0.3051589291445094,-0.0806935395058201,-0.15760073760712642,0.026727890822121743,-0.35799459390803595,-0.855066118316315,0.2693069306930693,0.4871287128712871
2020,1,4,4,Patrick Williams,1630172.0,37035.0,2020.0,1.0,2020,SF,ACC,True,4,1.3862943611198906,2001-08-26,19.23066392881588,0.0330594797172871,0.0214130579909604,0.2439506878065811,0.0,0.2746025513135633,0.0,0.244462144123058,0.1825120790485498,4,0.2746025513135633,1.5,80.0,0.2479540093423149,0.559,0.221,0.0838379025953901,0.1726757839480591,0.0267403742029524,0.0562460908966826,0.1048404472999608,0.357,0.3289473684210526,0.875,0.9071431164983049,0.41339634650314316,0.35948572652739286,0.5290936746087347,-0.5709688655879258,0.1214359407673591,0.7547117815665285,1.6999685796188033,0.287218312118317,0.14257974761125225,-0.2012367746570419,0.42227270488043167,0.41,0.24
2020,1,5,5,Isaac Okoro,1630171.0,34952.0,2020.0,1.0,2020,SF,SEC,True,5,1.6094379124341005,2001-01-26,19.811088295687885,0.1472385796150358,0.0,0.1792433364428191,0.0957081313182624,0.0573659234292727,0.1590220852629596,0.1565784792781105,0.2048434646535396,7,0.2048434646535396,2.8,77.0,0.2496179567689216,0.596,0.195,0.1308809650369373,0.1540788883908561,0.0180192962542565,0.0307234377736684,0.0758707210705538,0.551,0.3235294117647059,0.6,-0.008504466717169793,0.43664016564710456,0.967765707327818,0.0025636138545894016,0.07239747864470897,-0.23397025900373625,-0.21507628926197928,0.5383654789501863,-0.4501306984563681,1.391205315227432,-0.22842552446849643,-0.3935759628387807,0.5481171548117155,0.28870292887029286
2020,1,6,6,Onyeka Okongwu,1630168.0,36662.0,2020.0,1.0,2020,C,Pac-12,True,6,1.791759469228055,2000-12-11,19.93702943189596,0.0,0.0,0.5792427902507834,0.0,0.0376553836631538,0.1257732686365898,0.257328557449473,0.0,2,0.5792427902507834,4.0,82.0,0.3302176027188458,0.654,0.235,0.0835788160444688,0.1389854065323141,0.0247176613975818,0.0975135975135975,0.1551158452998944,0.504,0.5555555555555556,0.0,1.5175748386419547,1.5625432822785559,1.92128567723119,0.8126098611686587,-0.5745121631211847,-0.5224225446101185,0.5297851428069472,3.578161391785572,1.5668477666027532,1.0887032447224811,0.9359434753934874,-2.1736094196806985,0.6414342629482072,0.01593625498007968
2020,1,8,8,Obi Toppin,1630167.0,37830.0,2020.0,3.0,2018,PF,A-10,False,8,2.0794415416798357,1998-03-04,22.71047227926078,0.0,0.0,0.0019292419010512,0.3257290462123093,0.0008817053820977,0.0928733954324501,0.5785866110720915,0.0,6,0.5785866110720915,5.3,81.0,0.3763380110300349,0.691,0.28,0.1448916995502558,0.1315178709577595,0.0181891966317376,0.0411631325411437,0.1448972885600859,0.364,0.647887323943662,0.9375,1.2123589775701298,2.206803078284914,2.529565658031615,1.723911889396988,0.2640098987554959,-0.6651349899236028,-0.19618328540629512,1.0135034574935815,1.3067609904305058,0.18763324747369176,1.3992888857730033,0.6076928566347981,0.5297157622739018,0.21188630490956073
2020,1,11,11,Devin Vassell,1630170.0,37033.0,2020.0,2.0,2019,SG,ACC,True,11,2.3978952727983707,2000-08-23,20.238193018480494,0.0,0.0,0.0796554722503037,0.2169392341406777,0.2943322528046904,0.0,0.1914689233782563,0.2176041174260718,4,0.2943322528046904,3.6,77.0,0.2660249212146194,0.589,0.201,0.1116942513476253,0.0665509259259259,0.0293036122144153,0.0411406806995164,0.1039481703480731,0.221,0.4183673469387755,0.8636363636363636,-0.008504466717169793,0.6658304081867487,0.8526857109601697,0.12407055095169997,-0.19000222927118005,-1.906721521045377,1.0397450837379212,1.012481615104223,0.26450772374675224,-0.7327453925732857,0.24749649847020436,0.3885599500160014,0.22758620689655173,0.36551724137931035
2020,1,12,12,Tyrese Haliburton,1630169.0,36015.0,2020.0,2.0,2019,PG,Big 12,True,12,2.4849066497880004,2000-02-29,20.720054757015745,0.1194991918155981,0.0,0.0,0.2787131832684362,0.328723561664882,0.2730640632510835,0.0,0.0,4,0.328723561664882,3.9,77.0,0.2382430862600747,0.635,0.198,0.3532153690400835,0.187807881773399,0.0383519759641053,0.0199039653035935,0.0915777627878223,0.184,0.2253521126760563,0.8269230769230769,-0.008504466717169793,0.2777436592636055,1.60892568709043,0.0633170824031447,3.1130684145214196,0.4106262180437977,2.0459274933652343,0.04594281786308213,-0.05034881658525648,-0.9708853204176087,-0.7211053651163071,0.27964181891553425,0.23770491803278687,0.5081967213114754
2020,1,13,13,Kira Lewis Jr,1630184.0,35985.0,2020.0,2.0,2019,PG,SEC,True,13,2.5649493574615367,2001-04-06,19.61943874058864,0.1224313183871832,0.0,0.0210948368955291,0.1392060031860067,0.1744301444796711,0.456894949877526,0.0,0.0859427471740836,5,0.456894949877526,3.3,73.0,0.2709869641150022,0.565,0.243,0.2769388569149239,0.1770515236176986,0.0264491360173808,0.0148695082637882,0.0651424151948665,0.292,0.1904761904761904,0.5636363636363636,-1.2293679110044693,0.7351455956240607,0.45812572341394675,0.9746191106314729,2.069902042906983,0.2050609201296727,0.7223259549750679,-0.1831885690438499,-0.7231918126670612,-0.27577417968282847,-0.8961220334436787,-0.5014567784049576,0.4318181818181818,0.3431818181818182
2020,1,14,14,Aaron Nesmith,1630174.0,37008.0,2020.0,2.0,2019,SF,SEC,True,14,2.6390573296152584,1999-10-16,21.09240246406571,0.0,0.0,0.0,0.1789278860629124,0.085003530733773,0.1189984568524765,0.3521124237129983,0.2649577026378398,6,0.3521124237129983,6.5,78.0,0.3698045479068624,0.692,0.259,0.068362480127186,0.0934870676223122,0.0229589861738849,0.0257914888086931,0.0799131996162854,0.307,0.2,0.85,0.2967113943546551,2.115536591862048,2.5460056575127075,1.298637609557101,-0.7826125269927338,-1.391943571824683,0.3342196103766418,0.3138995042553855,-0.3472399243993154,-0.1792309656918867,-0.8483290201696653,0.34810464417868503,0.24390243902439024,0.5609756097560976
2020,1,15,15,Cole Anthony,1630175.0,36677.0,2020.0,1.0,2020,PG,ACC,True,15,2.70805020110221,2000-05-15,20.511978097193705,0.0678015141555516,0.0757876898924886,0.0,0.0,0.1218075891597043,0.4822731409908896,0.1479264422574333,0.1044036235439325,5,0.4822731409908896,2.3,74.0,0.303344813470027,0.507,0.298,0.2412537337861614,0.1609800970061883,0.021669789436117,0.0089095744680851,0.0867537622646513,0.371,0.0609756097560975,0.5510204081632653,-0.9241520499326445,1.1871550679603056,-0.4953942464894234,2.0884327006883185,1.5818681858558967,-0.10208091649179435,0.1908603118365692,-0.4544408382926822,-0.17313119929073198,0.23268674733613126,-1.5459904456451972,-0.5388848164585293,0.20579710144927535,0.40869565217391307
2020,1,16,16,Isaiah Stewart,1630191.0,37635.0,2020.0,1.0,2020,C,Pac-12,True,16,2.772588722239781,2001-05-22,19.49349760438056,0.0461210257014767,0.0,0.239205333548373,0.1152504381036499,0.0,0.0,0.5416104781238944,0.0578127245226059,6,0.5416104781238944,4.0,80.0,0.3042581018433054,0.639,0.244,0.062820369455196,0.1432722576479134,0.0095170519271704,0.0696290214153812,0.1548857659259006,0.591,0.6290322580645161,1.0,0.9071431164983049,1.199912868738937,1.6746856850148006,0.9948702668143247,-0.8584070713381678,-0.44049631884339274,-1.1605299559053806,2.3090609616539286,1.56099169473571,1.6486538858699427,1.3046691423193404,0.7931130083891645,0.5595238095238095,0.05952380952380952
2020,1,18,18,Josh Green,1630182.0,36704.0,2020.0,1.0,2020,SG,Pac-12,True,18,2.8903717578961645,2000-11-16,20.005475701574262,0.0335118302887929,0.1888920044394792,0.0,0.2590293445458954,0.2751011113779912,0.0601710028377125,0.1832947065101285,0.0,4,0.2751011113779912,2.3,77.0,0.2322892663709987,0.534,0.206,0.1597853014037984,0.1272859517871986,0.0295854447987651,0.0161697778463437,0.0836708161987987,0.3779999999999999,0.5287356321839081,0.9666666666666668,-0.008504466717169793,0.1945742570910728,-0.05151426049992264,0.22532633186595824,0.46769651437232895,-0.7460114085452549,1.071085002940693,-0.12400987897892059,-0.2515995704900434,0.27774024719857004,0.8013539552540254,0.6942222607868361,0.3237410071942446,0.2949640287769784
2020,1,19,19,Saddiq Bey,1630180.0,34860.0,2020.0,2.0,2019,PF,Big East,True,19,2.9444389791664403,1999-04-09,21.61259411362081,0.0193562123091772,0.0,0.0,0.1361429626589288,0.0267961434312391,0.1542942802123189,0.2692721305420297,0.3941382708463061,7,0.3941382708463061,4.2,79.0,0.2825566291231332,0.613,0.228,0.1486514395616452,0.1015362881864735,0.0134931497879615,0.0114360686255973,0.0801722642471521,0.248,0.2395833333333333,0.9240506329113924,0.6019272554264801,0.8967632024697484,1.2472456985063924,0.670851767888697,0.315428536506776,-1.238114515623962,-0.7183859575916679,-0.33945344129119365,-0.3406461082295737,-0.5589676073895907,-0.649689308749549,0.5677923176496814,0.2670299727520436,0.4768392370572207
2020,1,20,20,Precious Achiuwa,1630173.0,34890.0,2020.0,1.0,2020,PF,American,False,20,2.995732273553991,1999-09-19,21.166324435318277,0.0,0.1149141494316957,0.2174842915609767,0.0,0.1276375846494629,0.0,0.5399639743578645,0.0,6,0.5399639743578645,1.7,80.0,0.2861797981642356,0.542,0.276,0.0745045447772314,0.1616259195957494,0.0199067707377027,0.0640152294438268,0.1862582873784692,0.507,0.5621301775147929,0.9230769230769232,0.9071431164983049,0.9473755502956219,0.08000573534881832,1.6429072646655811,-0.6986129428914603,-0.08973856872863015,-0.005188217075553905,2.0535625176153625,2.3594976063588198,1.1080118875206695,0.9689366798232792,0.5649035908453294,0.6005434782608695,0.10869565217391304
2020,1,21,21,Tyrese Maxey,1630178.0,36391.0,2020.0,1.0,2020,SG,SEC,True,21,3.044522437723423,2000-11-04,20.03832991101985,0.1094931555693396,0.0692990527312336,0.0,0.0,0.0779314761082828,0.244816268455653,0.1511861798385949,0.3472738672968961,7,0.3472738672968961,2.5,74.0,0.2407545793411442,0.536,0.228,0.1851683898663764,0.1423109600679694,0.0149981602256789,0.0125177752408419,0.072672639592666,0.342,0.1452991452991453,0.9090909090909092,-0.9241520499326445,0.3128269137127787,-0.0186342615377374,0.670851767888697,0.8148385578945551,-0.458867724903407,-0.5510280716105,-0.2902221269671799,-0.5315295420210029,0.046036533620310814,-1.122832481025535,0.5234109694737227,0.26988636363636365,0.32386363636363635
2020,1,22,22,Zeke Nnaji,1630192.0,36702.0,2020.0,1.0,2020,PF,Pac-12,True,22,3.091042453358316,2001-01-09,19.857631759069132,0.1029517139044728,0.0,0.089022562519141,0.2345366941706681,0.0,0.0,0.5734890294057178,0.0,6,0.5734890294057178,3.8,81.0,0.314545808352189,0.641,0.24,0.057766941984277,0.1483050847457627,0.0139633648744426,0.032874617737003,0.1591125733522638,0.637,0.6484848484848484,1.0,1.2123589775701298,1.3436226913421048,1.7075656839769857,0.9138656420829175,-0.9275183278991044,-0.3443137088239045,-0.6660978133650524,0.6362713394209557,1.668574080880422,1.944719742108831,1.4022874230974929,0.7931130083891645,0.5681063122923588,0.05647840531561462
2020,1,25,25,Immanuel Quickley,1630193.0,36388.0,2020.0,2.0,2019,PG,SEC,True,25,3.218875824868201,1999-06-17,21.423682409308693,0.0785650421785787,0.0,0.0,0.0768573302171705,0.0688815675563354,0.173002338336282,0.2452243595122193,0.3574693621994138,7,0.3574693621994138,4.2,74.0,0.28940675218376,0.602,0.235,0.1140520240160976,0.1069900142653352,0.0161961932467392,0.0045058928066124,0.074347231309106,0.47,0.2236842105263158,0.9032258064516128,-0.9241520499326445,0.992453137733986,1.0664057042143738,0.8126098611686587,-0.1577570584953304,-1.1338880841575547,-0.41780622230268005,-0.6548639779901628,-0.48890716666765194,0.8698719596763463,-0.7294753424224488,0.5060108379307903,0.12424242424242424,0.43636363636363634
2020,1,26,26,Payton Pritchard,1630202.0,34903.0,2020.0,4.0,2017,PG,Pac-12,True,26,3.258096538021482,1998-01-28,22.806297056810404,0.0439640532363278,0.0,0.0,0.1761769405269986,0.0956935965900845,0.6063824870400835,0.0358993857495508,0.0418835368569547,5,0.6063824870400835,5.8,73.0,0.3437715620190011,0.606,0.282,0.3145010361468245,0.1396648044692737,0.0254077751819989,0.001062770120739,0.0708036850240985,0.303,0.140625,0.6818181818181818,-1.2293679110044693,1.7518796601110571,1.1321657021387441,1.7644142017626905,2.583606735578009,-0.5094385367059812,0.6065261282194326,-0.8115695512162686,-0.5790989181010365,-0.20497582275613785,-1.1462885872998403,-0.15084412781488293,0.31385281385281383,0.4588744588744589
2020,1,28,28,Jaden McDaniels,1630183.0,37636.0,2020.0,1.0,2020,PF,Pac-12,True,28,3.332204510175204,2000-09-29,20.136892539356605,0.0924228884227471,0.1442496425765955,0.1750512429775031,0.0,0.0292389167684804,0.1751045026813222,0.2748888978307284,0.1090439087426231,6,0.2748888978307284,0.7,81.0,0.2411574889821747,0.521,0.255,0.1461376779010551,0.2056935988152048,0.0143845783938614,0.0485676611348389,0.1062209230515871,0.3389999999999999,0.2150537634408602,0.6976744186046512,1.2123589775701298,0.318455191792796,-0.2652342537541267,1.217632984825694,0.2810500422951051,0.7524410496890301,-0.6192586670110025,1.3505030371207485,0.3223547307894312,0.026727890822121743,-0.7727852249946127,-0.10380307451567772,0.19642857142857142,0.37797619047619047
2020,1,29,29,Malachi Flynn,1630201.0,36571.0,2020.0,4.0,2017,PG,Mountain West,False,29,3.367295829986474,1998-05-09,22.529774127310063,0.0011074367682126,0.0,0.0,0.1511791124379297,0.248076565449801,0.5086543851958069,0.0340418050265347,0.0569406951217149,5,0.5086543851958069,5.4,73.0,0.3206709072172276,0.589,0.268,0.3085842749807727,0.1064227035100821,0.0319003115264797,0.0036323735290779,0.0800868073786271,0.336,0.1203703703703703,0.631578947368421,-1.2293679110044693,1.4291847036877583,0.8526857109601697,1.4808980152027669,2.5026884278927835,-1.1447299883341733,1.3284992986621453,-0.6946201387774961,-0.3428211904845712,0.0074192480239341,-1.2479317144884967,-0.2998899914260483,0.2158273381294964,0.4892086330935252
2020,1,30,30,Desmond Bane,1630217.0,37332.0,2020.0,4.0,2017,SG,Big 12,True,30,3.4011973816621555,1998-06-25,22.401095140314855,0.0,0.087287608670802,0.0161691462268783,0.2896289410415273,0.1350746298373341,0.3713545256663392,0.1004851485571189,0.0,5,0.3713545256663392,3.8,77.0,0.2856048145933014,0.576,0.244,0.2597957291769468,0.1382970770725873,0.0252191892071068,0.016488561739047,0.1043800257927476,0.131,0.4095238095238095,0.6739130434782609,-0.008504466717169793,0.9393435572651696,0.6389657177059656,0.9948702668143247,1.8354506520095528,-0.5355772432919229,0.585555276926529,-0.10950118521489108,0.27549948053176454,-1.312004676518936,0.20311727185862097,-0.17429647902492124,0.20871559633027523,0.47706422018348627
2020,2,5,35,Xavier Tillman,1630214.0,36380.0,2020.0,3.0,2018,C,Big Ten,True,35,3.5553480614894135,1999-01-12,21.8507871321013,0.0,0.0463337335925102,0.2743838396274654,0.1726335694717403,0.1589516674703479,0.0,0.3476971898379361,0.0,6,0.3476971898379361,3.4,79.0,0.2490118670456183,0.6,0.209,0.1832200259362596,0.1469454615532858,0.0216481468374737,0.0694725772947068,0.1745269014657532,0.41,0.7364341085271318,1.0,0.6019272554264801,0.428173648202978,1.0335257052521885,0.28607980041451353,0.7881925082137651,-0.3702975355584531,0.18845364443725568,2.301940778075016,2.0609056995209065,0.48369910371257957,1.8436402391247422,0.7931130083891645,0.5488721804511278,0.17293233082706766
2020,2,8,38,Saben Lee,1630240.0,37009.0,2020.0,3.0,2018,PG,SEC,True,38,3.6375861597263857,1999-06-23,21.4072553045859,0.1243507456615325,0.0,0.0,0.0958770617378541,0.1008580981538393,0.5610176258799214,0.1178964685668524,0.0,5,0.5610176258799214,3.7,74.0,0.3248813694996659,0.589,0.294,0.3192125867927316,0.1640050361142402,0.0267880300181892,0.0092121215968312,0.0632426466377316,0.498,0.2,0.5384615384615384,-0.9241520499326445,1.4880009993474408,0.8526857109601697,2.007428075956912,2.648042445274643,-0.044271154124478684,0.7600111311875428,-0.4406711223796858,-0.7715454786572622,1.0500859591261043,-0.8483290201696653,-0.5761434968738492,0.5205811138014528,0.2929782082324455
2020,2,18,48,Nico Mannion,1630185.0,36705.0,2020.0,1.0,2020,PG,Pac-12,True,48,3.871201010907891,2001-03-14,19.682409308692677,0.1307534170244728,0.0963842818431426,0.0,0.0801578749724338,0.0650474523290961,0.5296564439596745,0.0,0.0980005298711798,5,0.5296564439596745,2.5,75.0,0.2595215977705527,0.525,0.245,0.3152985074626865,0.1615699873896595,0.0219298245614035,0.0,0.0438404208680403,0.362,0.1573033707865168,0.58,-0.6189361888608196,0.574984945432654,-0.19947425582975623,1.0151214229971763,2.594513045211954,-0.09080749191261431,0.21977634308669186,-0.8599390158482663,-1.2653786568150314,0.17476081894156617,-1.062592079679005,-0.45291041140017807,0.164804469273743,0.43575418994413406
2020,2,19,49,Isaiah Joe,1630198.0,35976.0,2020.0,2.0,2019,SG,SEC,True,49,3.8918202981106265,1999-07-02,21.38261464750171,0.0,0.0,0.0,0.0060830128420344,0.2615185612813201,0.1185842379956079,0.185841257377568,0.4279729305034694,7,0.4279729305034694,2.6,75.0,0.2838371480011538,0.549,0.242,0.0995033337869098,0.1011145065612079,0.0239785439390615,0.0080272396880844,0.0661801088570014,0.253,0.1842105263157894,0.7586206896551724,-0.6189361888608196,0.9146508765243535,0.19508573171646665,0.9543679544486211,-0.35672662298224994,-1.2461752053292854,0.4475949252179329,-0.4945982157932362,-0.6967800202671004,-0.5267865360592768,-0.9275648053344767,0.07700759471712852,0.06363636363636363,0.7606060606060606
2019,1,1,1,Zion Williamson,1629627.0,43429.0,2019.0,1.0,2019,PF,ACC,True,1,0.0,2000-07-06,18.954140999315538,0.0,0.0,0.033757817505611,0.1320041558192785,0.3028386170568995,0.0,0.531399409618211,0.0,6,0.531399409618211,6.3,78.0,0.415452427383013,0.711,0.283,0.14941717216835,0.1294992694913003,0.038913129855028,0.0578509474117367,0.1549393696664551,0.467,0.4595588235294117,0.8333333333333334,0.29372402386847113,2.3651677431148737,2.6221166011960038,1.7549479294505685,0.33183355251783936,-0.674086344020329,1.9666477990060827,1.6624762188370346,1.543404536139677,0.8111441653593707,0.47428299909673627,0.32471927216442664,0.6988505747126437,0.1632183908045977
2019,1,2,2,Ja Morant,1629630.0,44342.0,2019.0,2.0,2018,PG,OVC,False,2,0.6931471805599453,1999-08-10,19.860369609856264,0.1222377873026019,0.0,0.0,0.0,0.0,0.7790497926141106,0.0987124200832874,0.0,5,0.7790497926141106,6.3,74.0,0.3889284339008367,0.621,0.332,0.5184664821837961,0.2071452941463176,0.0279304234764402,0.0226961988961394,0.0858099594325256,0.512,0.2536585365853658,0.3636363636363636,-0.9098580592870157,2.0293408313578163,1.1949252108423287,2.7287438754515096,5.393291556121494,0.828176821865029,0.8202508232059099,0.1230825000556741,-0.19634210395258614,1.095699683321709,-0.55045808586868,-1.077619531386252,0.498046875,0.29296875
2019,1,3,3,RJ Barrett,1629628.0,43431.0,2019.0,1.0,2019,SG,ACC,True,3,1.0986122886681098,2000-06-14,19.014373716632445,0.0,0.1512221867850467,0.0,0.0047543525819619,0.0,0.3786768527151828,0.3912650251402546,0.0740815827775538,6,0.3912650251402546,4.2,78.0,0.3535797149039444,0.537,0.322,0.234822010361838,0.1331803023084586,0.0139535096507962,0.0115820347451548,0.1124328110276313,0.319,0.3373983739837398,0.863013698630137,0.29372402386847113,1.5817818639168268,-0.1371200868211014,2.5300100089207054,1.5031485776097784,-0.6028672437740322,-0.6386875466641059,-0.36359640410260163,0.4736624057854002,-0.12472731593898695,-0.13369493753097558,0.4133336994325428,0.35327635327635326,0.33760683760683763
2019,1,4,4,De'Andre Hunter,1629631.0,42531.0,2019.0,3.0,2017,PF,ACC,True,4,1.3862943611198906,1997-12-02,21.54688569472964,0.0459845858688302,0.0,0.0,0.1086195182116048,0.0194737244858855,0.063016404919823,0.4341003408910433,0.328805425622813,6,0.4341003408910433,4.8,80.0,0.311249332860791,0.625,0.241,0.1297561767321393,0.1009551914265745,0.0118366299708938,0.0238590135071548,0.0977512155591572,0.3979999999999999,0.3270440251572327,0.9782608695652174,0.8955150654462145,1.045826315420658,1.2583559393024921,0.9202656900211919,0.06218583876040533,-1.2263453588419326,-0.8596517042695825,0.1740010696341225,0.10417774938462596,0.3748257044837844,-0.18522729238130523,0.7574184822361646,0.32741116751269034,0.26649746192893403
2019,1,6,6,Jarrett Culver,1629633.0,42663.0,2019.0,2.0,2018,SG,Big 12,True,6,1.791759469228055,1999-02-20,20.32854209445585,0.0,0.0303137505086886,0.032092914419806,0.0,0.244629290435063,0.35959990011789,0.3333641445185523,0.0,5,0.35959990011789,3.6,78.0,0.3511137247027437,0.548,0.322,0.2608038029386343,0.1381586007082305,0.0284511309985201,0.0215006417402872,0.1185708353823868,0.377,0.2311557788944723,0.5625,0.29372402386847113,1.550559345548735,0.037314416444347985,2.5300100089207054,1.8594851115550435,-0.5065491856636343,0.8746033213982142,0.07073016491248774,0.6281351144611238,0.24203312943469368,-0.6624516176559696,-0.48388737665713405,0.40630797773654914,0.2912801484230056
2019,1,7,7,Coby White,1629632.0,41849.0,2019.0,1.0,2019,SG,ACC,True,7,1.9459101490553132,2000-02-16,19.34017796030116,0.0814905065369548,0.03819265847612,0.0,0.0388482440216959,0.1027878571636554,0.3677917623863769,0.1705012420531938,0.2003877293620029,5,0.3677917623863769,3.0,77.0,0.300407576830341,0.561,0.27,0.2444742328051091,0.156512958599798,0.0202747934212338,0.0125977125185359,0.064378808097401,0.293,0.1698113207547169,0.7195121951219512,-0.007171496920400543,0.9085561321740768,0.2434642839398791,1.4965939029605242,1.6355274148334886,-0.151436661661449,0.021140764118449284,-0.31912081970309997,-0.735689588654431,-0.2891371707616715,-0.9677556438122399,-0.015107912330938604,0.240990990990991,0.5247747747747747
2019,1,8,8,Jaxson Hayes,1629637.0,43022.0,2019.0,1.0,2019,C,Big 12,True,8,2.0794415416798357,2000-05-23,19.07460643394935,0.0,0.0,0.7016014137511476,0.195774168293035,0.0,0.0,0.1026244179558173,0.0,2,0.7016014137511476,3.3,84.0,0.2594928606918218,0.751,0.171,0.0234473943200843,0.1198347107438016,0.015501604188189,0.1061995865875059,0.1249372571571237,0.5920000000000001,0.7622950819672131,0.0,2.099097148601701,0.3905246835745748,3.256423885797638,-0.4708713756944365,-1.3958237631823123,-0.861072228814938,-0.47709432594576445,3.7796181300011504,0.7883557912255921,1.6015761596992002,1.9809651243830808,-2.1633011857480673,0.7619047619047619,0.0
2019,1,9,9,Rui Hachimura,1629060.0,41807.0,2019.0,3.0,2017,PF,WCC,False,9,2.1972245773362196,1998-02-08,21.360711841204655,0.0096622080233579,0.0,0.0,0.1980508569109196,0.0845777488338014,0.0229021491222614,0.5606009183783924,0.1242061187312672,6,0.5606009183783924,5.2,80.0,0.368949077148561,0.648,0.28,0.0913067954597783,0.1078201306526289,0.0176731008581348,0.0243528901993024,0.1206810734228135,0.477,0.5115384615384615,1.0,0.8955150654462145,1.7763772012197678,1.6230826279484316,1.6953277694913285,-0.4651418740768166,-1.0935253544545391,-0.2504291370958274,0.19562747032952837,0.6812424609320956,0.8743787249065568,0.7329794362900386,0.8223233637469253,0.5182795698924731,0.07741935483870968
2019,1,10,10,Cam Reddish,1629629.0,43430.0,2019.0,1.0,2019,SF,ACC,True,10,2.302585092994046,1999-09-01,19.800136892539356,0.0250576290279841,0.1795221041794646,0.000314683456372,0.0,0.3161883172988405,0.0300856904198065,0.249244802256082,0.1995867733614501,4,0.3161883172988405,1.4,79.0,0.2501391681834815,0.503,0.253,0.1065387336910905,0.1660440016604399,0.0288299334379628,0.0190693218228663,0.0651333318561321,0.264,0.2769230769230769,0.8202247191011236,0.5946195446573429,0.2720952445569582,-0.6762812787324904,1.1587463298581568,-0.2562380404182605,0.03296601685410028,0.9141434817224016,-0.03573507142863361,-0.716700851882626,-0.4725173934485117,-0.43467325302205856,0.2855818717028817,0.16666666666666666,0.6180555555555556
2019,1,11,11,Cameron Johnson,1629661.0,41851.0,2019.0,5.0,2015,PF,ACC,True,11,2.3978952727983707,1996-03-03,23.29637234770705,0.0083252906391232,0.0,0.0,0.3829329290737606,0.1099269564116061,0.0843826705654613,0.2691483511402422,0.1452838021698063,3,0.3829329290737606,4.6,80.0,0.3011791291803962,0.653,0.217,0.1380303873447894,0.1039661147477859,0.0212612123082692,0.010613185027844,0.0995951797151674,0.264,0.4956521739130435,0.9270833333333334,0.8955150654462145,0.9183249493452936,1.702371038523636,0.4433044103472621,0.17566544268419357,-1.1680912599249853,0.12410515103625384,-0.4060214315099127,0.15058390899185473,-0.4725173934485117,0.6539152841270672,0.6046215736795822,0.2553699284009546,0.5035799522673031
2019,1,12,12,PJ Washington,1629023.0,43435.0,2019.0,2.0,2018,PF,SEC,True,12,2.4849066497880004,1998-08-23,20.82409308692676,0.0,0.0,0.3904203538701398,0.0,0.0,0.3955054463637417,0.1100084502003151,0.1040657495658032,5,0.3955054463637417,3.8,78.0,0.3115510017641129,0.6,0.256,0.1306704604299722,0.1349448486270828,0.0169059557792467,0.0477621063931297,0.1534107927316294,0.489,0.0,0.0,0.29372402386847113,1.049645820814663,0.8619138864264707,1.2183664898173983,0.07472510767210465,-0.5687275315254608,-0.3305052830038989,1.220695260371729,1.5049355751361542,0.9502601963631804,-1.8128862633576484,-2.1633011857480673,,
2019,1,13,13,Tyler Herro,1629639.0,43437.0,2019.0,1.0,2019,SG,SEC,True,13,2.5649493574615367,2000-01-20,19.41409993155373,0.026274655705755,0.0688559618767383,0.0021268928174407,0.1854961275402734,0.1285717623860326,0.159450716186172,0.1574454223876879,0.2717784610999,7,0.2717784610999,3.7,77.0,0.258341796509608,0.585,0.215,0.1501041728937923,0.1190665184949991,0.0197831028402693,0.0113080819899188,0.0818375768612804,0.231,0.3095238095238095,0.8166666666666667,-0.007171496920400543,0.37595077222872886,0.6240486547008579,0.40355763704110126,0.34125566827826703,-0.8759348946735188,-0.03018288741302452,-0.375592540285059,-0.2963131467851335,-0.6811914399542265,-0.2724233086836095,0.2749588630061766,0.1935483870967742,0.41935483870967744
2019,1,14,14,Romeo Langford,1629641.0,42017.0,2019.0,1.0,2019,SF,Big Ten,True,14,2.6390573296152584,1999-10-25,19.652292950034223,0.0577278134629915,0.068224351027977,0.0704812309034056,0.0,0.0358055813285482,0.2280635919724191,0.3001937366158679,0.2395036946887904,6,0.3001937366158679,3.1,77.0,0.2974990179389812,0.55,0.26,0.1417563680554353,0.1240061273615872,0.0140678577981306,0.0266041771152194,0.0893328056660348,0.491,0.2426470588235294,0.6470588235294118,-0.007171496920400543,0.8717301409897074,0.06902978067442969,1.29786003642972,0.2267667301744267,-0.7803653856468061,-0.626751657114324,0.2942092290924927,-0.10768432606080847,0.9629071082726177,-0.6052608927817331,-0.23142647725130736,0.31070496083550914,0.3185378590078329
2019,1,17,17,Nickeil Alexander-Walker,1629638.0,43981.0,2019.0,2.0,2018,SG,ACC,True,17,2.833213344056216,1998-09-02,20.79671457905544,0.0990498560778137,0.0,0.0,0.0745233420816282,0.3606870076446083,0.2072432459343713,0.2054173825898787,0.0530791656716997,4,0.3606870076446083,3.6,77.0,0.3077926917989024,0.592,0.264,0.2458568566745583,0.1727946415847228,0.0358490858363932,0.0234101958874428,0.0763726442610628,0.359,0.16,0.8947368421052632,-0.007171496920400543,1.0020609188695413,0.7350524295061438,1.3773535830420416,1.6544899015800545,0.1635746056319937,1.646816723167633,0.15434776378394663,-0.4338464787980372,0.12821092224975822,-1.0165854129415297,0.5080470953790314,0.33678756476683935,0.3911917098445596
2019,1,20,20,Matisse Thybulle,1629680.0,43445.0,2019.0,4.0,2016,SF,Pac-12,True,20,2.995732273553991,1997-03-04,22.2943189596167,0.0,0.0,0.2205133183650791,0.0,0.7794866816349209,0.0,0.0,0.0,4,0.7794866816349209,1.5,77.0,0.1861044089393448,0.546,0.173,0.1348088214269271,0.1805844369048922,0.0714582314529251,0.0846696025290397,0.0604831411186562,0.248,0.2539682539682539,0.9347826086956522,-0.007171496920400543,-0.5386648491866871,0.005599052214266274,-0.43112460238827616,0.13148213124969063,0.31428834315133575,5.36377094541729,2.8368401661547895,-0.8337299670441078,-0.5736926887240099,-0.5489166595225397,0.6276087192146433,0.2840466926070039,0.5603112840466926
2019,1,21,21,Brandon Clarke,1629634.0,41808.0,2019.0,4.0,2016,PF,WCC,False,21,3.044522437723423,1996-09-19,22.748802190280628,0.0,0.0,0.310570746828464,0.1313067866722558,0.0926623773805476,0.0,0.4654600891187326,0.0,6,0.4654600891187326,5.4,80.0,0.3408209437621202,0.708,0.239,0.1227895510358886,0.1139817629179331,0.0233202392120075,0.1133424098025868,0.1712012844840169,0.42,0.531496062992126,1.0,0.8955150654462145,1.4202398731433346,2.574543554850881,0.8805189167150309,-0.03336042682378767,-0.9743126422130097,0.33903051953547986,4.092395710724924,1.9526603300135537,0.5139417354875948,0.8323060301014076,0.8223233637469253,0.6133333333333333,0.04
2019,1,22,22,Grant Williams,1629684.0,41829.0,2019.0,3.0,2017,PF,SEC,True,22,3.091042453358316,1998-11-30,20.553045859000683,0.0940901403241704,0.0,0.0492780451827202,0.1735892590715541,0.087194429077699,0.0681662604574346,0.5276818658864216,0.0,6,0.5276818658864216,5.5,78.0,0.342978835427918,0.659,0.262,0.1845723761446348,0.135754007196598,0.020665034212875,0.0536668512291994,0.1331332468455671,0.628,0.5662100456621004,1.0,0.29372402386847113,1.4475614789384101,1.7975171312138811,1.3376068097358809,0.8139820993519695,-0.5530722662399044,0.061874882645331225,1.4792585411649188,0.9946203242868301,1.8292205740690703,1.0050733671103513,0.8223233637469253,0.3695652173913043,0.1111111111111111
2019,1,24,24,Ty Jerome,1629660.0,42530.0,2019.0,3.0,2017,SG,ACC,True,24,3.1780538303479458,1997-07-08,21.949349760438057,0.0420499529681632,0.0011704800801286,0.0,0.1042856879593446,0.274070278641457,0.3761521024845102,0.0229571087187756,0.1793143891476206,5,0.3761521024845102,4.3,77.0,0.2651301410962901,0.559,0.2339999999999999,0.3263503116468129,0.1195984628656575,0.0301304602957706,0.0010655045840992,0.0776273885350318,0.222,0.0808080808080808,0.7215189873417721,-0.007171496920400543,0.4618996999428045,0.2117489197097974,0.7811519834496271,2.758446014897206,-0.865643055034713,1.0498950902370847,-0.8241054720631084,-0.40226893275177905,-0.7381025435466942,-1.4107141166828407,-0.009116384213705716,0.15647921760391198,0.4841075794621027
2019,1,25,25,Nassir Little,1629642.0,41852.0,2019.0,1.0,2019,SF,ACC,True,25,3.218875824868201,2000-02-11,19.353867214236825,0.0,0.1444559418026051,0.073561602284006,0.0229615434615938,0.1124610278651144,0.0,0.438277169626285,0.2082827149603957,6,0.438277169626285,1.6,78.0,0.2877885163306872,0.555,0.252,0.0612068251088868,0.1311475409836065,0.0154614646013836,0.033187672632107,0.1322397154803461,0.365,0.4444444444444444,0.8571428571428571,0.29372402386847113,0.7487830527649765,0.14831819124963397,1.1388729432050766,-0.8779586216121961,-0.6421962690129861,-0.48128417672910984,0.5824943704817291,0.9721332498969302,0.16615165797807005,0.3990605433537923,0.3958055709619262,0.46153846153846156,0.19047619047619047
2019,1,28,28,Jordan Poole,1629673.0,43202.0,2019.0,2.0,2018,SG,Big Ten,True,28,3.332204510175204,1999-06-19,20.00273785078713,0.0305348645583014,0.1102600197710828,0.0159000087331199,0.2450730026221905,0.0899223222655668,0.2233318339397684,0.0393229993937239,0.2456549487162462,7,0.2456549487162462,2.5,76.0,0.2391052992957867,0.578,0.209,0.1293443421682219,0.1224226804123711,0.02026316095727,0.0066602913877482,0.0518102066107023,0.244,0.3604651162790697,0.68,-0.30806701770927225,0.13239267240179495,0.5130448798955719,0.28431731712261865,0.05653758717686213,-0.8110012622098334,0.01992654413937357,-0.5791149650299853,-1.0519975411329625,-0.5989865125428844,-0.01889452186784651,-0.13307649209147224,0.24390243902439024,0.5501355013550135
2019,1,29,29,Keldon Johnson,1629640.0,43438.0,2019.0,1.0,2019,SF,SEC,True,29,3.367295829986474,1999-10-11,19.690622861054074,0.0592834060589675,0.1206587581834308,0.0,0.094718426272193,0.0838781084227165,0.0429523190042938,0.3481319385368389,0.2503770435215594,6,0.3481319385368389,3.2,77.0,0.2633817014993184,0.564,0.2269999999999999,0.1045946780730243,0.1197126895450917,0.0147136827374503,0.0060074185571443,0.1136667247896323,0.416,0.3798449612403101,0.9777777777777776,-0.007171496920400543,0.43976226914305233,0.2910373302849999,0.6420382768780641,-0.28290048253771594,-0.8634330444921539,-0.5593391513246869,-0.6077036586498171,0.5047157203492099,0.4886479116687202,0.07755664702945514,0.755976151535925,0.30133333333333334,0.31466666666666665
2019,1,30,30,Kevin Porter Jr.,1629645.0,43455.0,2019.0,1.0,2019,SG,Pac-12,True,30,3.4011973816621555,2000-05-04,19.12662559890486,0.0452264767664834,0.106421536449717,0.1693117436515286,0.1036944430574193,0.133225863852383,0.2277024876481837,0.1028737925949009,0.1115436559793837,5,0.2277024876481837,1.1,76.0,0.2555691180958193,0.564,0.235,0.119782603513623,0.1803551609322974,0.0217618916605527,0.0255158565295665,0.0997886494843898,0.293,0.3684210526315789,0.5,-0.30806701770927225,0.3408451977373225,0.2910373302849999,0.8010253701027092,-0.07460027794923847,0.3098524064761222,0.17636706859260753,0.24655268355267154,0.15545286968203123,-0.2891371707616715,0.020701221153151126,-0.6704889110005711,0.2857142857142857,0.44285714285714284
2019,2,3,33,Carsen Edwards,1629035.0,41938.0,2019.0,3.0,2017,PG,Big Ten,True,33,3.49650756146648,1998-03-12,21.27310061601643,0.0,0.0,0.0,0.0,0.1029314649370384,0.5963924002259865,0.1784124146702019,0.1222637201667731,5,0.5963924002259865,4.9,71.0,0.4349481470119556,0.546,0.372,0.1832698656012939,0.1237352722175988,0.0238148639004995,0.0100889695085082,0.0597602348848009,0.314,0.1654676258992805,0.46875,-1.8125446216536307,2.612007922738234,0.005599052214266274,3.5236793415747254,0.796118355306235,-0.7856057789304571,0.3906604391105711,-0.42897634121137745,-0.8519230007644248,-0.15634459571258014,-0.9893736932330657,-0.7637896781722896,0.2590975254730713,0.537117903930131
2019,2,4,34,Bruno Fernando,1628981.0,42672.0,2019.0,2.0,2018,C,Big Ten,True,34,3.5263605246161616,1998-08-15,20.84599589322382,0.1119148723554912,0.0,0.3658716246967213,0.0,0.0150181030066435,0.0560527019941412,0.4511426979470026,0.0,6,0.4511426979470026,3.2,81.0,0.2954040578565434,0.662,0.233,0.1512183476517661,0.2140603875619648,0.0140603353803527,0.0725814185231048,0.2090546764264015,0.509,0.3821656050955414,0.6666666666666666,1.1964105862350862,0.8452053277027424,1.8450901775590036,0.761278596796549,0.35653641421957116,0.9619671887658267,-0.6275368622080433,2.3075098390738447,2.9052984506775226,1.0767293154575532,0.08910621375091549,-0.1728848194180724,0.6273062730627307,0.03690036900369004
2019,2,6,36,Cody Martin,1628998.0,41843.0,2019.0,3.0,2017,SF,Mountain West,False,36,3.58351893845611,1995-09-28,23.72621492128679,0.1442544208003264,0.0326245209156518,0.1093524181210365,0.2517740708525139,0.1070096269649727,0.2580940825885559,0.0,0.0968908597569427,5,0.2580940825885559,3.3,78.0,0.206225296698509,0.6,0.174,0.2590789419650394,0.1577598106882271,0.0231274560907353,0.0223533153010872,0.0717905156088458,0.324,0.3157894736842105,0.6875,0.29372402386847113,-0.28390925959150876,0.8619138864264707,-0.41125121573519574,1.835828892337237,-0.12731308322872856,0.31890742968918745,0.1080679465519748,-0.5491627081740602,-0.09311003616539376,-0.24123984806267737,-0.11068430797025994,0.33448275862068966,0.3137931034482759
2019,2,8,38,Daniel Gafford,1629655.0,44057.0,2019.0,2.0,2018,C,SEC,True,38,3.6375861597263857,1998-10-01,20.71731690622861,0.0,0.0,0.5496145238956137,0.0,0.0,0.1052782093701738,0.3451072667342124,0.0,2,0.5496145238956137,3.3,82.0,0.3438242307781353,0.663,0.258,0.0597360693249312,0.1567268827847892,0.0191040258364518,0.0866715590758407,0.1691675444739597,0.596,0.624390243902439,0.0,1.497306107023958,1.4582652407934273,1.8609478596740445,1.258113263123559,-0.8981298248417509,-0.14729774502235293,-0.10106631055812407,2.924503980107302,1.9014781727038763,1.626869983518074,1.2946292504613515,-2.1633011857480673,0.6955128205128205,0.0
2019,2,11,41,Eric Paschall,1629672.0,41861.0,2019.0,4.0,2016,PF,Big East,True,41,3.713572066704308,1996-11-04,22.622861054072555,0.0732864878389523,0.1169540191500528,0.0,0.1273393077805804,0.0,0.1494020396767961,0.3591228077834835,0.1738953377701346,6,0.3591228077834835,3.5,78.0,0.2924968958789097,0.577,0.245,0.1293170614029518,0.1372063449568302,0.01273658895765,0.0156737825491583,0.1008404230998281,0.415,0.4112903225806452,0.8382352941176471,0.29372402386847113,0.80839702319225,0.497187197780531,0.9997592366335135,0.05616343541997338,-0.5249730360305661,-0.7657121755963088,-0.18442257597734044,0.18192235072352267,0.48232445571400157,0.23405644688539876,0.3393546866227354,0.2718676122931442,0.4562647754137116
2019,2,12,42,Admiral Schofield,1629678.0,41832.0,2019.0,4.0,2016,SF,SEC,True,42,3.737669618283368,1997-03-30,22.223134839151268,0.0,0.1414778756266217,0.0,0.1812409731518696,0.0561300201408462,0.1625350881633828,0.2954225736969361,0.1631934692203434,6,0.2954225736969361,3.1,77.0,0.3021342416613187,0.565,0.263,0.1199063057703747,0.1147842056932965,0.0163197239792984,0.0166726401876771,0.1092646341560923,0.171,0.4756097560975609,0.918918918918919,-0.007171496920400543,0.9304178672184776,0.30689501240004075,1.3574801963889611,-0.07290371935799363,-0.9587873113346392,-0.3916973370761882,-0.14068352962886746,0.3939304212533999,-1.0605987972373445,0.5541665694341674,0.5802456975716558,0.25298804780876494,0.35258964143426297
2019,2,18,48,Terance Mann,1629611.0,41898.0,2019.0,4.0,2016,SF,ACC,True,48,3.871201010907891,1996-10-18,22.6694045174538,0.1560444829018745,0.0118225721025819,0.175245486240914,0.1638795722493164,0.0,0.1845071968493168,0.0911851038503922,0.2173155858056039,7,0.2173155858056039,3.0,77.0,0.2088235022439454,0.611,0.175,0.1555364352372758,0.1583203429462198,0.0124143328272699,0.0121299031764173,0.1173083214612967,0.426,0.3076923076923077,0.5666666666666667,-0.007171496920400543,-0.2510127296997974,1.0363483896919201,-0.3913778290821153,0.41575836201030136,-0.1164681369714756,-0.7993499184773413,-0.33960575540176113,0.5963620334402739,0.5518824712159066,-0.28153847409588156,-0.4714472743675716,0.5395189003436426,0.2646048109965636
2018,1,1,1,Deandre Ayton,1629028.0,46016.0,2018.0,1.0,2018,C,Pac-12,True,1,0.0,1998-07-23,19.912388774811777,0.0,0.0,0.2128046060726419,0.1234417717256611,0.0,0.0,0.6551357082767422,0.0086179139249546,6,0.6551357082767422,6.0,84.0,0.3585047700134823,0.658,0.267,0.104947241196681,0.1155048240250034,0.0099182219525582,0.0603907346171834,0.2129788934514974,0.429,0.5823293172690763,0.8333333333333334,2.057943132092919,1.6309912144739123,1.7629969836917645,1.4136557806735146,-0.269052683378506,-0.9358628598849804,-1.0049424947914791,1.7558320560764742,3.030037005480914,0.5313348441637894,1.0308581975162756,0.35915285475422876,0.4976635514018692,0.0794392523364486
2018,1,2,2,Marvin Bagley III,1628963.0,46001.0,2018.0,1.0,2018,PF,ACC,True,2,0.6931471805599453,1999-03-14,19.27173169062286,0.0336542249563437,0.0,0.0526267562947078,0.2087554764254413,0.0272158791609814,0.0,0.6163095602627474,0.0614381028997783,6,0.6163095602627474,5.5,82.0,0.3578430993374653,0.651,0.257,0.0865452049479982,0.1257818874082132,0.0139255496528955,0.0255705829966959,0.1780634476664632,0.478,0.5397489539748954,0.9090909090909092,1.4682838834751581,1.6226332433652257,1.6500410425167753,1.2171696413843938,-0.5173276872330607,-0.7368692891464212,-0.5840750769365489,0.24700048692080562,2.1428632939068386,0.8408366598285965,0.8235655327426522,0.5759329090649971,0.5660377358490566,0.12971698113207547
2018,1,4,4,Jaren Jackson Jr.,1628991.0,46009.0,2018.0,1.0,2018,PF,Big Ten,True,4,1.3862943611198906,1999-09-15,18.765229295003422,0.0020915838193101,0.0,0.5212637598617761,0.0,0.0567358580340522,0.0,0.4199087982848616,0.0,2,0.5212637598617761,2.8,82.0,0.3051975417032484,0.66,0.236,0.0957352108116856,0.1692872718925743,0.0167484662576687,0.1453805576488319,0.1487392197125256,0.5760000000000001,0.4729729729729729,0.972972972972973,1.4682838834751581,0.9576346788887962,1.7952701097417616,0.8045487488772396,-0.39333875957329223,0.10552035876027709,-0.28759979188044993,5.438622683893661,1.3977579811145793,1.4598402911582113,0.4984820911306577,0.7587312251324556,0.3778801843317972,0.41935483870967744
2018,1,5,5,Trae Young,1629027.0,48324.0,2018.0,1.0,2018,PG,Big 12,True,5,1.6094379124341005,1998-09-19,19.753593429158112,0.0666906185988846,0.0,0.0,0.0,0.0,0.9139852903598588,0.0193240910412567,0.0,5,0.9139852903598588,5.8,73.0,0.4118689057165772,0.593,0.371,0.4863525677525653,0.1844162728035691,0.025389179119515,0.0066890020796598,0.0576332810791584,0.4429999999999999,0.0875912408759124,0.2807017543859649,-1.1851827353047655,2.3050665824973438,0.7141203870668638,3.4571116292803707,4.876758771459155,0.3984614257487618,0.619886389068775,-0.5711787580664236,-0.9171714693479754,0.6197639343537337,-1.37765986777066,-1.2222005940601122,0.2945205479452055,0.535958904109589
2018,1,6,6,Mohamed Bamba,1628964.0,47342.0,2018.0,1.0,2018,C,Big 12,True,6,1.791759469228055,1998-05-12,20.109514031485283,0.0,0.0,0.7100305668483062,0.0,0.0024605974806382,0.0897818970673001,0.1462955568050793,0.0514313817986761,2,0.7100305668483062,2.9,84.0,0.2602786379481074,0.6,0.212,0.0356521563233271,0.124877836898686,0.0154687562604818,0.1314675375729535,0.2013049854564873,0.441,0.0,0.0,2.057943132092919,0.3902362533166242,0.8270763282418531,0.33298201458334975,-1.2039621266345526,-0.7543743129368498,-0.4220006401249938,4.835741796366727,2.7334122867741404,0.6071312071837422,-1.804077594800189,-2.0254277426642218,,
2018,1,7,7,Wendell Carter Jr.,1628976.0,46002.0,2018.0,1.0,2018,PF,ACC,True,7,1.9459101490553132,1999-04-16,19.1813826146475,0.0,0.0,0.5886701000644783,0.0,0.01119359463756,0.1930149711340979,0.2071213341638636,0.0,2,0.5886701000644783,3.6,82.0,0.2911131641360455,0.634,0.226,0.129556183205349,0.1596815119433021,0.0179835444367181,0.0766582501194811,0.1814781698308571,0.526,0.5,0.0,1.4682838834751581,0.7797262040881321,1.3757194710918013,0.6080626095881191,0.06296411571327334,-0.08047484246481351,-0.15788637612417472,2.4607382612279256,2.2296286686132416,1.1440221119084077,0.6300569303267064,-2.0254277426642218,0.8333333333333334,0.0
2018,1,8,8,Collin Sexton,1629012.0,46356.0,2018.0,1.0,2018,PG,SEC,True,8,2.0794415416798357,1999-01-04,19.460643394934976,0.0959753367892862,0.0,0.0,0.0045810391374613,0.0,0.6024156640145298,0.25177549409495,0.0452524659637724,5,0.6024156640145298,4.1,75.0,0.3903754738784555,0.576,0.3289999999999999,0.2782134333446983,0.143552615154163,0.0172731770950474,0.0033411448061439,0.0702025045026555,0.575,0.1838235294117647,0.3095238095238095,-0.5955234866870047,2.033569765665582,0.4397988156418897,2.6318698442660615,2.0686051682895203,-0.39277677585447035,-0.23249232082698834,-0.7162485670196993,-0.597797497585386,1.4535239275732146,-0.9091751958564777,-1.1397263779087974,0.3613861386138614,0.297029702970297
2018,1,9,9,Kevin Knox,1628995.0,48213.0,2018.0,1.0,2018,SF,SEC,True,9,2.1972245773362196,1999-08-11,18.86105407255305,0.0080134349100708,0.0,0.2435727034927679,0.0,0.0050760190962629,0.3490184350269495,0.06021808019797,0.3341013272759786,5,0.3490184350269495,3.0,79.0,0.2940523746116289,0.567,0.247,0.0835755813953488,0.1382335594219994,0.0144252108300044,0.0085106382978723,0.0920781893004115,0.371,0.0,0.0,0.5837950105485169,0.8168531875372863,0.2945697484169034,1.0206835020952727,-0.5573929978876562,-0.49576902700959075,-0.531598432864122,-0.4922433684818711,-0.041953743083806026,0.16498575623401776,-1.804077594800189,-2.0254277426642218,,
2018,1,10,10,Mikal Bridges,1628969.0,46041.0,2018.0,4.0,2015,SF,Big East,True,10,2.302585092994046,1996-08-30,21.806981519507183,0.0,0.0,0.0,0.2669660435883205,0.2405293857535421,0.0117277340667459,0.3097531712127539,0.1710236653786376,6,0.3097531712127539,5.4,78.0,0.3259762648773361,0.661,0.2319999999999999,0.1059566817763539,0.0918429825158174,0.0280209684392563,0.035024498740389,0.097065056381252,0.282,0.384,0.9361702127659576,0.2889653862396365,1.2201035690167747,1.81140667276676,0.7259542931615895,-0.2554336001193276,-1.394024316771137,0.8962886346960725,0.6566588560655586,0.08475858373208664,-0.39717060283063205,0.06533772049726667,0.6534202476271441,0.3127853881278539,0.5
2018,1,11,11,Shai Gilgeous-Alexander,1628983.0,48216.0,2018.0,1.0,2018,SG,SEC,True,11,2.3978952727983707,1998-07-12,19.942505133470227,0.2047892840425746,0.0,0.0001674237783854,0.0393518654891128,0.2302830108357469,0.2506177974580546,0.1622535414579482,0.1125370769381771,5,0.2506177974580546,3.7,78.0,0.2631666701162986,0.582,0.225,0.2937539666907403,0.175639557082856,0.0282524854598014,0.0180575460257964,0.0693671506855156,0.476,0.0709219858156028,0.7894736842105263,0.2889653862396365,0.4267167719456192,0.5366181937918806,0.588413995659207,2.278273594340283,0.22851891050892073,0.9206035841867473,-0.07855545796649398,-0.6190231737801671,0.8282039326586044,-1.4588102862715515,0.23364861278483656,0.4492307692307692,0.15076923076923077
2018,1,12,12,Miles Bridges,1628970.0,46010.0,2018.0,2.0,2017,SF,Big Ten,True,12,2.4849066497880004,1998-03-21,20.25188227241615,0.0,0.1627673539401861,0.0,0.1899283630091373,0.0,0.2007083699714015,0.3850864382766257,0.0615094748026493,6,0.3850864382766257,4.2,79.0,0.3231822708743738,0.574,0.27,0.1741407020263721,0.1188503925664481,0.0114809886603158,0.0246793671089305,0.1242733331494086,0.2319999999999999,0.5378787878787878,0.8923076923076924,0.5837950105485169,1.184810904552374,0.4075256895918928,1.472601622460251,0.6644856773793251,-0.8710830093198529,-0.8408137690702883,0.20838219826285678,0.7760992595623419,-0.7129887820804357,0.8144610610181378,0.5279077893407653,0.2576112412177986,0.4215456674473068
2018,1,13,13,Jerome Robinson,1629010.0,46890.0,2018.0,3.0,2016,PG,ACC,True,13,2.5649493574615367,1997-02-22,21.32511978097194,0.0586805099026748,0.0,0.0,0.2150030567771417,0.0,0.3825092303789545,0.196591297932492,0.147215905008737,5,0.3825092303789545,4.7,77.0,0.3508517228029423,0.614,0.2739999999999999,0.1968665701984744,0.139851989977274,0.0144746465138956,0.0045093795093795,0.0567051333068046,0.3429999999999999,0.3821656050955414,0.6621621621621622,-0.0058642380692438606,1.53432084687633,1.0529882105918318,1.551196078175897,0.9710965834648222,-0.464431546332704,-0.5264064769810454,-0.6656264611875132,-0.9407549661521684,-0.01187242414587252,0.05640739255794771,-0.13065288958037197,0.29637526652452023,0.3837953091684435
2018,1,15,15,Troy Brown,1628972.0,47762.0,2018.0,1.0,2018,SG,Pac-12,True,15,2.70805020110221,1999-07-28,18.899383983572896,0.0840752466725454,0.0038830769343541,0.2577749394041251,0.0,0.28022103324222,0.258458898006204,0.0,0.1155868057405513,4,0.28022103324222,1.8,79.0,0.2172659075507762,0.538,0.212,0.1896870648386136,0.1893439013650374,0.030029808458519,0.0076935872910255,0.1216701804632907,0.326,0.0,0.0,0.5837950105485169,-0.15308411888219206,-0.1733905793080505,0.33298201458334975,0.8742327529188509,0.4938745185902337,1.1072659679747006,-0.5276479343831731,0.7099552199142175,-0.119250605090805,-1.804077594800189,-2.0254277426642218,,
2018,1,17,17,Donte DiVincenzo,1628978.0,46042.0,2018.0,3.0,2016,PG,Big East,True,17,2.833213344056216,1997-01-31,21.38535249828884,0.0945457240205806,0.0271329005840448,0.0,0.2782011821955284,0.1096231488274849,0.2553968944947112,0.1277754097849239,0.1073247400927259,3,0.2782011821955284,3.6,76.0,0.2723157934399668,0.613,0.2239999999999999,0.1997588495968962,0.1527810010056471,0.0211894586894586,0.0071566656142158,0.0955427895318605,0.2739999999999999,0.3548387096774194,0.7875,-0.3006938623781243,0.542285001248652,1.0368516475668332,0.5687653817302928,1.0101183889371932,-0.21408862494355688,0.17881302914324157,-0.5509138978678872,0.046078993641912314,-0.44770151151060095,-0.07662728664561802,0.2280009218962138,0.26666666666666666,0.5472222222222223
2018,1,19,19,Kevin Huerter,1628989.0,46660.0,2018.0,2.0,2017,SG,Big Ten,True,19,2.9444389791664403,1998-08-27,19.81656399726215,0.1665192335754959,0.0,0.0103677983076527,0.2660583481247693,0.0,0.1904065811030016,0.2233485862263271,0.1432994526627532,3,0.2660583481247693,3.8,79.0,0.2679211944518067,0.646,0.215,0.2029155030485576,0.1795493311787414,0.0113031622465584,0.020684500996474,0.0877635430365248,0.307,0.3780487804878049,0.8571428571428571,0.5837950105485169,0.48677410631462903,1.5693582273917828,0.39192785637008604,1.0527070534353857,0.304223406930773,-0.8594898917088684,0.03527611386895545,-0.15158547351132692,-0.2392615132057303,0.036365582734780674,0.4272837289661842,0.2,0.55
2018,1,20,20,Josh Okogie,1629006.0,46132.0,2018.0,2.0,2017,SG,ACC,True,20,2.995732273553991,1998-09-01,19.802874743326488,0.044537054414402,0.0239493825046076,0.0511624685031135,0.0316631547300273,0.3281253612581737,0.1095372206595778,0.3246781679499743,0.0863471899801234,4,0.3281253612581737,3.8,76.0,0.3089509932404849,0.558,0.2689999999999999,0.1558491481384028,0.1348722030600513,0.0296789754401941,0.0284014468353359,0.1019346158849828,0.506,0.3604651162790697,0.7297297297297297,-0.3006938623781243,1.005046844250149,0.14934068119191898,1.4529530085313367,0.4177012699001564,-0.5608545752880638,1.0704199205430858,0.36966786569258797,0.20849021830017261,1.0176948402084864,-0.04923642552266019,0.06269148318328611,0.3824561403508772,0.2982456140350877
2018,1,21,21,Grayson Allen,1628960.0,46005.0,2018.0,4.0,2015,SG,ACC,True,21,3.044522437723423,1995-10-08,22.702258726899384,0.091304301041602,0.0289659600844834,0.0,0.2827876231860466,0.2026904794729616,0.2537784807746459,0.0041594227535405,0.1363137326867199,3,0.2827876231860466,4.4,76.0,0.2554480197535282,0.591,0.207,0.2106827627013608,0.1382703634535268,0.0275594452092056,0.0015406863385748,0.0503471202459948,0.3,0.3285714285714285,0.7790697674418605,-0.3006938623781243,0.32921773040062746,0.6818472610168668,0.23473894493878925,1.1575006966050145,-0.49505639487158376,0.8478174078245703,-0.7942662794188465,-1.1023070219421258,-0.2834760583007028,-0.20450347828822948,0.2038778391083762,0.14854111405835543,0.6339522546419099
2018,1,22,22,Chandler Hutchison,1628990.0,47643.0,2018.0,4.0,2015,SG,Mountain West,False,22,3.091042453358316,1996-04-26,22.151950718685832,0.0499187752662369,0.0,0.0,0.0,0.2317210263629788,0.2662577527544396,0.4521024456163446,0.0,6,0.4521024456163446,4.2,78.0,0.3992534108931015,0.597,0.33,0.2402438778188278,0.1636438019909996,0.029221632116955,0.0087676458081601,0.1425128669668013,0.515,0.1970802919708029,0.7631578947368421,0.2889653862396365,2.14571247315235,0.7786666391668576,2.651518458194976,1.5563307972825626,-0.0037534858386252725,1.022387686116979,-0.4811066839188961,1.2395513092306603,1.074542112473451,-0.8446377089837487,0.15834606760320136,0.3324022346368715,0.29608938547486036
2018,1,23,23,Aaron Holiday,1628988.0,46136.0,2018.0,3.0,2016,PG,Pac-12,True,23,3.1354942159291497,1996-09-30,21.72210814510609,0.1894266317676538,0.0,0.0,0.1259196785050422,0.0,0.6036570735959428,0.0005411501748605,0.0804554659565005,5,0.6036570735959428,4.5,72.0,0.3127900520436238,0.616,0.266,0.2989660756550263,0.1867120750433172,0.019553315373251,0.0068038182019776,0.0530332348098011,0.417,0.0762711864406779,0.5308641975308642,-1.4800123596136459,1.0535403678778419,1.0852613366418287,1.3940071667446026,2.348593876058623,0.44291477476122737,0.006977964924526866,-0.5662035301613502,-1.0340549869557456,0.4555384811438366,-1.4327689384249005,-0.5063615843087644,0.2834101382488479,0.4377880184331797
2018,1,25,25,Moritz Wagner,1629021.0,48111.0,2018.0,3.0,2016,,Big Ten,True,25,3.218875824868201,1997-04-26,21.152635181382617,0.0,0.0656255080006548,0.0,0.2764117640545462,0.1076207290816924,0.0,0.5058145878096807,0.0445274110534257,6,0.5058145878096807,3.2,83.0,0.3271598479299641,0.618,0.262,0.068571148689189,0.1126033903857177,0.0213122055436091,0.0207304215975455,0.157414546389103,0.26,0.5597014925373134,0.9433962264150944,1.7631135077840385,1.2350541378074964,1.1175344626918255,1.3154127110289542,-0.7598285076114173,-0.9920429785252631,0.19170445091336247,0.03726595163090593,1.6181911330829757,-0.5361306017005453,0.9206998587000668,0.6740974619604391,0.3585434173669468,0.3865546218487395
2018,1,26,26,Landry Shamet,1629013.0,46052.0,2018.0,3.0,2016,PG,American,False,26,3.258096538021482,1997-03-13,21.27310061601643,0.1651130632201062,0.0,0.0,0.4166270511788475,0.0,0.4003463823752276,0.0042653689738758,0.0136481342519426,3,0.4166270511788475,4.3,76.0,0.2686438856651623,0.65,0.207,0.2943447775557902,0.1625812906453226,0.0135417682299283,0.0072902238098709,0.055783516279529,0.324,0.4464285714285714,0.7972972972972973,-0.3006938623781243,0.4959028655307504,1.6339044794917768,0.23473894493878925,2.286244645359601,-0.024326768180342444,-0.6243815126920528,-0.5451265358793393,-0.9641725219173714,-0.13188333226079713,0.36925680263453886,0.25603585594694417,0.1875,0.625
2018,1,30,30,Omari Spellman,1629016.0,46039.0,2018.0,2.0,2017,PF,Big East,True,30,3.4011973816621555,1997-07-21,20.917180013689254,0.0,0.0,0.4722496649831682,0.0,0.0136018416310152,0.1378228958391305,0.0226475019251077,0.3536780956215781,2,0.4722496649831682,2.8,81.0,0.2288872561025389,0.592,0.184,0.0434880172336415,0.0983284169124877,0.0136419753086419,0.0548916252610355,0.1678737097753491,0.208,0.0,0.0,1.1734542591662778,-0.0062876853084784376,0.6979838240418653,-0.2171791754261885,-1.0982429349417684,-1.2684476125841655,-0.6138573186099393,1.5175438978504963,1.8839501572828883,-0.8645815081203406,-1.804077594800189,-2.0254277426642218,,
2018,2,2,32,Jevon Carter,1628975.0,48747.0,2018.0,4.0,2015,PG,Big 12,True,32,3.4657359027997265,1995-09-14,22.767967145790553,0.0240173169553164,0.0,0.0,0.0739646645569104,0.5940839577874847,0.3079340607002885,0.0,0.0,4,0.5940839577874847,4.7,73.0,0.2858596471300924,0.555,0.246,0.3493936410974453,0.142761679120345,0.0503131156590749,0.0126822675097657,0.0743288466728877,0.303,0.1526717557251908,0.6428571428571429,-1.1851827353047655,0.7133657850061489,0.10093099211692355,1.0010348881663607,3.0289481496509567,-0.4080915773426446,3.237509303536637,-0.31147776130360405,-0.4929504244324881,-0.2645269675457146,-1.0608304115553358,-0.18589413894141701,0.2854122621564482,0.38054968287526425
2018,2,3,33,Jalen Brunson,1628973.0,46040.0,2018.0,3.0,2016,PG,Big East,True,33,3.49650756146648,1996-08-31,21.804243668720055,0.0248947265591639,0.0,0.0,0.179682280806787,0.0,0.5388443168258228,0.053773333133586,0.2028053426746401,5,0.5388443168258228,5.9,74.0,0.3526298642784855,0.641,0.264,0.2663225158856057,0.107530138729024,0.0171700296995108,0.0008228477563514,0.0564290705800139,0.313,0.1294117647058823,0.6470588235294118,-0.8903531109958851,1.5567816504428538,1.4886754122667905,1.3547099388867785,1.9081763147596986,-1.0902757542489332,-0.24332532008839053,-0.8253717589762457,-0.9477695005064496,-0.2013633316957539,-1.1740663059438163,-0.1738710434922484,0.25413223140495866,0.4132231404958678
2018,2,4,34,Devonte' Graham,1628984.0,46031.0,2018.0,4.0,2015,PG,Big 12,True,34,3.5263605246161616,1995-02-22,23.326488706365502,0.1737632600073858,0.0,0.0,0.0682574119125781,0.1205487040278828,0.4786731239646084,0.0,0.1587575000875447,5,0.4786731239646084,4.7,73.0,0.2639232709073942,0.577,0.238,0.3117073439313704,0.1592920353982301,0.0233080146894513,0.0014739625719825,0.0596596414540397,0.415,0.0481927710843373,0.61,-1.1851827353047655,0.4362738639885252,0.45593537866688816,0.8438459767350638,2.520495419326568,-0.08801623104371621,0.4013132237799188,-0.797157562792472,-0.865683263645597,0.44290575397384446,-1.5694622188843441,-0.2799147453539161,0.23093681917211328,0.5381263616557734
2018,2,12,42,Bruce Brown,1628971.0,46075.0,2018.0,2.0,2017,SG,ACC,True,42,3.737669618283368,1996-08-15,21.848049281314168,0.05353284101952,0.1262815331070148,0.244814144278422,0.0,0.1630508348326028,0.3523872160477158,0.0,0.0599334307147244,5,0.3523872160477158,1.6,76.0,0.2069272813688212,0.494,0.208,0.2134180852453306,0.1642475171886936,0.0239158163265306,0.0254927276559865,0.1236860795454545,0.372,0.0,0.0,-0.3006938623781243,-0.2836776936986552,-0.8833993524079834,0.2543875588677013,1.1944048851399198,0.007936180598047383,0.4651472609972977,0.24362684865610043,0.7611776124877822,0.17130211981901383,-1.804077594800189,-2.0254277426642218,,
2018,2,15,45,Hamidou Diallo,1628977.0,48214.0,2018.0,2.0,2017,SG,SEC,True,45,3.80666248977032,1998-07-31,19.890485968514717,0.0353552072507253,0.2236974176208403,0.0,0.0320720612006642,0.1623241112025357,0.0176305421675736,0.2943898642171465,0.2345307963405143,6,0.2943898642171465,1.5,77.0,0.244659848199215,0.513,0.223,0.0954893642536988,0.1225098540534782,0.0188199883230165,0.0166552276366964,0.0778500523621989,0.421,0.4021739130434782,0.9583333333333334,-0.0058642380692438606,0.1929456702433438,-0.5768046549330124,0.5491167678013829,-0.39665565093829913,-0.8002252865316416,-0.07003931071514442,-0.13932091006856562,-0.40347938803687156,0.4808039354838209,0.1538132188888353,0.7168399443669963,0.34980988593155893,0.2585551330798479
2018,2,17,47,Sviatoslav Mykhailiuk,1629004.0,46030.0,2018.0,4.0,2015,SG,Big 12,True,47,3.8501476017100584,1997-06-10,21.02943189596167,0.0,0.0,0.1802248780719628,0.0,0.1106136693758838,0.2816594647979951,0.0,0.4275019877541584,7,0.4275019877541584,3.1,79.0,0.2408892379933017,0.564,0.212,0.1370972529662706,0.1178048426852254,0.0202221991605553,0.0096745543361035,0.0652640320148737,0.1169999999999999,0.0,0.0,0.5837950105485169,0.14531676313679615,0.24616005934190802,0.33298201458334975,0.1647060696285248,-0.8913278688183062,0.07722712183377892,-0.441808399631921,-0.7232801562765085,-1.439370594354983,-1.804077594800189,-2.0254277426642218,,
2018,2,18,48,Keita Bates-Diop,1628966.0,46698.0,2018.0,4.0,2015,SF,Big Ten,True,48,3.871201010907891,1996-01-23,22.409308692676248,0.0,0.0,0.0532437810175707,0.0,0.1491335040376453,0.0,0.5823379869042297,0.2152847280405543,6,0.5823379869042297,4.5,80.0,0.361025641025641,0.582,0.295,0.1054433413214652,0.0970205307961943,0.0166984966456099,0.0585495675316034,0.1557373128617209,0.2739999999999999,0.3583815028901734,0.9032258064516128,0.8786246348573974,1.6628338936979274,0.5366181937918806,1.9638169706830524,-0.2623594425475161,-1.2937720577778977,-0.2928478232796863,1.6760503522777197,1.5755739629392727,-0.44770151151060095,-0.059380016096518405,0.5591499371183564,0.24421052631578946,0.36210526315789476
2017,1,2,2,Lonzo Ball,1628366.0,51221.0,2017.0,1.0,2017,PG,Pac-12,True,2,0.6931471805599453,1997-10-27,19.652292950034223,0.1519383723371191,0.0,0.0578643128158352,0.4190971064562448,0.1004027085948117,0.2706974997959891,0.0,0.0,3,0.4190971064562448,4.5,78.0,0.2258814062746032,0.679,0.181,0.314425513603111,0.1873210978279171,0.0283756719218188,0.0209916470737685,0.0934645153962235,0.286,0.4678899082568807,0.7215189873417721,0.3152595928103908,0.014265079260526045,2.1741347691386554,-0.2946356471936093,2.5120423720930374,0.4191016772923289,0.9344259493616578,0.057668721350482025,-0.0019289177934552148,-0.4858337746518954,0.5104793956660538,0.08283134088801102,0.36443148688046645,0.5626822157434402
2017,1,3,3,Jayson Tatum,1628369.0,51900.0,2017.0,1.0,2017,SF,ACC,True,3,1.0986122886681098,1998-03-03,19.30458590006845,0.0376286835201291,0.0,0.052661471639616,0.0,0.2741745494566261,0.0,0.423438465401427,0.2120968299822016,6,0.423438465401427,3.4,80.0,0.3003858800669114,0.571,0.266,0.1239741999637913,0.1510453931155099,0.0239006211180124,0.0319993710197342,0.126193118223785,0.38,0.216,0.875,0.9101006196350699,0.9250000674623055,0.4342538573536668,1.4085486147853397,-0.0450285796372007,-0.2806388087990354,0.47525406810942744,0.5377557023726185,0.8117069123889888,0.09052171811526782,-0.7320444275784561,0.5051658748088156,0.3561643835616438,0.32054794520547947
2017,1,4,4,Josh Jackson,1628367.0,52700.0,2017.0,1.0,2017,SF,Big 12,True,4,1.3862943611198906,1997-02-10,20.361396303901437,0.032007429909015,0.0161775619725642,0.0825842074927661,0.024671361417478,0.3694154264866194,0.0266502906482773,0.4029710242086187,0.0455226978646608,6,0.4029710242086187,3.1,80.0,0.2991706001421335,0.566,0.272,0.1815766643027622,0.1610974556566797,0.0309183556599553,0.0345446250334473,0.1327309718329878,0.4029999999999999,0.3440860215053763,0.8235294117647058,0.9101006196350699,0.9101446112511812,0.35370381514139876,1.528773386219148,0.7283637666513989,-0.08673947081117243,1.1953232948122412,0.6487635111963344,0.9742385052272684,0.23154487060084972,-0.1002210478869781,0.3635339783514444,0.4441860465116279,0.2116279069767442
2017,1,5,5,De'Aaron Fox,1628368.0,51981.0,2017.0,1.0,2017,PG,SEC,True,5,1.6094379124341005,1997-12-20,19.50444900752909,0.0931100228091441,0.0,0.0,0.050371356626496,0.2257434385965569,0.3657124981139051,0.163848458420218,0.1012142254336797,5,0.3657124981139051,3.5,75.0,0.3073120501932676,0.556,0.2739999999999999,0.2858640849054674,0.1386940441270246,0.0270814067253695,0.0065106390245568,0.0721174196927928,0.474,0.1878172588832487,0.7647058823529411,-0.577001947426628,1.0096648553231624,0.19260373071686454,1.5688483100304151,2.1285658905342317,-0.518890250462435,0.8016251810245878,-0.573900844767793,-0.5326195197160734,0.6668772108824307,-0.8710643965967644,0.2016689538287346,0.4642857142857143,0.15401785714285715
2017,1,6,6,Jonathan Isaac,1628371.0,53069.0,2017.0,1.0,2017,SF,ACC,True,6,1.791759469228055,1997-10-03,19.718001368925393,0.0,0.0,0.3434105266542868,0.1193963379413667,0.1737566390606438,0.0,0.2934849811660678,0.0699515151776347,2,0.3434105266542868,2.9,82.0,0.252506582265486,0.622,0.203,0.0753779081611864,0.1348617666891436,0.0244032280100062,0.0620835267787247,0.166599818134063,0.461,0.4545454545454545,0.8387096774193549,1.5049416464597491,0.33972847907626086,1.2558642879188004,0.14618851473035427,-0.6975006668898048,-0.5928129956848771,0.5268250920474865,1.8498354370962344,1.8162208844533871,0.5871684725210148,0.4446538063863063,0.40530559758311163,0.4196078431372549,0.34901960784313724
2017,1,7,7,Lauri Markkanen,1628374.0,51944.0,2017.0,1.0,2017,PF,Pac-12,True,7,1.9459101490553132,1997-05-22,20.084873374401095,0.0,0.0,0.0721948494658876,0.1591962149896202,0.0,0.0,0.4787154333054876,0.2898935022390044,6,0.4787154333054876,5.1,84.0,0.3038559421715605,0.643,0.2239999999999999,0.0563822948165432,0.0819403474270731,0.0078840826763264,0.0182716049382716,0.1402084179185275,0.436,0.396551724137931,0.9420289855072465,2.0997826732844285,0.967417748026654,1.594174465210326,0.5669752147486803,-0.9525429145157527,-1.6136411210836514,-1.1681561209239901,-0.06096223483027368,1.1601284463746846,0.43388243721059894,0.15858203745826674,0.6896098973174832,0.2579787234042553,0.43351063829787234
2017,1,9,9,Dennis Smith,1628372.0,51915.0,2017.0,1.0,2017,PG,ACC,True,9,2.1972245773362196,1997-11-25,19.57289527720739,0.1414557425800519,0.0,0.0211312158803959,0.0741618233931366,0.2172324926164519,0.4782842152949301,0.0677345102350332,0.0,5,0.4782842152949301,3.8,75.0,0.2906247305253852,0.571,0.271,0.3421050506029545,0.1753246753246753,0.0312425292151632,0.012337784773288,0.0729678149715358,0.476,0.1538461538461538,0.4629629629629629,-0.577001947426628,0.8056807842026271,0.4342538573536668,1.5087359243135132,2.883678244102216,0.1876965928059976,1.2285857956693098,-0.319757769939901,-0.5114786212717126,0.6791400937072639,-1.0386372366626146,-0.6286386719636841,0.3783783783783784,0.371007371007371
2017,1,10,10,Zach Collins,1628380.0,51200.0,2017.0,1.0,2017,C,WCC,False,10,2.302585092994046,1997-11-19,19.589322381930184,0.020589668363169,0.0,0.3953616202730294,0.0415967437927677,0.0,0.0,0.5424519675710339,0.0,6,0.5424519675710339,2.5,83.0,0.3311474553244852,0.717,0.247,0.0444501431807496,0.1806575936408527,0.0153173439463762,0.0982690622261174,0.1841768097373478,0.715,0.624,1.0,1.802362159872089,1.3010263844506273,2.7863150899518905,1.0278368385782803,-1.112748469187385,0.29056596183499406,-0.40545091134180006,3.4280185887526793,2.253186380065838,2.144554591274838,1.2805400518551777,0.8491290519195738,0.6038647342995169,0.10144927536231885
2017,1,11,11,Malik Monk,1628370.0,51980.0,2017.0,1.0,2017,SG,SEC,True,11,2.3978952727983707,1998-02-04,19.378507871321013,0.0,0.0011377725794247,0.0,0.1330210612121547,0.06318711452243,0.2795436156753661,0.2021922653297028,0.3209181706809215,7,0.3209181706809215,4.4,75.0,0.3367990078657221,0.592,0.273,0.1328826956533061,0.1065619742007851,0.0160691235741945,0.0154373772601971,0.0418525657247781,0.3229999999999999,0.3401360544217687,0.7884615384615384,-0.577001947426628,1.3701103786724147,0.7725640346451924,1.5488108481247826,0.07458023332385277,-1.138702061357963,-0.32831300137688707,-0.1845732389011788,-1.2850063451896971,-0.2589704423924806,-0.1197054656486017,0.26703752142444437,0.2114695340501792,0.471326164874552
2017,1,12,12,Luke Kennard,1628379.0,51895.0,2017.0,2.0,2016,SG,ACC,True,12,2.4849066497880004,1996-06-24,20.993839835728952,0.0202740389733791,0.0,0.0,0.1257168480714389,0.0159596887322755,0.2182386125093382,0.2677975321618227,0.3520132795517453,7,0.3520132795517453,6.0,77.0,0.3267222047939395,0.637,0.24,0.1362873732804698,0.0943577277379734,0.0139665144596651,0.0092672870546981,0.081883364469259,0.386,0.1904761904761904,0.7294117647058823,0.017839079398051152,1.2469325792791244,1.4975144145556045,0.8875746052388374,0.12029271539637727,-1.374115967716779,-0.5440555761506409,-0.4536733720379568,-0.2898373078513939,0.12731036658976763,-0.8579484052834551,0.10454993911510878,0.19017094017094016,0.41239316239316237
2017,1,13,13,Donovan Mitchell,1628378.0,51193.0,2017.0,2.0,2016,SG,ACC,True,13,2.5649493574615367,1996-09-07,20.78850102669405,0.0,0.0,0.0,0.0045323947330761,0.4871659155218372,0.066431451332201,0.1610530797497358,0.2808171586631499,4,0.4871659155218372,3.7,75.0,0.2821913370417355,0.538,0.247,0.1597966202030286,0.1022793687901811,0.0372295904977972,0.0173863059512078,0.0829469447783604,0.243,0.1584158415841584,0.7848101265822784,-0.577001947426628,0.702591853781571,-0.09737642124730028,1.0278368385782803,0.43593670468686413,-1.2213114114866899,1.8429006521578921,-0.09957335190476965,-0.2633966115491165,-0.7494857553858103,-1.0160958576984818,0.2569899115770025,0.2579185520361991,0.5067873303167421
2017,1,14,14,Edrice Adebayo,1628389.0,51978.0,2017.0,1.0,2017,PF,SEC,True,14,2.6390573296152584,1997-07-18,19.928815879534564,0.1058446355710185,0.0,0.4684205656663253,0.0,0.0,0.0973534039004629,0.1552175105901309,0.1731638842720623,2,0.4684205656663253,3.1,81.0,0.2345249635923614,0.637,0.184,0.046908914039415,0.1416430594900849,0.012334618124578,0.0492217945102622,0.1423425481403971,0.831,0.0,0.0,1.2075211330474096,0.1199230306709905,1.4975144145556045,-0.23452326147670516,-1.0797360870750674,-0.46200519585085814,-0.7114996886405383,1.288888392476335,1.2131831039149705,2.8558017951151666,-1.7975303284550859,-1.9025763649664922,,
2017,1,15,15,Justin Jackson,1628382.0,52675.0,2017.0,3.0,2015,SF,ACC,True,15,2.70805020110221,1995-03-28,22.236824093086927,0.0,0.1364424366678387,0.0,0.1926051146484607,0.0,0.2080147655893492,0.2762906064364472,0.1866470766579042,6,0.2762906064364472,4.6,80.0,0.3165074132424033,0.559,0.258,0.1583199483222179,0.0942298098775012,0.0134316149792674,0.0078478138038942,0.0775870134730539,0.22,0.4716981132075472,0.8666666666666667,0.9101006196350699,1.1220680229693207,0.24093375604422534,1.248248919540262,0.41611035274681485,-1.3765834402738584,-0.5989400481852691,-0.5155817766241637,-0.3966449564384803,-0.8905089078713927,0.5292645284557932,0.4822349963347651,0.2231543624161074,0.47651006711409394
2017,1,18,18,TJ Leaf,1628388.0,51220.0,2017.0,1.0,2017,PF,Pac-12,True,18,2.8903717578961645,1997-04-30,20.145106091718,0.0,0.0,0.3325345135031933,0.0,0.0,0.2369908239302169,0.1490128168274838,0.2814618457391058,2,0.3325345135031933,4.6,82.0,0.2953653423002275,0.665,0.22,0.1316582049737544,0.1084146443165707,0.0113899802688725,0.0352087951770972,0.149545371648907,0.278,0.0,0.0,1.5049416464597491,0.8636295326343751,1.9485946509443053,0.4868253671261437,0.058139761018811104,-1.1029649668572636,-0.8084262175946734,0.677730393061752,1.392245904605895,-0.5348853059512281,-1.7975303284550859,-1.9025763649664922,,
2017,1,19,19,John Collins,1628381.0,52044.0,2017.0,2.0,2016,PF,ACC,True,19,2.9444389791664403,1997-09-23,19.745379876796715,0.0,0.0,0.3621672634036991,0.0,0.0,0.054800142386699,0.5830325942096019,0.0,6,0.5830325942096019,5.1,81.0,0.4022860936219647,0.664,0.299,0.0464842047697579,0.1145008539046731,0.0133000002078125,0.067970663142867,0.2120725675297543,0.584,0.6666666666666666,0.0,1.2075211330474096,2.1706177473955246,1.9324846425018516,2.069784857671284,-1.085438393431575,-0.985564980023208,-0.6124446551403734,2.1065949214183823,2.946677274546656,1.3413357662482597,1.491006402645623,-1.9025763649664922,0.6011080332409973,0.0
2017,1,22,22,Jarrett Allen,1628386.0,52496.0,2017.0,1.0,2017,C,Big 12,True,22,3.091042453358316,1998-04-21,19.170431211498972,0.0,0.0651425401634885,0.5041791634026531,0.0,0.0,0.1621453020941926,0.1899305064427903,0.0786024878968754,2,0.5041791634026531,1.9,81.0,0.2633091155317241,0.585,0.228,0.053143631341439,0.1821773485513608,0.0115343277321938,0.0523858583581637,0.1538202285643488,0.45,0.5058823529411764,0.0,1.2075211330474096,0.4717775293682229,0.6597939755480172,0.6471250623712214,-0.9960264281569465,0.3198812859134524,-0.7936151463480963,1.4268847546631824,1.4985192085300576,0.5197226169844318,0.6978887204389815,-1.9025763649664922,0.46357615894039733,0.023178807947019868
2017,1,23,23,OG Anunoby,1628384.0,52695.0,2017.0,2.0,2016,SF,Big Ten,True,23,3.1354942159291497,1997-07-17,19.9315537303217,0.0356538177680956,0.0,0.1971304512375949,0.2219705018809547,0.2819339842494506,0.0,0.2247590639505604,0.0385521809133436,4,0.2819339842494506,2.6,79.0,0.2546713732110655,0.618,0.203,0.10899555592999,0.1537369914853358,0.0302541347317466,0.0545838916870754,0.1250167647002471,0.3929999999999999,0.4814814814814814,1.0,0.6126801062227304,0.3661906598813709,1.191424254148986,0.14618851473035427,-0.24613748680744363,-0.22871920126566306,1.1271695270576336,1.5227490032801727,0.7824626644522641,0.1702304564766834,0.5775239773398703,0.8491290519195738,0.5163934426229508,0.36885245901639346
2017,1,27,27,Kyle Kuzma,1628398.0,53273.0,2017.0,3.0,2015,PF,Pac-12,True,27,3.295836866004329,1995-07-24,21.913757700205338,0.0041501144524729,0.1359195275036409,0.0,0.0478282768713733,0.0563996055139399,0.0502843805205905,0.5635536794539686,0.1418644156840136,6,0.5635536794539686,3.7,81.0,0.3051274829329792,0.571,0.2689999999999999,0.15326167498574,0.1309357541899441,0.01138466450867,0.013292742935753,0.1785733759364878,0.351,0.3767123287671233,0.9629629629629628,1.2075211330474096,0.9829609308907724,0.4342538573536668,1.4686610005022416,0.3481960728846419,-0.6685438440962388,-0.8089716522097155,-0.2781085622135124,2.1138845425735355,-0.08729008284481456,0.06071816685867101,0.7472140364793487,0.4666666666666667,0.23478260869565218
2017,1,30,30,Josh Hart,1628404.0,51167.0,2017.0,4.0,2014,,Big East,True,30,3.4011973816621555,1995-03-06,22.29705681040383,0.0,0.0,0.0,0.2033795797036521,0.2466905604755992,0.2080063763519504,0.295281647518621,0.046641835950177,6,0.295281647518621,5.6,76.0,0.3486504688390405,0.626,0.2769999999999999,0.1878946785331806,0.1166228646517739,0.0288007200180004,0.0099589607824423,0.1216609362602486,0.367,0.3271604938271605,0.8513513513513513,-0.2795814340142885,1.514981412857523,1.3203043216886148,1.6289606957473193,0.8131918014520249,-0.9446324373354967,0.9780388919857675,-0.42350695857818427,0.6990364860384182,0.010812979753851586,-0.1837113770815897,0.4400917602202936,0.3434125269978402,0.3952483801295896
2017,2,3,33,Wesley Iwundu,1628411.0,52624.0,2017.0,4.0,2014,,Big 12,True,33,3.49650756146648,1994-12-20,22.50513347022587,0.1128035756191392,0.0,0.2848944036811728,0.0,0.0506640118320852,0.4257520008741253,0.0,0.1258860079934771,5,0.4257520008741253,2.7,78.0,0.2506696298576061,0.585,0.221,0.2245879091141327,0.1762448688202748,0.0196841543617727,0.0124167761409902,0.1225396554985325,0.479,0.0,0.0,0.3152595928103908,0.3172737626765264,0.6597939755480172,0.5068628290317785,1.305848912872028,0.20544667234307884,0.042614740070230146,-0.3163126683518605,0.7208815205088884,0.6975344179445139,-1.7975303284550859,-1.9025763649664922,,
2017,2,4,34,Frank Mason,1628412.0,52701.0,2017.0,4.0,2014,,Big 12,True,34,3.5263605246161616,1994-04-03,23.21971252566735,0.1020331266155274,0.0,0.0,0.2217536327163581,0.0104256925785369,0.5504959432991429,0.020092516534255,0.0951990882561797,5,0.5504959432991429,6.2,71.0,0.3257786198665146,0.631,0.255,0.2606709989681802,0.1259667213498945,0.0203735614719373,0.0015445909063404,0.0638334836674025,0.484,0.1823899371069182,0.5609756097560976,-1.7666840010759866,1.2353982946381608,1.4008543639008828,1.1881365338233578,1.7903140454633104,-0.7643940414243428,0.1133527883296343,-0.7904883119306984,-0.7385588688752341,0.7281916250065971,-0.8978363171162128,-0.35893674085967453,0.36585365853658536,0.35365853658536583
2017,2,5,35,Ivan Rabb,1628397.0,52942.0,2017.0,3.0,2015,PF,Pac-12,True,35,3.5553480614894135,1997-02-04,20.37782340862423,0.0612580677206439,0.2074768408998909,0.1039837159570561,0.0395431767975267,0.0172137864045777,0.0,0.5705244122203045,0.0,6,0.5705244122203045,2.6,82.0,0.2703029311479554,0.55,0.238,0.1078962907295077,0.1452480055497745,0.0130668816309548,0.0329963270337938,0.1827915882861141,0.599,0.4962406015037593,1.0,1.5049416464597491,0.557269208706698,0.09594368006214293,0.8474996814275679,-0.26089663474235647,-0.39246756100299335,-0.6363642708460867,0.5812365895524928,2.2187496578079626,1.4333073874345093,0.6503278398078476,0.8491290519195738,0.4,0.06666666666666667
2017,2,7,37,Semi Ojeleye,1628400.0,52385.0,2017.0,1.0,2017,,American,False,37,3.610917912644224,1994-12-05,22.546201232032853,0.0,0.0059157607107406,0.0,0.2168365085614542,0.0,0.0851872538374994,0.4937198280806939,0.1983406488096117,6,0.4937198280806939,6.3,78.0,0.364396397524766,0.63,0.258,0.0929556644075016,0.0866010807814881,0.0081735915150335,0.0156206415620641,0.1188886038550337,0.508,0.5581395348837209,0.8591549295774648,0.3152595928103908,1.7074580178973233,1.384744355458429,1.248248919540262,-0.4614951018183563,-1.523737869063708,-1.1384504652931724,-0.1765804144222635,0.6301160683247979,0.8753462189045963,0.9556632138617868,0.4615649086961841,0.30413625304136255,0.40632603406326034
2017,2,8,38,Jordan Bell,1628395.0,53000.0,2017.0,3.0,2015,,Pac-12,True,38,3.6375861597263857,1995-01-07,22.455852156057496,0.0657004849276393,0.0,0.3873047899504641,0.1647680772707276,0.1735574679173045,0.0,0.2086691799338644,0.0,2,0.3873047899504641,2.9,79.0,0.2226930241703018,0.666,0.179,0.1140135151027578,0.189642965510266,0.0255357733924467,0.0850549781742453,0.1764430132878668,0.435,0.4761904761904761,1.0,0.6126801062227304,-0.024709374088925033,1.9647046593867588,-0.3347105710048787,-0.1787644800664507,0.46388936187536506,0.6430322630177916,2.8517041980051654,2.060923547222376,0.4277509957981823,0.5514244794739916,0.8491290519195738,0.6691449814126395,0.05204460966542751
2017,2,9,39,Jawun Evans,1628393.0,52430.0,2017.0,2.0,2016,PG,Big 12,True,39,3.6635616461296463,1996-07-26,20.90622861054073,0.0187012374236544,0.0,0.0,0.0,0.2360839475899357,0.7452148149864097,0.0,0.0,5,0.7452148149864097,5.0,72.0,0.3620969726802855,0.541,0.3279999999999999,0.4369477911646586,0.1371867569050667,0.0336979012710611,0.0046477850399419,0.0675485505206867,0.396,0.0628571428571428,0.3888888888888889,-1.469263487663647,1.6793500862253732,-0.04904639591993947,2.6508712529346883,4.157072542301225,-0.5479650789663559,1.4805243446399305,-0.6551466999462919,-0.6462019931698749,0.18862478071393396,-1.487468293808448,-0.8324687028441332,0.3921161825726141,0.1970954356846473
2017,2,10,40,Dwayne Bacon,1628407.0,53071.0,2017.0,2.0,2016,SF,ACC,True,40,3.688879454113936,1995-08-30,21.812457221081452,0.0,0.0391897191918497,0.0,0.0,0.148929365535966,0.186845555942024,0.3157788500319418,0.3092565092982183,6,0.3157788500319418,3.2,78.0,0.3308968787040695,0.548,0.295,0.1162081841042444,0.1143832968166,0.01921387790953,0.0042183413481818,0.0812118801378944,0.282,0.25,0.6842105263157895,0.3152595928103908,1.2979633617377346,0.06372366317723573,1.9896350100487452,-0.14929802879800655,-0.9878325983811118,-0.00563895195517265,-0.6738763053132278,-0.3065304650351235,-0.5103595403015619,-0.5643290542923199,-0.019830553412868043,0.3067484662576687,0.3496932515337423
2017,2,11,41,Tyler Dorsey,1628416.0,53001.0,2017.0,2.0,2016,PG,Pac-12,True,41,3.713572066704308,1996-02-18,21.34154688569473,0.0463675277037173,0.0,0.0,0.1843398720836103,0.0569884319786388,0.1709254132382884,0.1904526180422127,0.3509261369535324,7,0.3509261369535324,3.7,76.0,0.2868393473037843,0.612,0.2289999999999999,0.1070392427883388,0.1123467133825881,0.0150590671461191,0.0037239250884283,0.0670866348753336,0.3429999999999999,0.3069306930693069,0.7727272727272727,-0.2795814340142885,0.7594086508905493,1.0947642034942644,0.6671625242768539,-0.272403682673533,-1.0271172902535126,-0.4319519388065577,-0.6954396012932571,-0.6576852551215471,-0.13634161414414797,-0.2835010413641654,0.22374145717274058,0.2716049382716049,0.5135802469135803
2017,2,14,44,Damyean Dotson,1628422.0,52378.0,2017.0,2.0,2016,,American,False,44,3.784189633918261,1994-05-06,23.129363449691994,0.0,0.0,0.0,0.1610934170495187,0.1121899248100317,0.0357691994135873,0.2815839352497736,0.4093635234770886,7,0.4093635234770886,5.1,77.0,0.3191231817446854,0.613,0.2319999999999999,0.0686625205943033,0.0678565553544991,0.0166776314317297,0.0055412388916487,0.1153680031835696,0.123,0.3,0.9423076923076924,0.017839079398051152,1.1540429068226772,1.110874211936718,0.727274909993758,-0.7876639855288525,-1.8853105369917036,-0.2658757889404291,-0.6161799194879466,0.5425936383219102,-1.4852587248758056,-0.3176887994597668,0.6903768163299934,0.12740384615384615,0.5697115384615384
2017,2,15,45,Dillon Brooks,1628415.0,53003.0,2017.0,3.0,2015,SF,Pac-12,True,45,3.80666248977032,1996-01-22,21.415468856947296,0.0,0.0,0.0,0.1290730552686714,0.1627021895427911,0.3551532229406003,0.2815496259314353,0.0715219063165017,5,0.3551532229406003,3.7,78.0,0.373819980603001,0.591,0.316,0.230777230704276,0.1310425160163075,0.0251675651153086,0.0196535820694028,0.0740903202669254,0.299,0.3221476510067114,0.7192982456140351,0.3152595928103908,1.8226509235944959,0.7564540262027388,2.410421710067074,1.3889490718924316,-0.6664844610224213,0.6052514880683013,-0.0006891727528430166,-0.4835730448341696,-0.40612503629047914,-0.20843875369501177,0.07672051384629217,0.3056872037914692,0.33649289099526064
2017,2,16,46,Sterling Brown,1628425.0,52387.0,2017.0,4.0,2014,,American,False,46,3.828641396489095,1995-02-10,22.362765229295004,0.0436668384970569,0.0,0.0768733834644186,0.1438499689015217,0.3053737124972915,0.0985267045642321,0.1899187688375175,0.1417906232379613,4,0.3053737124972915,3.7,77.0,0.2692600749508743,0.588,0.2189999999999999,0.1794210193555001,0.1454856653829696,0.0284848114915868,0.0221638961796442,0.117564585610731,0.313,0.2989690721649484,0.7666666666666667,0.017839079398051152,0.5445214423243406,0.708124000875378,0.4667879052205068,0.699421267009065,-0.3878832198158888,0.9456244415724738,0.10879477947188158,0.5972008629597606,-0.3202848565166463,-0.3227741655387888,0.20706445464615855,0.26608187134502925,0.38596491228070173
2017,2,18,48,Sindarius Thornwell,1628414.0,51463.0,2017.0,4.0,2014,,SEC,True,48,3.871201010907891,1994-11-15,22.600958247775495,0.0215132450782164,0.0,0.0,0.0340542147138388,0.4052453108336053,0.0717247407468738,0.4583036488218657,0.0091588398055998,6,0.4583036488218657,5.6,77.0,0.3604135482826975,0.6,0.291,0.1879618993402527,0.1208343932841516,0.0358644883434094,0.0331000082108547,0.1180062983052194,0.59,0.2773722627737226,0.896551724137931,0.017839079398051152,1.6587720803575674,0.9014441021848212,1.9094851624262064,0.8140943332846038,-0.8633941232690651,1.7028315106414293,0.5857585037582205,0.6081818778468225,1.3781244147227596,-0.42930701697522883,0.5644698708623946,0.3416856492027335,0.33712984054669703
