draft_year,round,pick,overall,nba_player_id,cbbd_athlete_id,player_name,final_college_season,college_team,conference,college_minutes,PLAYER_HEIGHT_INCHES,PTS_PER_100,TS%,USG%,AST%,TOV%,STL%,BLK%,TRB%,FTr,% of FG Ast'd_2P,% of FG Ast'd_3P,PLAYER_HEIGHT_INCHES_z,PTS_PER_100_z,TS%_z,USG%_z,AST%_z,TOV%_z,STL%_z,BLK%_z,TRB%_z,FTr_z,% of FG Ast'd_2P_z,% of FG Ast'd_3P_z,PORPAG,rim_finishing_share,three_pt_jumper_share,c_alpha_0,c_alpha_1,c_alpha_2,c_alpha_3,c_alpha_4,c_alpha_5,c_alpha_6,c_alpha_7,c_argmax,c_alpha_max,log_pick,age_at_draft,years_in_college,position,conf_tier,rookie_season,rookie_minutes,y_0,y_1,y_2,y_3,y_4,y_5,y_6,y_7,y_argmax,y_max,college_match_method
2024,1,3,3,1642263.0,15341.0,Reed  Sheppard,2024.0,Kentucky,SEC,955,74.0,0.2354669127113552,0.705,0.18,0.241160028805429,0.1845637583892617,0.0470366320276195,0.0251382583743025,0.0773769569581087,0.247,0.0909090909090909,0.7733333333333333,-1.001983872064026,0.3577761149605334,2.5705168425682805,-0.2898925810733109,1.6565313012475318,0.7345725111464904,3.259286343814271,0.2364689635764003,-0.4120508666114681,-0.5677126481733716,-1.3935539177375411,0.0865447507441352,3.5,0.2243346007604562,0.5475285171102662,0.1321952348776529,0.0,0.0,0.2586727156038726,0.4950336027261301,0.1140984467923442,0.0,0.0,4,0.4950336027261301,1.0986122886681098,20.005475701574262,1.0,SG,True,2024-25,654.3516666666667,0.1600142515115446,0.0,0.0,0.5583987571798971,0.0,0.1676672222208961,0.0,0.1139197690876621,3,0.5583987571798971,direct_athlete_id
2024,1,4,4,1642264.0,15259.0,Stephon Castle,2024.0,UConn,Big East,916,78.0,0.25172602593379,0.557,0.221,0.1844150642891404,0.1309707241910631,0.017938977577939,0.0205631445617622,0.1007725898555592,0.379,0.4188034188034188,0.85,0.1933515753123544,0.6128219077620122,0.169865054029801,0.5328320256019757,0.8578678553560711,-0.337290274952426,-0.1782286687433656,0.0287139046656046,0.199152044870371,0.2466576794553167,0.2588801895586881,0.3226069087119289,3.1,0.5137931034482759,0.2586206896551724,0.0771304146113396,0.1654651984497162,0.0114596246165605,0.1691075672578545,0.0641075586957201,0.1949973148640427,0.258818553359793,0.058913768144973,6,0.258818553359793,1.3862943611198906,19.64955509924709,1.0,PG,True,2024-25,2162.0216666666665,0.0,0.022128749763015,0.112158366315825,0.5513405289282693,0.0006347708577442,0.0714639369610034,0.0906939790258105,0.1515796681483323,3,0.5513405289282693,direct_athlete_id
2024,1,7,7,1642270.0,15258.0,Donovan Clingan,2024.0,UConn,Big East,790,86.0,0.352262609840127,0.646,0.248,0.1341284026382803,0.0736531986531986,0.0138667539758583,0.1139157718704208,0.1895978394664804,0.478,0.7065217391304348,1.0,2.584022470065115,2.18987179954598,1.613500251191455,1.0746262787783838,0.1501025264179344,-1.4836430339342317,-0.6593097053902096,4.267839176878074,2.5196813254102586,0.8574354251768329,1.7088460027994834,0.7844676525619602,4.3,0.7731958762886598,0.0274914089347079,0.0,0.0,0.3352399241087238,0.0119214638438461,0.0,0.0,0.6528386120474301,0.0,6,0.6528386120474301,1.9459101490553132,20.33949349760438,2.0,C,True,2024-25,1323.6433333333334,0.0700286633704982,0.0630252805838575,0.6957279934505736,0.0,0.1712180625950705,0.0,0.0,0.0,2,0.6957279934505736,direct_athlete_id
2024,1,8,8,1642265.0,15342.0,Rob Dillingham,2024.0,Kentucky,SEC,744,75.0,0.3574001850872554,0.6,0.303,0.2981091301998919,0.1364256480218281,0.0242977881318914,0.0028058715226109,0.0686484960678509,0.271,0.2685185185185185,0.765625,-0.7031500102199308,2.270461493095387,0.8673517223213856,2.1782812389525485,2.458067894808499,-0.2281915843730131,0.5729833156803937,-0.7776405287983317,-0.6400789234828124,-0.4196453158772463,-0.4984854429520838,0.0628102402962864,3.5,0.3149171270718232,0.3977900552486187,0.0218883292568193,0.0,0.0,0.1801819615251226,0.0970307247936903,0.5812068412156235,0.119692143208744,0.0,5,0.5812068412156235,2.0794415416798357,19.474332648870636,1.0,PG,True,2024-25,515.975,0.0,0.0,0.0,0.8141159261221129,0.0,0.0,0.0,0.185884073877887,3,0.8141159261221129,direct_athlete_id
2024,1,9,9,1641744.0,15234.0,Zach Edey,2024.0,Purdue,Big Ten,1248,88.0,0.4674321416149788,0.673,0.331,0.1455549160536807,0.1096437795429072,0.0052169152718758,0.069287330316742,0.2200872389200203,0.809,0.7370030581039755,1.0,3.181690193753305,3.9964589200269263,2.0514569963978,2.7401419459503056,0.3109262868460355,-0.7638300044443254,-1.6811773082432784,2.241270028222633,3.3162064631152153,2.899530716427559,1.8624575990436452,0.7844676525619602,8.0,0.5210727969348659,0.003831417624521,0.0,0.0,0.0031270244304059,0.0,0.0,0.0,0.996872975569594,0.0,6,0.996872975569594,2.1972245773362196,22.119096509240247,4.0,C,True,2024-25,1415.765,0.0595717153863934,0.4145126052662304,0.360649554895581,0.0,0.1652661244517951,0.0,0.0,0.0,1,0.4145126052662304,direct_athlete_id
2024,1,10,10,1642262.0,16241.0,Cody Williams,2024.0,Colorado,Pac-12,675,79.0,0.2483093049929585,0.628,0.213,0.103647078141249,0.1739886907351022,0.0129825018453388,0.0244900048631907,0.0641975308641975,0.397,0.3777777777777777,0.8823529411764706,0.4921854371564494,0.5592261003391711,1.321529087720558,0.372300395031188,-0.2789103360563524,0.5230707432664973,-0.7637727637031532,0.2070318933944493,-0.7563588678340409,0.3577081786774107,0.0521301401149888,0.4222239318952689,2.3,0.4587628865979381,0.211340206185567,0.1970869961706128,0.0,0.0209523523626215,0.187652842272273,0.0,0.0800681335841988,0.2753039738652068,0.2389357017450869,6,0.2753039738652068,2.302585092994046,19.59753593429158,1.0,SG,True,2024-25,1059.611666666667,0.3097130463686681,0.0,0.0578581284166645,0.2506896560863168,0.0,0.1317863153174846,0.0,0.2499528538108659,0,0.3097130463686681,direct_athlete_id
2024,1,13,13,1642269.0,16022.0,Devin Carter,2024.0,Providence,Big East,1164,74.0,0.3306122302261715,0.604,0.28,0.2334858279052691,0.1418914610037625,0.0293901095674171,0.0282090961875356,0.1397956659854611,0.369,0.2164179104477611,0.7261904761904762,-1.001983872064026,1.8502568305404716,0.932234203092696,1.716752801061535,1.5485198893516674,-0.1188751103430965,1.1745758396984545,0.3759151318979501,1.2186165684470176,0.1849629576652645,-0.7610481482598079,-0.0586114830373031,4.4,0.3852813852813853,0.4826839826839826,0.033665296781993,0.0,0.0152571581530219,0.0598448668106936,0.2880130650538347,0.301248381499498,0.3019712317009585,0.0,6,0.3019712317009585,2.5649493574615367,22.275154004106778,3.0,PG,True,2024-25,395.9433333333333,0.1534009249097023,0.0,0.0217872103844539,0.3785450643645682,0.0,0.0,0.0592773718399262,0.3869894285013491,7,0.3869894285013491,direct_athlete_id
2024,1,14,14,1642267.0,16084.0,Bub Carrington,2024.0,Pittsburgh,ACC,1097,76.0,0.2498617690571902,0.534,0.23,0.2400638672588028,0.1303674733154078,0.0104299050496044,0.0085188083348795,0.0885756206709411,0.241,0.0,0.0,-0.4043161483758357,0.5835785617951524,-0.2032092104052335,0.7134301099941119,1.6411032511016743,-0.3493553161274642,-1.065329365851883,-0.5182171411804609,-0.1194896054568245,-0.604729481247403,-1.8516932318457373,-2.2946039731049144,3.0,,,0.0250621539431308,0.0528429524220663,0.15723738389116,0.0,0.0,0.5247512671525781,0.0,0.2401062425910647,5,0.5247512671525781,2.6390573296152584,18.93223819301848,1.0,PG,True,2024-25,2457.79,0.1592221157688965,0.0,0.0,0.7002960111206764,0.0121989810803572,0.1282828920300698,0.0,0.0,3,0.7002960111206764,direct_athlete_id
2024,1,15,15,1642276.0,17268.0,Kel'el Ware,2024.0,Indiana,Big Ten,963,84.0,0.290040943874209,0.629,0.2289999999999999,0.0992784761255321,0.1100805696083942,0.0109268809549431,0.0648311863265134,0.1764819866147952,0.417,0.6823529411764706,0.9411764705882352,1.9863547463769249,1.2138423009747232,1.3377497079133858,0.6933636561727613,-0.3403967211363767,-0.7550941860019175,-1.0066180309422073,2.038917366597611,2.1770341534078734,0.4810976222575148,1.5870465611075473,0.6033457922286143,3.8,0.4620253164556962,0.1265822784810126,0.0,0.0476202362914632,0.2483618423083542,0.1794688431728402,0.0,0.0,0.5245490782273422,0.0,6,0.5245490782273422,2.70805020110221,20.18343600273785,2.0,C,True,2024-25,1422.486666666667,0.1882020689027682,0.2550520918321072,0.4006953771941626,0.0,0.0893347265768849,0.066715735494077,0.0,0.0,2,0.4006953771941626,direct_athlete_id
2024,1,16,16,1642272.0,15225.0,Jared McCain,2024.0,Duke,ACC,1137,75.0,0.2721472630845121,0.616,0.212,0.1100783768835408,0.1012320151632635,0.0200277357788252,0.0018874676083032,0.0933746755584693,0.23,0.2386363636363636,0.8275862068965517,-0.7031500102199308,0.9331561441892664,1.126881645406627,0.3522339412098395,-0.1883922917001562,-0.9320656219805236,0.0685313471048544,-0.8193450780486506,0.0058840628886907,-0.6725936752164602,-0.6490775323117225,0.2535932343435335,4.0,0.2269129287598944,0.554089709762533,0.019940131175693,0.0,0.0,0.1792761993691634,0.153869596156996,0.1547380051394532,0.1546416614637854,0.3375344066949087,7,0.3375344066949087,2.772588722239781,20.347707049965777,1.0,PG,True,2024-25,591.7916666666666,0.0666629952168408,0.0,0.0,0.456361707136598,0.0,0.2593254063996593,0.1521497542039362,0.0655001370429656,3,0.456361707136598,direct_athlete_id
2024,1,17,17,1642261.0,15275.0,Dalton Knecht,2024.0,Tennessee,SEC,1101,78.0,0.4097042119431405,0.584,0.326,0.1341514277237684,0.0837176108915239,0.0131262736587409,0.0244169998938391,0.0866029855887219,0.357,0.4327485380116959,0.8494623655913979,0.1933515753123544,3.0909196456201027,0.6078217992361441,2.6398096768435635,0.1504265955978982,-1.2823543944008873,-0.7467879662581557,0.2037167514482863,-0.1710240226204218,0.1109292915172019,0.329157070400296,0.32095149385942,4.9,0.3500866551126516,0.4055459272097054,0.0,0.0,0.0,0.0289043103564424,0.0,0.2795452421052102,0.5056893236365553,0.1858611239017918,6,0.5056893236365553,2.833213344056216,23.18685831622177,3.0,SF,True,2024-25,1493.795,0.1303944018165467,0.0393727385139242,0.0689584350414319,0.0764202732871389,0.0,0.6848541513409582,0.0,0.0,5,0.6848541513409582,direct_athlete_id
2024,1,18,18,1641783.0,16242.0,Tristan da Silva,2024.0,Colorado,Pac-12,1156,80.0,0.2757857356976503,0.611,0.225,0.1335215421798026,0.1204771685890346,0.0197095940645067,0.0169812020096464,0.0895488914520056,0.258,0.5263157894736842,0.9375,0.7910192990005446,0.9902304212121884,1.045778544442489,0.6130978408873696,0.1415611999923282,-0.5471617985925676,0.0309469802624377,-0.1339414338508182,-0.094063239021076,-0.4998484542043142,0.8006922708859249,0.5920256759577806,4.1,0.32,0.405,0.0245915500361612,0.0888018900270196,0.0,0.3229598150985379,0.0870488841185316,0.114081909420511,0.2763334723809421,0.0861824789182963,3,0.3229598150985379,2.8903717578961645,23.11567419575633,4.0,SF,True,2024-25,1628.611666666667,0.2776098231771289,0.0,0.2115560394598803,0.2331125597856024,0.0,0.2151739879870282,0.0,0.06254758959036,0,0.2776098231771289,direct_athlete_id
2024,1,19,19,1642266.0,17223.0,Ja'Kobe Walter,2024.0,Baylor,Big 12,1131,77.0,0.2728542270920615,0.548,0.233,0.0805400576959686,0.0920629945937475,0.0199580244007689,0.0078961299990129,0.0868692426836227,0.478,0.2753623188405797,0.8933333333333333,-0.1054822865317406,0.9442458139222224,0.0238794722943527,0.7736294714581574,-0.6041327188779094,-1.115446393016809,0.0602958410770739,-0.5464928474581618,-0.1640681470380262,0.8574354251768329,-0.4639958891122154,0.4560333458241601,3.8,0.1566579634464752,0.5744125326370757,0.0434488022557239,0.0449472117507627,0.0,0.0,0.2097044721637607,0.0125818418662095,0.3471861918532492,0.3421314801102939,6,0.3471861918532492,2.9444389791664403,19.808350444900753,1.0,SG,True,2024-25,1103.235,0.1167376774782102,0.0,0.1275616103164928,0.221803589660621,0.0,0.3259766174018433,0.0,0.2079205051428324,5,0.3259766174018433,direct_athlete_id
2024,1,20,20,1642281.0,16921.0,Jaylon Tyson,2024.0,California,Pac-12,1065,78.0,0.3656407921902949,0.563,0.299,0.2350563870372699,0.1510669100522439,0.0222551281609789,0.0148436880332679,0.1097789456672033,0.298,0.24375,0.5476190476190477,0.1933515753123544,2.3997263640023787,0.2671887751867647,2.098015423667155,1.570624902175845,0.0646342305246484,0.3316692149955747,-0.2310055420415153,0.4344400115625702,-0.2530695670441057,-0.6233071958931362,-0.6084457019063877,3.5,0.4498834498834498,0.2727272727272727,0.0212951977076892,0.0327426060982888,0.0,0.0384211603478393,0.1271089077447068,0.4202108671055218,0.3311850155528646,0.0290362454430891,5,0.4202108671055218,2.995732273553991,21.56605065023956,3.0,SG,True,2024-25,452.96,0.1240064832009002,0.0499321494464067,0.1063717235888664,0.2463380020669486,0.0,0.0180719492014685,0.0,0.4552796924954093,7,0.4552796924954093,direct_athlete_id
2024,1,21,21,1642274.0,17225.0,Yves Missi,2024.0,Baylor,Big 12,781,83.0,0.2839039333708282,0.632,0.216,0.0334938660641734,0.1190040278286341,0.0156227467192231,0.0728963947620147,0.1550169813205474,0.605,0.6428571428571429,0.0,1.6875208845328298,1.1175751375782583,1.3864115684918683,0.4324997564952333,-1.2662896846106828,-0.5766246715830993,-0.4518616642535107,2.405156966813166,1.616268228060882,1.6409583919104953,1.3880062036336505,-2.2946039731049144,2.8,0.7268722466960352,0.0,0.0,0.0,0.5961531721210603,0.0460092376412572,0.0,0.0912641400581187,0.2665734501795634,0.0,2,0.5961531721210603,3.044522437723423,20.11772758384668,1.0,C,True,2024-25,1955.79,0.0,0.105116944311209,0.3088445552270782,0.0639848188800882,0.5215942769764297,0.0,0.0,0.0004594046051949,4,0.5215942769764297,direct_athlete_id
2024,1,24,24,1642273.0,15296.0,Kyshawn George,2024.0,Miami,ACC,713,80.0,0.1903040685762336,0.585,0.176,0.1625133076115762,0.1920922042580438,0.0218111111879464,0.0183902452986804,0.0730534453175699,0.142,0.1785714285714285,0.8301886792452831,0.7910192990005446,-0.3506630987917886,0.6240424194289718,-0.3701583963587048,0.5496090942785375,0.8851417238181418,0.2792142993160609,-0.0699570427480795,-0.5250011301972378,-1.215507226968919,-0.9517767219903522,0.2616064331090948,1.4,0.2,0.6842105263157895,0.1607306178966293,0.0223118809131862,0.0965300889337909,0.114760442742645,0.1891008671480048,0.0805409347973036,0.0450239619502866,0.2910012056181534,7,0.2910012056181534,3.1780538303479458,20.539356605065024,1.0,SG,True,2024-25,1802.1833333333336,0.3064534352954824,0.0,0.0819828749601463,0.3293175755876699,0.0,0.1485091131351384,0.0,0.1337370010215628,3,0.3293175755876699,direct_athlete_id
2024,1,26,26,1641794.0,17403.0,Dillon Jones,2024.0,Weber State,Big Sky,1146,77.0,0.3384320569414503,0.605,0.297,0.3034289298532948,0.1500638569604087,0.0322370523314406,0.00305055406575,0.1671492732861942,0.477,0.0718232044198895,0.7941176470588235,-0.1054822865317406,1.9729212020153264,0.9484548232855236,2.0578825160244576,2.5329420190388414,0.0445731293441566,1.5109056462176382,-0.766529540471665,1.9332202081528211,0.8512659529978277,-1.489737862135947,0.1505411413952505,5.4,0.4636363636363636,0.2386363636363636,0.0584710006546493,0.0,0.0,0.0,0.2829200491057803,0.3081717937743755,0.3504371564651949,0.0,6,0.3504371564651949,3.258096538021482,22.65845311430527,4.0,SF,False,2024-25,551.4933333333333,0.324172626863129,0.0,0.2090191984690191,0.2786805645198632,0.0,0.0,0.0,0.1881276101479885,0,0.324172626863129,direct_athlete_id
2024,1,27,27,1630545.0,15420.0,Terrence Shannon Jr.,2024.0,Illinois,Big Ten,1088,78.0,0.3918970087088224,0.632,0.289,0.1289600753739253,0.0990037745189035,0.0175448960302457,0.0227076124567474,0.0639886242445787,0.599,0.2816901408450704,0.6103896103896104,0.1933515753123544,2.8115900041851067,1.3864115684918683,1.89735088545367,0.0773603175253781,-0.976630522268308,-0.2247843537973046,0.1260937889941184,-0.7618164818553633,1.6039415588364638,-0.4321066247499182,-0.4151706431524066,6.7,0.3709327548806941,0.4620390455531453,0.0356268001000831,0.0,0.0,0.0627902212023515,0.0,0.3055295348045559,0.4367978415978614,0.1592556022951479,6,0.4367978415978614,3.295836866004329,23.906913073237508,5.0,SG,True,2024-25,338.8283333333333,0.1584970156439781,0.0177159263402263,0.1897854641040189,0.1168979361734958,0.0,0.2248627095068809,0.0,0.2922409482313998,7,0.2922409482313998,direct_athlete_id
2024,1,28,28,1642346.0,16137.0,Ryan Dunn,2024.0,Virginia,ACC,934,80.0,0.1946894664533889,0.571,0.168,0.0597904074444492,0.1037498147324737,0.0309632698850725,0.1039968174763766,0.1512055262724427,0.37,0.6542056074766355,1.0,0.7910192990005446,-0.2818723066355668,0.3969537367293854,-0.5306900269294921,-0.8961760272522431,-0.8817095318380658,1.3604245725732018,3.817421320863263,1.516695267902253,0.1911324298442697,1.4451971594001605,0.7844676525619602,1.9,0.6298076923076923,0.1682692307692307,0.0,0.0535903964861255,0.4789294988152613,0.1285003323701155,0.2385000936262898,0.0,0.1004796787022077,0.0,2,0.4789294988152613,3.332204510175204,21.46748802190281,2.0,SF,True,2024-25,1410.4166666666667,0.512572694826557,0.0141689315493016,0.2745689333198688,0.0807799991887895,0.0,0.117909441115483,0.0,0.0,0,0.512572694826557,direct_athlete_id
2024,1,29,29,1642268.0,15390.0,Isaiah Collier,2024.0,USC,Pac-12,804,75.0,0.3188405797101449,0.575,0.298,0.3114842903575299,0.1887032482401832,0.0289855072463768,0.0082440230832646,0.0562283737024221,0.497,0.2440944881889764,0.7037037037037037,-0.7031500102199308,1.6656028523456916,0.4618362175006958,2.077948969845806,2.6463181050590143,0.817362470532407,1.1267772600879606,-0.5306950878449995,-0.9645503743721802,0.974655396577932,-0.62157113648436,-0.1278498661541507,2.6,0.4920127795527156,0.255591054313099,0.1638447077511714,0.0,0.0,0.0275954052267624,0.1754467595398502,0.4819625113700757,0.1511506161121402,0.0,5,0.4819625113700757,3.367295829986474,19.71526351813826,1.0,PG,True,2024-25,1839.1066666666663,0.0,0.0,0.0,0.6262794990907538,0.0,0.0,0.0,0.3737205009092462,3,0.6262794990907538,direct_athlete_id
2024,1,30,30,1631248.0,17212.0,Baylor Scheierman,2024.0,Creighton,Big East,1288,78.0,0.2987328600515324,0.6,0.254,0.1991566290505388,0.1264755480607082,0.0147689204279384,0.0033237781467261,0.1398211501818811,0.231,0.3119266055045872,0.8272727272727273,0.1933515753123544,1.3501865543224758,0.8673517223213856,1.1950250017064747,1.0653496823433977,-0.4271939738784607,-0.5527302995410466,-0.7541224862726089,1.219282334366536,-0.666424203037455,-0.2797289797680731,0.2526280081285909,4.6,0.2167689161554192,0.591002044989775,0.0294494870371401,0.0525147710085522,0.0,0.163897527118665,0.0246677149902458,0.2830116667287012,0.3128774986324035,0.1335813344842921,6,0.3128774986324035,3.4011973816621555,23.74811772758385,5.0,SG,True,2024-25,383.8883333333333,0.3152506865498147,0.0,0.0,0.1030356276645846,0.0,0.4204902919030188,0.0,0.1612233938825818,5,0.4204902919030188,direct_athlete_id
2024,2,1,31,1642367.0,17024.0,Jonathan Mogbo,2024.0,San Francisco,WCC,984,78.0,0.2926017319226601,0.654,0.226,0.2437792382975059,0.1396128071481757,0.0326314786585365,0.0347448661652391,0.2193312172847756,0.321,0.5631067961165048,0.0,0.1933515753123544,1.2540116637855174,1.7432652127340753,0.633164294708718,1.6933956626280608,-0.1644482768328264,1.5575020625399518,0.6727032190103164,3.2964556563458385,-0.1111717069269856,0.9861017429215362,-2.2946039731049144,4.6,0.72,0.0061538461538461,0.0,0.0,0.3647820651964291,0.0784594967985592,0.1654999708455268,0.2683993046195912,0.1228591625398936,0.0,2,0.3647820651964291,3.4339872044851463,22.65845311430527,2.0,C,False,2024-25,1285.655,0.1370226161342772,0.0,0.455459868823494,0.1753114977507907,0.0,0.0,0.0,0.2322060172914379,2,0.455459868823494,direct_athlete_id
2024,2,2,32,1642271.0,15223.0,Kyle Filipowski,2024.0,Duke,ACC,1095,83.0,0.3249186787006918,0.58,0.2769999999999999,0.1840067469140535,0.1298080207692833,0.0224377062917927,0.0529163179062123,0.1596294952989426,0.3829999999999999,0.5,0.8717948717948718,1.6875208845328298,1.760945910393341,0.5429393184648338,1.6565534395974872,0.8521209461001732,-0.3605443889939392,0.3532384815741748,1.4978654295312408,1.7367685789256389,0.2713355681713369,0.6680729957493419,0.389714880040566,4.0,0.5219399538106235,0.2586605080831409,0.0,0.0289189639734597,0.1319294982312774,0.0241616576037636,0.2114087336697743,0.0338121455773614,0.5697690009443633,0.0,6,0.5697690009443633,3.4657359027997265,20.635181382614647,2.0,PF,True,2024-25,1521.54,0.2683841706418307,0.2417584865718086,0.1956396261400595,0.0821621728521628,0.010602991285469,0.0488981767512573,0.023406554166788,0.1291478215906239,0,0.2683841706418307,direct_athlete_id
2024,2,5,35,1642277.0,15216.0,Johnny  Furphy,2024.0,Kansas,Big 12,795,81.0,0.2164383998978386,0.617,0.175,0.07125569476082,0.1038421599169262,0.0211432920722669,0.0156606902593948,0.1176113925565439,0.3929999999999999,0.7115384615384616,0.9772727272727272,1.0898531608446396,0.0592886101401645,1.1431022655994545,-0.3902248501800533,-0.7348065391525568,-0.8798626245268651,0.2003200283090569,-0.1939056244058051,0.6390600089687328,0.3330302899613891,1.734127938193414,0.7144887519786218,2.2,0.2766990291262136,0.6067961165048543,0.0328591368740989,0.1595944541496623,0.0567488250296264,0.4531864602897242,0.053198432932301,0.0,0.244412690724587,0.0,3,0.4531864602897242,3.5553480614894135,19.548254620123203,1.0,SG,True,2024-25,379.4966666666666,0.2562960926465171,0.0,0.1436745450109551,0.0,0.0,0.1075320905180096,0.0,0.4924972718245179,7,0.4924972718245179,direct_athlete_id
2024,2,8,38,1642349.0,17774.0,Ajay Mitchell,2024.0,UC Santa Barbara,Big West,914,77.0,0.3729274236939053,0.62,0.312,0.2811933945470977,0.1366523858767912,0.0218715455823594,0.0121811851628735,0.0771508876176649,0.473,0.0679012345679012,0.8181818181818182,-0.1054822865317406,2.5140268601774247,1.1917641261779373,2.3588793233446848,2.2199854527554845,-0.2236568183801779,0.2863538486027149,-0.351909297303905,-0.4179568508471449,0.8265880642818068,-1.5095027564933192,0.2246364478952559,5.1,0.421188630490956,0.2170542635658914,0.076812607569931,0.0,0.0,0.0,0.0615726487631976,0.492524424016883,0.306240672834829,0.0628496468151594,5,0.492524424016883,3.6375861597263857,22.0041067761807,3.0,PG,False,2024-25,596.955,0.0657183974116428,0.0051346829972487,0.0583205888079608,0.408367186933284,0.0295530269275866,0.0865278521388111,0.0,0.3463782647834657,3,0.408367186933284,direct_athlete_id
2024,2,9,39,1642377.0,17178.0,Jaylen Wells,2024.0,Washington State,Pac-12,994,80.0,0.2605179463880054,0.59,0.201,0.0793491281243216,0.0597899552875116,0.0103763718282154,0.0062443627280926,0.0918376236802256,0.304,0.2463768115942029,0.8857142857142857,0.7910192990005446,0.750734861058804,0.7051455203931096,0.1315029491750069,-0.6208945923518563,-1.7609084450202872,-1.0716536299781716,-0.6214992889889426,-0.0342708919782729,-0.2160527339700744,-0.6100692936104808,0.4325737524857458,3.9,0.1316614420062695,0.5266457680250783,0.0,0.0291702575957412,0.0,0.0590894091336914,0.0324531518224214,0.0124558847993633,0.3422451793269735,0.5245861173218088,7,0.5245861173218088,3.6635616461296463,20.83504449007529,2.0,SG,True,2024-25,2043.4816666666663,0.4296127092899496,0.0349478396352012,0.0959274858932356,0.1468601939846973,0.0,0.2230931726934379,0.038217454906861,0.031341143596617,0,0.4296127092899496,direct_athlete_id
2024,2,10,40,1642345.0,15250.0,Osasere Ighodaro,2024.0,Marquette,Big East,1170,84.0,0.239281210592686,0.597,0.206,0.1607142857142857,0.1366820433965487,0.0188034188034188,0.0473516750889013,0.1240225495544644,0.429,0.625,0.0,1.9863547463769249,0.4176084449170461,0.8186898617429028,0.2318352182817487,0.5242885563246934,-0.2230636668217403,-0.0761060150016598,1.245176044371208,0.8065492938396366,0.5551312884055775,1.2980145526481115,-2.2946039731049144,3.4,0.5264797507788161,0.0062305295950155,0.0,0.0231905929408899,0.5242611200040669,0.1337908332951377,0.0,0.2712075517397437,0.0475499020201617,0.0,2,0.5242611200040669,3.688879454113936,21.95208761122519,4.0,PF,True,2024-25,1045.545,0.0,0.2131018984536863,0.0,0.10370951273771,0.47015632895202,0.0,0.0,0.2130322598565837,4,0.47015632895202,direct_athlete_id
2024,2,11,41,1641737.0,17199.0,Adem Bona,2024.0,UCLA,Pac-12,876,82.0,0.3016648898007898,0.629,0.249,0.1162490978451386,0.2014148162703871,0.0272766265447819,0.0874847450189916,0.1342328078749914,0.569,0.4729729729729729,0.0,1.388687022688735,1.396179336443277,1.3377497079133858,1.0946927325997324,-0.1015417789042643,1.071594329735449,0.9248949029872836,3.067611211938649,1.073288802013738,1.4188573934663071,0.5318694158793373,-2.2946039731049144,2.3,0.5793650793650794,0.0079365079365079,0.0,0.0,0.5631413709149283,0.0,0.089840624134641,0.1975544976222032,0.1494635073282274,0.0,2,0.5631413709149283,3.713572066704308,21.248459958932237,2.0,C,True,2024-25,904.55,0.0,0.0,0.2906194581957322,0.0,0.6349553402533432,0.0,0.0,0.0744252015509246,4,0.6349553402533432,direct_athlete_id
2024,2,12,42,1642354.0,16243.0,KJ Simpson,2024.0,Colorado,Pac-12,1298,72.0,0.3286907034855663,0.613,0.267,0.2710511791344833,0.1200284511884298,0.0270052041466987,0.0015919446535683,0.0996904068937967,0.363,0.3109756097560975,0.7341772151898734,-1.599651595752216,1.8201151306677708,1.0782197848281443,1.4558889013840048,2.077237690386421,-0.5561361642051698,0.892829824691406,-0.8327647199168278,0.1708803849462934,0.1479461245912332,-0.2845215537073347,-0.0340197416026519,5.8,0.392578125,0.35546875,0.0351236190841454,0.0,0.0,0.2228367070054137,0.1616708802391302,0.4850666947980997,0.0953020988732109,0.0,5,0.4850666947980997,3.737669618283368,21.883641341546884,3.0,PG,True,2024-25,842.0833333333334,0.0049358605226152,0.0,0.0,0.6929367955197925,0.0,0.0,0.0,0.3021273439575924,3,0.6929367955197925,direct_athlete_id
2024,2,14,44,1641796.0,15286.0,Pelle Larsson,2024.0,Arizona,Pac-12,1080,77.0,0.2334551931008623,0.629,0.188,0.2013177797718241,0.1570293737299094,0.0172994637548275,0.0077568633680141,0.0731337874063132,0.369,0.5042735042735043,0.9565217391304348,-0.1054822865317406,0.3262196200931209,1.3377497079133858,-0.1293609505025232,1.0957670435465594,0.1838837379498309,-0.2537790321407167,-0.552816919014187,-0.5229022205943354,0.1849629576652645,0.6896094592330605,0.6505949731851396,3.3,0.4203821656050955,0.3439490445859872,0.1877416806422792,0.0536042078831818,0.0,0.4179838708720785,0.0,0.2362610028351535,0.0935175782872487,0.010891659480058,3,0.4179838708720785,3.784189633918261,23.33744010951403,4.0,SG,True,2024-25,781.9466666666667,0.1908183799457231,0.0,0.1440371762692138,0.0032177759866565,0.0,0.333771984085347,0.0,0.3281546837130595,5,0.333771984085347,direct_athlete_id
2024,2,15,45,1642347.0,15267.0,Jamal Shead,2024.0,Houston,Big 12,1149,73.0,0.2612099194047451,0.499,0.251,0.4038413826844464,0.1354377347587402,0.0437171413229698,0.0198378781315005,0.0680362612029046,0.24,0.0820895522388059,0.6046511627906976,-1.3008177339081208,0.7615893771838338,-0.7709309171541991,1.1348256402424293,3.9462084872119103,-0.2479498883847134,2.8671310533934595,-0.0042203077100606,-0.656073350032677,-0.6108989534264082,-1.4380002691062472,-0.432839734329595,3.5,0.2448036951501154,0.3210161662817552,0.0311428926038286,0.0,0.0,0.0,0.5535882295218644,0.4152688778743068,0.0,0.0,4,0.5535882295218644,3.80666248977032,21.924709103353862,4.0,PG,True,2024-25,1466.825,0.0186060225340174,0.0,0.0,0.6856414294653398,0.0,0.0,0.0,0.2957525480006428,3,0.6856414294653398,direct_athlete_id
2024,2,17,47,1641810.0,15339.0,Antonio  Reeves,2024.0,Kentucky,SEC,1039,77.0,0.3512381861499866,0.646,0.258,0.0921372153063572,0.0718597298074159,0.0115993290793244,0.0080368370079788,0.0716442150513372,0.285,0.423841059602649,0.8690476190476191,-0.1054822865317406,2.173802352913678,1.613500251191455,1.2752908169918686,-0.4409072073525542,-1.5195124811969667,-0.9271769018737328,-0.5401033686091884,-0.5618167891471445,-0.3332727053711736,0.2842675438639987,0.3812558920579648,5.5,0.2723311546840958,0.4095860566448802,0.0,0.0,0.0,0.216966977714173,0.0,0.1981467052332933,0.3059627032577962,0.2789236137947374,6,0.3059627032577962,3.8501476017100584,23.59753593429158,5.0,SG,True,2024-25,659.5583333333333,0.0855962388413036,0.0,0.0487020688174997,0.215807579043015,0.0125619545979587,0.4786232585756836,0.0,0.158708900124539,5,0.4786232585756836,direct_athlete_id
2024,2,22,52,1642366.0,16665.0,Quinten Post,2024.0,Boston College,ACC,1117,84.0,0.3169394249868393,0.612,0.268,0.1870982226959176,0.1503181150807523,0.0159801390749666,0.0599888771330132,0.1471133558778537,0.285,0.378698224852071,1.0,1.9863547463769249,1.6357807146306595,1.0619991646353166,1.4759553552053533,0.8956322729972911,0.0496583017240576,-0.4096403370889388,1.8190290156231597,1.4097887152812665,-0.3332727053711736,0.0567687630191747,0.7844676525619602,4.0,0.4402810304449648,0.2716627634660422,0.0176224571463159,0.0,0.1407613883363975,0.0051328861626398,0.1113236457702763,0.0502779200576712,0.5574893559892846,0.1173923465374142,6,0.5574893559892846,3.951243718581427,24.265571526351813,5.0,C,True,2024-25,685.7566666666667,0.4669041355003367,0.2664707764486352,0.0792910691718981,0.0,0.0048742407692578,0.1824597781098721,0.0,0.0,0,0.4669041355003367,direct_athlete_id
2023,1,2,2,1641706.0,20033.0,Brandon Miller,2023.0,Alabama,SEC,1209,79.0,0.3206493533833761,0.589,0.262,0.1289614868004973,0.1205715986900863,0.015180803275617,0.0239036571803974,0.1255138901947638,0.3289999999999999,0.1982758620689655,0.8301886792452831,0.5398581764453716,1.7633695067729658,0.7128743627092813,1.384600238079465,0.0663707388308136,-0.735524038343274,-0.5041585787996716,0.2432262591131944,0.8314720917459564,0.0462705051427437,-0.8508002730174551,0.3100489757943859,4.3,0.2790697674418604,0.5348837209302325,0.0179298219421332,0.0,0.0057810647657539,0.0,0.0990578185720861,0.1179737776845531,0.4683903026634447,0.2908672143720286,6,0.4683903026634447,0.6931471805599453,20.580424366872005,1.0,SF,True,2023-24,2382.963333333333,0.0,0.0331594116261704,0.0568519839724478,0.4174450224229903,0.0,0.3601738409686743,0.069515594807392,0.062854146202325,3,0.4174450224229903,direct_athlete_id
2023,1,6,6,1641710.0,19922.0,Anthony Black,2023.0,Arkansas,SEC,1254,79.0,0.2116868194302194,0.557,0.209,0.2058469027237118,0.2089723926380368,0.034135761559806,0.0182643207442236,0.0852177542226516,0.578,0.2892561983471074,0.7142857142857143,0.5398581764453716,0.0057485394048003,0.1974815362724761,0.2925641452613566,1.1474590017364454,1.040278952785559,1.7553377080633514,-0.0285136015187231,-0.2078354721599308,1.6722509231242428,-0.3956784555587784,-0.0346539606455495,2.0,0.4437689969604863,0.2826747720364742,0.250308004301515,0.0,0.091067425445002,0.0483414821971395,0.3810621970289494,0.0367491495005331,0.1924717415268607,0.0,4,0.3810621970289494,1.791759469228055,19.419575633127995,1.0,SG,True,2023-24,1164.21,0.3043411762125376,0.0,0.1122338117927693,0.277204061501435,0.1029167207959433,0.0024020743995844,0.0,0.2009021552977302,0,0.3043411762125376,direct_athlete_id
2023,1,8,8,1641716.0,19862.0,Jarace Walker,2023.0,Houston,American,995,79.0,0.2525954699939378,0.538,0.223,0.1247552229902348,0.1237739374124241,0.0218465386099612,0.0626002841287866,0.1394116719788691,0.235,0.5447154471544715,1.0,0.5398581764453716,0.665625832717746,-0.1085329544243779,0.5810265094019892,0.0072263304751257,-0.6711951739997768,0.290420022289915,2.1078811051033957,1.1899201012456868,-0.5675534277498697,0.8822358978064837,0.8150788594156866,2.6,0.2970588235294117,0.2970588235294117,0.0,0.1688295997712874,0.153017026829253,0.0832582200553181,0.1950746605217752,0.0,0.3532140916625069,0.0466064011598592,6,0.3532140916625069,2.0794415416798357,19.797399041752225,1.0,PF,False,2023-24,340.42333333333335,0.4210926137664119,0.0,0.0859248460461589,0.2630351245757544,0.0,0.0,0.0967292674590944,0.1332181481525802,0,0.4210926137664119,direct_athlete_id
2023,1,9,9,1641707.0,21469.0,Taylor Hendricks,2023.0,UCF,American,1181,81.0,0.2767603371242735,0.594,0.212,0.0861564322617372,0.0997091815538014,0.0167125848913904,0.0614017091466576,0.1206659318520248,0.286,0.5126050420168067,0.864406779661017,1.1494829509688735,1.0554174023613354,0.7934044918400324,0.3543775090057779,-0.5355124856952117,-1.15461012454523,-0.3215649364801298,2.0501259769448033,0.7064347983787633,-0.2345212939464303,0.7216061777655444,0.4118158261662864,4.0,0.3486486486486486,0.4,0.0,0.0241812170672549,0.217291310287031,0.1012440186930133,0.0873363051480509,0.0,0.3575454621506554,0.2124016866539944,6,0.3575454621506554,2.1972245773362196,19.581108829568787,1.0,PF,False,2023-24,856.4316666666666,0.3900936369233487,0.0,0.2670620212863968,0.0,0.0,0.3257481001696948,0.0,0.0170962416205597,0,0.3900936369233487,direct_athlete_id
2023,1,10,10,1641717.0,19871.0,Cason Wallace,2023.0,Kentucky,SEC,1026,75.0,0.2202952020026602,0.547,0.2,0.2442823354188408,0.1634943875061005,0.0369121575329284,0.0161006750531204,0.0673014127393404,0.2239999999999999,0.0947368421052631,0.8181818181818182,-0.6793913726016324,0.1446061187536179,0.036421278010974,0.1071240540280934,1.6879008354374092,0.1267127512035286,2.0862936668197603,-0.1327721051940503,-0.6699291387589548,-0.6393838879819848,-1.368745895901372,0.2743397921039909,2.8,0.2211538461538461,0.407051282051282,0.10838649967606,0.0,0.0102569180027935,0.0687511791951588,0.4849536825741549,0.1569014760014053,0.0,0.1707502445504271,4,0.4849536825741549,2.302585092994046,19.62217659137577,1.0,PG,True,2023-24,1691.9216666666666,0.4036030055220309,0.0,0.099010476892721,0.0,0.0,0.1953486377338676,0.1023097855611624,0.1997280942902179,0,0.4036030055220309,direct_athlete_id
2023,1,12,12,1641726.0,19901.0,Dereck Lively II,2023.0,Duke,ACC,700,85.0,0.1669920344737529,0.668,0.1159999999999999,0.0982929945673655,0.148005148005148,0.015965813076823,0.1265107836856715,0.1519314285714285,0.299,0.7432432432432432,1.0,2.3687325000158777,-0.7152010229949544,1.9852504029751483,-1.6236501308157023,-0.3648598995956412,-0.1844364659889946,-0.4105827078121016,5.187504113779109,1.5128264398066025,-0.1496307500357495,1.875355236206808,0.8150788594156866,1.7,0.8125,0.0982142857142857,0.0,0.0,0.714196904601961,0.2496034059883579,0.0,0.0,0.036199689409681,0.0,2,0.714196904601961,2.4849066497880004,19.356605065023956,1.0,C,True,2023-24,1294.2816666666668,0.0755994862211274,0.0,0.0997693318468087,0.0,0.7070980886259591,0.0,0.0,0.1175330933061047,4,0.7070980886259591,direct_athlete_id
2023,1,13,13,1641711.0,19891.0,Gradey Dick,2023.0,Kansas,Big 12,1177,78.0,0.2498385726423109,0.585,0.205,0.0938456659482619,0.0941107579053036,0.0255020591052497,0.008146591197811,0.0894115106028885,0.226,0.5494505494505495,0.7951807228915663,0.2350457891836205,0.621155679406294,0.6484502594046804,0.2101463269354616,-0.4273939278461864,-1.2670717554493864,0.726170650796742,-0.5160515322613358,-0.0996711873715518,-0.6263238043034178,0.9059228663427992,0.2059330426248004,3.2,0.2544529262086514,0.5241730279898219,0.0,0.1047572297587353,0.0,0.3533240653306741,0.2036196438888199,0.0536792198077708,0.1761928397805981,0.1084270014334016,3,0.3533240653306741,2.5649493574615367,19.586584531143053,1.0,SG,True,2023-24,1267.6683333333333,0.0,0.0,0.0149046998132967,0.0,0.0,0.683043601180085,0.0,0.3020516990066181,5,0.683043601180085,direct_athlete_id
2023,1,14,14,1641722.0,21138.0,Jordan Hawkins,2023.0,UConn,Big East,1086,77.0,0.3360741490069947,0.59,0.255,0.0822773730491105,0.0897601608502082,0.0146348222172188,0.0182927732436715,0.0742907175381199,0.317,0.352112676056338,0.8952380952380953,-0.0697665980781304,2.0121792877302984,0.7289803885354315,1.2403690560091487,-0.5900560598637492,-1.3544669350467955,-0.5692414007005406,-0.0271425752779393,-0.4896627889322,-0.0320899969286531,-0.0812439794471666,0.5035101587265668,4.5,0.189695550351288,0.6346604215456675,0.0,0.0,0.0,0.0647925231902897,0.0608651887873295,0.1311580809212915,0.3772501710819276,0.3659340360191616,6,0.3772501710819276,2.6390573296152584,21.14715947980835,2.0,SG,True,2023-24,1160.58,0.1114324969950522,0.0,0.0,0.191538164690199,0.0,0.6970293383147489,0.0,0.0,5,0.6970293383147489,direct_athlete_id
2023,1,16,16,1641718.0,19880.0,Keyonte George,2023.0,Baylor,Big 12,945,76.0,0.3200038918077447,0.529,0.308,0.2003386960203218,0.1657940663176265,0.0234200019476093,0.0073322053017484,0.0883038326144082,0.364,0.3461538461538461,0.6363636363636364,-0.3745789853398814,1.7529578840086866,-0.2534871868597299,2.3324051488272564,1.0700079332185854,0.1729089031809411,0.4779822693615179,-0.5552939346966833,-0.1282401328554651,0.2748219695176537,-0.1110525469474913,-0.2663992752077049,2.5,0.1626213592233009,0.5533980582524272,0.035338356562425,0.1191995118110709,0.0,0.0308960897997393,0.1496618430717738,0.380663760750194,0.2842404380047966,0.0,5,0.380663760750194,2.772588722239781,19.61943874058864,1.0,SG,True,2023-24,2022.5766666666664,0.0,0.0,0.0,0.7823391814779458,0.0093863991904254,0.1385121054816954,0.0,0.0697623138499333,3,0.7823391814779458,direct_athlete_id
2023,1,18,18,1631170.0,19911.0,Jaime Jaquez Jr,2023.0,UCLA,Pac-12,1229,78.0,0.322859350348673,0.547,0.2789999999999999,0.1457753343515114,0.1000896325067224,0.027959744066923,0.0217156424655524,0.1457930103476356,0.249,0.4429824561403508,0.8787878787878788,0.2350457891836205,1.7990178793199534,0.036421278010974,1.7348759659645163,0.3027907805698034,-1.1469675920519955,1.019135159709008,0.1377934975814188,1.3545059374432762,-0.4761328419999059,0.3733247895390408,0.454586147874556,4.1,0.4227941176470588,0.1930147058823529,0.0,0.0399072915544224,0.0,0.0860459313777935,0.31836908461834,0.0584750479668215,0.4440797171906724,0.05312292729195,6,0.4440797171906724,2.8903717578961645,22.338124572210816,4.0,SF,True,2023-24,2113.195,0.0995347174805559,0.1374955574727397,0.0853802499171026,0.1567158672443768,0.0,0.0884660738555959,0.0721359776681065,0.3602715563615224,7,0.3602715563615224,direct_athlete_id
2023,1,19,19,1641764.0,22098.0,Brandin Podziemski,2023.0,Santa Clara,WCC,1152,76.0,0.3245404007045354,0.608,0.256,0.2048948076786852,0.1224092829834328,0.0290733659771126,0.01390625,0.1370845655541473,0.313,0.2592592592592592,0.5822784810126582,-0.3745789853398814,1.8261340746347177,1.018888853406135,1.2609735105906223,1.1340715632217493,-0.698608473231985,1.1518827254549888,-0.2385137584632272,1.1298999715017035,-0.0582101642857856,-0.5457357316071048,-0.4272520357371334,5.0,0.2831460674157303,0.397752808988764,0.0,0.0,0.0279456739875221,0.1586019086791466,0.2636712527888196,0.2804904277304495,0.2577470349002629,0.0115437019137992,5,0.2804904277304495,2.9444389791664403,20.320328542094455,2.0,SG,False,2023-24,1968.253333333333,0.0837987683097566,0.0002731703005134,0.1435215600824505,0.3504500513210909,0.0,0.1859724422874246,0.0218890706172643,0.2140949370814994,3,0.3504500513210909,direct_athlete_id
2023,1,20,20,1641715.0,19981.0,Cam Whitmore,2023.0,Villanova,Big East,711,79.0,0.2857830953894765,0.576,0.256,0.0636837103772403,0.1291671792348382,0.0324355046914436,0.0158372878209516,0.1204257767548906,0.251,0.4235294117647059,0.5405405405405406,0.5398581764453716,1.2009590719156873,0.5034960269693285,1.2609735105906223,-0.8515021382599524,-0.5628552538202916,1.552661235597426,-0.1454638129103463,0.7002407799464536,-0.4630727583213396,0.2760124990647434,-0.5513833782503553,2.0,0.4470588235294118,0.4235294117647059,0.0,0.0,0.0771319435028897,0.1457151730839742,0.3831633865674477,0.0,0.2984721409721276,0.0955173558735608,4,0.3831633865674477,2.995732273553991,18.954140999315538,1.0,SF,True,2023-24,880.3333333333334,0.1208699952286936,0.0180501714007246,0.1947922977290379,0.1402773890668096,0.0,0.3572191249234807,0.1407408867588184,0.0280501348924349,5,0.3572191249234807,direct_athlete_id
2023,1,21,21,1641730.0,20032.0,Noah Clowney,2023.0,Alabama,SEC,914,81.0,0.2145081994338649,0.583,0.18,0.0584418357596237,0.1322447102115915,0.0127785098589165,0.033594903311591,0.1551375455571216,0.439,0.5977011494252874,1.0,1.1494829509688735,0.0512588306160205,0.61623820775238,-0.3049650376013816,-0.925208302903554,-0.5010335385421691,-0.7905202248454941,0.7102134486249706,1.59551778361942,0.7645751074638885,1.147292613392747,0.8150788594156866,2.0,0.432,0.48,0.0386044959859963,0.1963184582361341,0.1764613513231748,0.2128530354619806,0.0,0.0,0.3386955820373459,0.0370670769553681,6,0.3386955820373459,3.044522437723423,18.937713894592743,1.0,PF,True,2023-24,369.85833333333335,0.3445235742990269,0.0030630443092934,0.3977191810423093,0.0,0.1739533907402777,0.0807408096090924,0.0,0.0,2,0.3977191810423093,direct_athlete_id
2023,1,23,23,1631200.0,20842.0,Kris Murray,2023.0,Iowa,Big Ten,1009,80.0,0.3387208439899359,0.577,0.272,0.117358368168494,0.079721698796927,0.0173330852026088,0.0335209640803557,0.12938401326834,0.259,0.4304635761589404,0.9090909090909092,0.8446705637071226,2.0548718209109733,0.5196020527954787,1.5906447838942026,-0.0967810789168863,-1.556120451315507,-0.2475991630832665,0.7066505761809313,0.931289309615137,-0.4108324236070745,0.3107000989436136,0.5447093257598389,5.0,0.4013157894736842,0.4320175438596491,0.0,0.0033187499299296,0.0,0.0573916316353019,0.1274227589602627,0.0409947195877758,0.5408244742000202,0.2300476656867095,6,0.5408244742000202,3.1354942159291497,22.83915126625599,3.0,PF,True,2023-24,1348.2716666666668,0.3605231496453849,0.0,0.2320172340788922,0.1755840925690301,0.0,0.0642550954448834,0.0,0.1676204282618093,0,0.3605231496453849,direct_athlete_id
2023,1,24,24,1641765.0,21752.0,Olivier-Maxence Prosper,2023.0,Marquette,Big East,1045,79.0,0.2558844664107822,0.626,0.203,0.0396147062813729,0.1221180148495506,0.0186963759764374,0.0054110348048135,0.0969106950244765,0.515,0.6415094339622641,1.0,0.5398581764453716,0.7186790139729629,1.308797318276839,0.1689374177725147,-1.189937165441918,-0.7044594933446899,-0.0850902092149917,-0.647868408483789,0.0937458464074579,1.2608582872494063,1.3664400346251944,0.8150788594156866,2.9,0.4964539007092198,0.4078014184397163,0.1065534624631921,0.0758764079041233,0.0,0.387753597829361,0.0342113873322173,0.0,0.3392654795725886,0.0563396648985175,3,0.387753597829361,3.1780538303479458,20.969199178644764,3.0,PF,True,2023-24,336.21166666666664,0.1146133439011815,0.0,0.2165551896027353,0.1142824961036144,0.0,0.2632642605887161,0.0,0.2912847098037525,7,0.2912847098037525,direct_athlete_id
2023,1,25,25,1631204.0,19863.0,Marcus Sasser,2023.0,Houston,American,1109,74.0,0.3388228302122077,0.603,0.262,0.195830204198405,0.1022531572904707,0.0324813536823615,0.0073259045800928,0.0520744579199331,0.348,0.202127659574468,0.7083333333333334,-0.9842037598633836,2.0565169104306853,0.9383587242753844,1.384600238079465,1.0066138872405024,-1.103506514263218,1.5581265931667867,-0.5555975443933119,-1.06265883696167,0.1703413000891236,-0.8315319656787378,-0.0523567277301585,5.2,0.1935483870967742,0.576036866359447,0.0,0.0,0.0,0.1501036118600005,0.2832149398733392,0.3513010558061847,0.1062625238364413,0.1091178686240341,5,0.3513010558061847,3.218875824868201,22.748802190280628,4.0,PG,False,2023-24,1351.11,0.1001276818757062,0.0,0.0,0.836191107081779,0.0,0.0,0.0243033094141705,0.0393779016283441,3,0.836191107081779,direct_athlete_id
2023,1,26,26,1641767.0,21037.0,Ben Sheppard,2023.0,Belmont,MVC,1096,78.0,0.3352552675766906,0.587,0.278,0.1700332214612907,0.1199616122840691,0.0244746319318918,0.0047080291970802,0.0905807460728581,0.292,0.3059701492537313,0.8333333333333334,0.2350457891836205,1.9989703147055915,0.6806623110569808,1.7142715113830451,0.6438816977791615,-0.7477774993810906,0.6036977944380572,-0.6817437851404293,-0.0695145671743334,-0.1953410429107315,-0.3120682599415381,0.3194013810466322,3.9,0.3135011441647597,0.4164759725400457,0.0,0.0,0.0,0.1079266839369584,0.202312609981988,0.2304458287102864,0.3118048005127974,0.1475100768579696,6,0.3118048005127974,3.258096538021482,21.932922655715263,4.0,SF,False,2023-24,814.26,0.5046067319818228,0.0,0.0408554638226954,0.0535804867545438,0.0,0.1511095703987668,0.0,0.249847747042171,0,0.5046067319818228,direct_athlete_id
2023,1,27,27,1641733.0,19925.0,Nick Smith Jr,2023.0,Arkansas,SEC,438,74.0,0.2806331786949101,0.475,0.289,0.1347003195134652,0.1075697211155378,0.0184896775868183,0.0047537273169897,0.0375353227239919,0.248,0.25,0.9166666666666666,-0.9842037598633836,1.1178883022283694,-1.1232125814718414,1.9409205117792552,0.147064646957221,-0.9967069084967768,-0.1097293688925152,-0.6795417528843481,-1.4376484685295612,-0.482662883839189,-0.5920544316118174,0.5672401202311592,1.1,0.1683168316831683,0.3514851485148514,0.0,0.1815163593155591,0.0,0.0,0.1028812543972843,0.32619190533991,0.1260385589825805,0.2633719219646661,5,0.32619190533991,3.295836866004329,19.17590691307324,1.0,PG,True,2023-24,728.71,0.2422802506566653,0.0,0.0,0.6733064792193203,0.0,0.0844132701240143,0.0,0.0,3,0.6733064792193203,direct_athlete_id
2023,1,28,28,1641729.0,20824.0,Brice Sensabaugh,2023.0,Ohio State,Big Ten,807,77.0,0.4122376046151534,0.593,0.3379999999999999,0.109960473334893,0.1288461538461538,0.0137696208959693,0.0175395788778688,0.1280035205199537,0.244,0.2554744525547445,0.8833333333333333,-0.0697665980781304,3.240734476999885,0.7772984660138822,2.950538786271467,-0.2008031119485296,-0.5693040403073191,-0.6723763769659801,-0.0634363723068038,0.8956839960856197,-0.5087830511963216,-0.564668922849907,0.4681046245573483,3.6,0.2195121951219512,0.3609756097560975,0.0,0.0,0.0,0.0,0.0027049638296577,0.2865695214712795,0.5265210511513398,0.184204463547723,6,0.5265210511513398,3.332204510175204,19.644079397672822,1.0,SF,True,2023-24,584.3633333333333,0.2049407588295709,0.0429148248226175,0.0100801536374365,0.5384800370064443,0.0,0.0721641023913888,0.0,0.1314201233125418,3,0.5384800370064443,direct_athlete_id
2023,1,29,29,1631124.0,19852.0,Julian Strawther,2023.0,Gonzaga,WCC,1153,78.0,0.2791701359885284,0.608,0.222,0.0669033315128345,0.1077005923532579,0.015285711819091,0.0150526748590553,0.1167641985074769,0.331,0.4090909090909091,0.825,0.2350457891836205,1.0942886809310433,1.018888853406135,0.5604220548205154,-0.8062309437310712,-0.994077955463471,-0.4916531192314785,-0.1832715619831001,0.6058022965394089,0.0593305888213107,0.2037850502873409,0.2946175071281793,3.6,0.2296296296296296,0.4864197530864197,0.0184046694672759,0.0225991438524314,0.0261555545061544,0.1588218321438468,0.0886158681664406,0.0259796985334477,0.3705917691271871,0.2888314642032158,6,0.3705917691271871,3.367295829986474,21.177275838466805,3.0,SF,False,2023-24,545.415,0.0,0.0,0.0,0.175757785934097,0.0,0.6838977700899674,0.0,0.1403444439759356,5,0.6838977700899674,direct_athlete_id
2023,1,30,30,1641738.0,21564.0,Kobe Brown,2023.0,Missouri,SEC,1004,79.0,0.308642879462542,0.663,0.237,0.1687889400511127,0.1212121212121212,0.0286491731970526,0.0189099973534944,0.1281024550446861,0.356,0.4545454545454545,0.8627450980392157,0.5398581764453716,1.5696989895611575,1.9047202738443971,0.8694888735426212,0.6263858175508675,-0.7226571650979422,1.1013174856327963,0.0025992916030748,0.8982356898747454,0.2225816348033887,0.4311677594013857,0.4068738772294066,4.6,0.4657142857142857,0.32,0.016342065408989,0.0,0.0,0.3093108351672779,0.2307596309204135,0.0914169351147085,0.3521705333886109,0.0,6,0.3521705333886109,3.4011973816621555,23.471594798083505,4.0,PF,True,2023-24,393.99833333333333,0.3108190843061942,0.0,0.0910524212946121,0.0836008785718194,0.0,0.1095610000047212,0.0,0.404966615822653,7,0.404966615822653,direct_athlete_id
2023,2,5,35,1641763.0,19933.0,Julian Phillips,2023.0,Tennessee,SEC,770,80.0,0.2127799736495389,0.545,0.1889999999999999,0.1136229604875172,0.1439000421170854,0.0159508999288004,0.0289234790594718,0.1113062500962856,0.615,0.4925373134328358,1.0,0.8446705637071226,0.0233816717002457,0.0042092263586735,-0.1195249463681201,-0.1493047643594496,-0.2669001972447832,-0.4123604064003711,0.4851138842363798,0.4650322963814534,1.9138624711777188,0.6212189789593938,0.8150788594156866,1.9,0.4659685863874345,0.2408376963350785,0.1580828685559293,0.1931956380012459,0.0801675783643556,0.1066257034678,0.0306360738930134,0.0,0.3744554006187904,0.056836737098865,6,0.3744554006187904,3.5553480614894135,19.627652292950035,1.0,SF,True,2023-24,322.55,0.269699305214269,0.0,0.1570549753301376,0.0156218268481585,0.0,0.1684403425850905,0.0,0.3891835500223442,7,0.3891835500223442,direct_athlete_id
2023,2,6,36,1641748.0,21141.0,Andre Jackson Jr,2023.0,UConn,Big East,1047,78.0,0.1399034128361381,0.513,0.145,0.2664823002140834,0.2326953329837441,0.0227699382921198,0.0179755256304877,0.1227423754396698,0.225,0.5873015873015873,0.8333333333333334,0.2350457891836205,-1.1521542365448805,-0.5111836000781333,-1.0261209479529625,2.0000552419509146,1.516827482984077,0.4004924435448967,-0.0424296260095438,0.7599898967672752,-0.6328538461427009,1.0952696399884387,0.3194013810466322,1.7,0.3478260869565217,0.4202898550724637,0.1814957710655225,0.2715094967704412,0.1147804146765509,0.1886697643566547,0.1198339078192196,0.1237106453116107,0.0,0.0,1,0.2715094967704412,3.58351893845611,21.60438056125941,3.0,SG,True,2023-24,572.3283333333334,0.4119118410658223,0.0,0.2047631030583049,0.155564693296643,0.0540489395306796,0.0,0.0,0.17371142304855,0,0.4119118410658223,direct_athlete_id
2023,2,15,45,1641713.0,22294.0,Gregory Jackson II,2023.0,South Carolina,SEC,1023,81.0,0.3009081237211757,0.478,0.308,0.0661002011253982,0.1429616330873063,0.0147264769311154,0.0279054714538585,0.1092024990129774,0.2689999999999999,0.0,0.0,1.1494829509688735,1.4449334543328642,-1.0748945039933908,2.3324051488272564,-0.8175237854880483,-0.2857510410840954,-0.5583158432491373,0.4360596651801957,0.4107728900956848,-0.3455320052142439,-1.842659331739066,-2.15898601079864,0.8,,,0.0,0.1058151711070047,0.1786880623404388,0.0,0.0,0.3670591105874456,0.2053076674505566,0.1431299885145541,5,0.3670591105874456,3.80666248977032,18.510609171800137,1.0,PF,True,2023-24,1233.165,0.220497053930383,0.0372943170822952,0.151364727899979,0.2568409654738738,0.0172820500434626,0.251464894305564,0.065255991264442,0.0,3,0.2568409654738738,direct_athlete_id
2023,2,21,51,1630592.0,19890.0,Jalen Wilson,2023.0,Kansas,Big 12,1273,78.0,0.3294108405341712,0.546,0.297,0.1248642897941565,0.1125160737248178,0.0154169647905294,0.0142275589837655,0.1327168949701329,0.346,0.3257142857142857,0.8,0.2350457891836205,1.9046967406658972,0.0203152521848237,2.105756148431045,0.0087599222516225,-0.8973441384756262,-0.4760073131495849,-0.2230310045157681,1.0172501363473607,0.1572812164105573,-0.2132998047161365,0.2202658853728213,3.5,0.3152364273204903,0.3642732049036777,0.0,0.0793039524487445,0.0,0.0,0.0780868782681107,0.183168699010463,0.4863947344320714,0.1730457358406103,6,0.4863947344320714,3.9318256327243257,22.628336755646817,4.0,PF,True,2023-24,664.5366666666666,0.312357291075968,0.0257224891975862,0.2427179701963803,0.2301629220738454,0.0,0.1174148280992148,0.0,0.071624499357005,0,0.312357291075968,direct_athlete_id
2023,2,22,52,1641739.0,20066.0,Toumani Camara,2023.0,Dayton,A-10,1020,79.0,0.2951539447489705,0.616,0.247,0.1334268735556289,0.1558658236740428,0.0260321941420776,0.0316032295271049,0.1737273880075567,0.408,0.5374149659863946,0.9655172413793104,0.5398581764453716,1.352115627465101,1.1477370600153372,1.075533419357359,0.1291586831026929,-0.0265305158078687,0.7893645723706976,0.6142416684792016,2.074982213755529,0.5621438104461113,0.8457158277181489,0.7125248983738134,3.2,0.4876543209876543,0.2469135802469135,0.0462225155070853,0.0,0.0682390274663248,0.1613846666032741,0.2436315188791639,0.0,0.4805222715441519,0.0,6,0.4805222715441519,3.951243718581427,23.121149897330596,4.0,PF,False,2023-24,1739.32,0.3112063983677758,0.0,0.3551025402793938,0.1483769922087825,0.0,0.0,0.0,0.1853140691440477,2,0.3551025402793938,direct_athlete_id
2023,2,27,57,1631218.0,19957.0,Trayce Jackson-Davis,2023.0,Indiana,Big Ten,1106,81.0,0.368454631564939,0.616,0.293,0.2478550544680781,0.129724535554132,0.0148868388336347,0.090109182269279,0.1794036240174189,0.466,0.5059288537549407,0.0,1.1494829509688735,2.534492903360869,1.1477370600153372,2.02333833010515,1.7381369508880586,-0.5516590306335493,-0.5392001523642417,3.4334385055955123,2.221382231455677,0.940886237124533,0.6882090827476979,-2.15898601079864,5.6,0.7178899082568807,0.0,0.0,0.0,0.3537215970465433,0.0,0.0,0.2817062290223565,0.3645721739311001,0.0,6,0.3645721739311001,4.04305126783455,23.329226557152634,4.0,PF,True,2023-24,1130.4516666666666,0.0,0.1081402070484856,0.1153751298959814,0.0,0.7078330522977103,0.0,0.0686516107578227,0.0,4,0.7078330522977103,direct_athlete_id
2022,1,1,1,1631094.0,27623.0,Paolo Banchero,2022.0,Duke,ACC,1286,82.0,0.3096604664686236,0.563,0.2739999999999999,0.1754987280276153,0.1337753736985982,0.0189354927241553,0.0267788902113032,0.1320790230993929,0.366,0.3432835820895522,0.8863636363636364,1.4751825342179743,1.5212479501876044,0.3898342960939617,1.585004530042798,0.7147160436919568,-0.5018539155084377,-0.0981038376631158,0.3631882548988434,1.0113894982315927,0.3918984551961845,-0.0913142273628362,0.4633801034038845,3.8,0.3671875,0.25390625,0.0269271335139811,0.0598919574071498,0.0209164092066166,0.0077157995930385,0.1453506602593163,0.0797185517897638,0.5395188096343803,0.1199606785957531,6,0.5395188096343803,0.0,19.61122518822724,1.0,PF,True,2022-23,2429.723333333334,0.0,0.2067594116389015,0.0682786733215319,0.3879641473378088,0.0,0.0534610941185718,0.2114500101065367,0.072086663476649,3,0.3879641473378088,direct_athlete_id
2022,1,3,3,1631095.0,25841.0,Jabari Smith Jr.,2022.0,Auburn,SEC,978,82.0,0.3316037275382779,0.577,0.276,0.1401195137028641,0.112067738722072,0.0213444762702596,0.038313811534123,0.1358742155467671,0.384,0.0,0.0,1.4751825342179743,1.8607337707513232,0.6166690792215916,1.6253571912751978,0.2112963584692771,-0.9309043967024736,0.1828689153033988,0.8971396987558062,1.1095184275478367,0.5179944199206187,-1.8138034226165984,-2.250427531201614,3.7,,,0.0,0.0,0.2916490572138094,0.0,0.0375533690373246,0.3674494967007849,0.2244491028222024,0.0788989742258788,5,0.3674494967007849,1.0986122886681098,19.1129363449692,1.0,PF,True,2022-23,2450.5466666666666,0.2657431137205862,0.2509749573249668,0.0993954027528311,0.1670283455579212,0.0,0.2168581806436945,0.0,0.0,0,0.2657431137205862,direct_athlete_id
2022,1,4,4,1631099.0,27700.0,Keegan Murray,2022.0,Iowa,Big Ten,1116,80.0,0.4248252795100127,0.645,0.297,0.1005218068328165,0.0576411469110257,0.0232846443391015,0.0639299960059961,0.1492919210083142,0.3429999999999999,0.4315352697095436,0.8636363636363636,0.8730215301138241,3.302971319896354,1.7184380258415088,2.049060134215372,-0.3521493117787859,-2.0066436668501644,0.4091611888234076,2.0829127354391037,1.456448152213922,0.2307758336038516,0.3515050227249526,0.3937952922601538,7.2,0.5,0.3007246376811594,0.0,0.0,0.0,0.1030651170648448,0.1245773186345527,0.0268265099329553,0.6993951896266689,0.0461358647409781,6,0.6993951896266689,1.3862943611198906,21.842573579739906,2.0,PF,True,2022-23,2381.673333333333,0.2735397340189485,0.0119701532741545,0.1172631676021485,0.0530548195938624,0.0171203341022182,0.5270517914086676,0.0,0.0,5,0.5270517914086676,direct_athlete_id
2022,1,5,5,1631093.0,25745.0,Jaden Ivey,2022.0,Purdue,Big Ten,1132,76.0,0.3344557386076821,0.586,0.286,0.1916785069473988,0.1501405571173013,0.0176374566883981,0.0199798998198467,0.0927156611664019,0.469,0.2014388489208633,0.609375,-0.3313004780944764,1.904857445672753,0.7624914398036395,1.8271204974371849,0.9449421627912606,-0.1783967619209567,-0.2495007863912373,0.0484630275055841,-0.0063940830581256,1.11344758667489,-0.8030465473284975,-0.3846847824103338,4.0,0.3673469387755102,0.4058956916099773,0.1072383485196806,0.0,0.0047000339814423,0.0009134781729159,0.040077326034879,0.3489502394925304,0.36111692330389,0.1370036504946615,6,0.36111692330389,1.6094379124341005,20.355920602327178,2.0,PG,True,2022-23,2304.3166666666666,0.0,0.0,0.0374825952850585,0.7232987163320332,0.0311687637428195,0.0,0.0673244016312329,0.1407255230088558,3,0.7232987163320332,direct_athlete_id
2022,1,6,6,1631097.0,27794.0,Bennedict Mathurin,2022.0,Arizona,Pac-12,1201,77.0,0.3048066346311807,0.582,0.25,0.1377598242150807,0.1050420168067226,0.01670885934,0.007917248283312,0.0928243250528636,0.368,0.5333333333333333,0.7710843373493976,-0.0302199760424013,1.446153957595437,0.6976815017671738,1.1007725952540286,0.1777197468390939,-1.069767491266934,-0.3578081070446944,-0.5099170450081307,-0.003584457200758,0.4059091179433438,0.8622957329080876,0.1104258203736359,4.2,0.3568464730290456,0.462655601659751,0.0004268068738119,0.1223316418493441,0.0,0.2710426723668472,0.0009719707958114,0.2536968927875512,0.2929682809328248,0.0585617343938092,6,0.2929682809328248,1.791759469228055,20.01095140314853,2.0,SF,True,2022-23,2222.38,0.0,0.064996552251159,0.0551499199290883,0.3114681294753299,0.0517972663508148,0.2750849003014844,0.066866660295415,0.1746365713967083,3,0.3114681294753299,direct_athlete_id
2022,1,9,9,1631110.0,28229.0,Jeremy Sochan,2022.0,Baylor,Big 12,754,80.0,0.2161023560617881,0.553,0.1939999999999999,0.1234133540013733,0.1579301075268817,0.0296076727436519,0.0316126749575311,0.1467409895637642,0.427,0.5394736842105263,0.9583333333333334,0.8730215301138241,0.0738034805148945,0.2278094510027992,-0.0291019192531064,-0.0264197643650438,-0.0244366296850084,1.14665011886821,0.5869441239082044,1.3904909774767031,0.8192236689845442,0.8931060850276153,0.683732005359032,1.8,0.3270142180094786,0.3838862559241706,0.0599190397978776,0.1139549365114334,0.1675660242296392,0.1478579856339949,0.250303785049062,0.0,0.2603982287779928,0.0,6,0.2603982287779928,2.1972245773362196,19.09377138945927,1.0,PF,True,2022-23,1457.7,0.1129939672605428,0.1445080802142325,0.1808130947364311,0.3268062168283598,0.0,0.0110786456518899,0.0,0.2237999953085436,3,0.3268062168283598,direct_athlete_id
2022,1,10,10,1631098.0,26998.0,Johnny Davis,2022.0,Wisconsin,Big Ten,1061,76.0,0.3610217688296958,0.529,0.324,0.1482855756874292,0.1093586347113548,0.0211963728866631,0.0230390616818515,0.1375749693664766,0.3979999999999999,0.1976047904191616,0.6486486486486487,-0.3313004780944764,2.3158624708790163,-0.161050177215995,2.59382106085274,0.3274932959151898,-0.9844497221448728,0.1655948183175312,0.1900716130776537,1.1534933125300393,0.6160690591507333,-0.8222846486759403,-0.2644394077481098,3.2,0.2765957446808511,0.251063829787234,0.0,0.0084019140670079,0.0,0.0,0.1699106283291228,0.2681816143891295,0.4584508764541077,0.0950549667606319,6,0.4584508764541077,2.302585092994046,20.317590691307323,2.0,SG,True,2022-23,422.575,0.0890119531426067,0.0,0.0590823208004638,0.3818575768282282,0.0,0.3153121325955886,0.0,0.1547360166331123,3,0.3818575768282282,direct_athlete_id
2022,1,12,12,1631114.0,27556.0,Jalen Williams,2022.0,Santa Clara,WCC,1150,77.0,0.3257455042112451,0.607,0.249,0.2262487146729816,0.123647050390653,0.0213062032284,0.0146773746884519,0.0723515661524076,0.33,0.2822085889570552,0.7073170731707317,-0.0302199760424013,1.7701007628811498,1.1027436144950846,1.0805962646378298,1.436850290867475,-0.7020397945165279,0.1784049238605825,-0.196990831325241,-0.5329304492442731,0.1397065257473166,-0.3977693602607446,-0.0848124331674577,4.4,0.4368686868686868,0.255050505050505,0.0513730983713607,0.0,0.0,0.1982976111118138,0.0685728869187244,0.3706193184379021,0.2027406163195781,0.1083964688406209,5,0.3706193184379021,2.4849066497880004,21.190965092402465,3.0,SG,False,2022-23,2275.5916666666667,0.0628507917314654,0.0,0.1458400375331071,0.1735179569583608,0.0082968676528884,0.0668530308691625,0.2005649841382626,0.3420763311167529,7,0.3420763311167529,direct_athlete_id
2022,1,13,13,1631105.0,25774.0,Jalen Duren,2022.0,Memphis,American,733,82.0,0.2689987250104096,0.616,0.228,0.1049156099562421,0.1874495328180874,0.0186855362271141,0.0990531395736483,0.1801581936064429,0.441,0.6808510638297872,0.0,1.4751825342179743,0.8921671303097661,1.2485659750771323,0.656893321697655,-0.2896287887105874,0.5590135545224831,-0.1272576130008953,3.708762855772541,2.2545300213252744,0.9172983082146596,1.6024933716702348,-2.250427531201614,2.2,0.6398305084745762,0.0042372881355932,0.0,0.0,0.6795286519630396,0.0,0.0,0.1299200495360437,0.1905512985009166,0.0,2,0.6795286519630396,2.5649493574615367,18.595482546201232,1.0,C,False,2022-23,1670.145,0.0,0.1870657336657233,0.1656886860826963,0.0,0.5142423594241939,0.0,0.0,0.1330032208273866,4,0.5142423594241939,direct_athlete_id
2022,1,14,14,1630534.0,26293.0,Ochai Agbaji,2022.0,Kansas,Big 12,1367,77.0,0.3116392178572134,0.6,0.253,0.0872837519547969,0.1159621963239983,0.0153320439719012,0.016523344979819,0.081979420821853,0.28,0.4903225806451612,0.8543689320388349,-0.0302199760424013,1.5518613597767554,0.9893262229312696,1.1613015871026249,-0.5405169040740977,-0.8539306079915838,-0.5183935144987708,-0.1115408768082067,-0.2839915394457092,-0.2105600429316666,0.6464812848819029,0.3654209032500887,4.1,0.3001841620626151,0.4659300184162062,0.0,0.0583408684314736,0.0,0.2281476984071906,0.0222696691244169,0.1664709840912589,0.3212209908318502,0.2035497891138098,6,0.3212209908318502,2.6390573296152584,22.17385352498289,4.0,SF,True,2022-23,1209.2066666666667,0.114916663841877,0.0,0.0741192126119663,0.0,0.0,0.6469995210993239,0.0,0.1639646024468328,5,0.6469995210993239,direct_athlete_id
2022,1,15,15,1631109.0,27625.0,Mark Williams,2022.0,Duke,ACC,922,84.0,0.2819339665711627,0.733,0.186,0.0712510129936352,0.1075011944577162,0.0122392949902653,0.1141281576672376,0.1757390643719588,0.291,0.774869109947644,0.0,2.0773435383221246,1.0922892125063377,3.1442566626437527,-0.1905125641826948,-0.7686507548430457,-1.0211619496848416,-0.8791175206921281,4.406585359452533,2.140268511190244,-0.1335013978222906,2.07424639758288,-2.250427531201614,3.8,0.8120300751879699,0.0037593984962406,0.0,0.0,0.6652554360874103,0.1430734168455212,0.0,0.0,0.1916711470670683,0.0,2,0.6652554360874103,2.70805020110221,20.517453798767967,2.0,C,True,2022-23,827.975,0.0,0.2899076248597477,0.0530556759169439,0.0,0.6021144464658477,0.0,0.0037749837004428,0.0511472690570178,4,0.6021144464658477,direct_athlete_id
2022,1,16,16,1631100.0,19902.0,AJ Griffin,2022.0,Duke,ACC,935,78.0,0.2570677666040042,0.634,0.1889999999999999,0.0696174377224199,0.07260687732342,0.0127043399730083,0.0225082698115921,0.0908308148159461,0.179,0.3225806451612903,0.8571428571428571,0.2708605260096738,0.7075823873286285,1.540210696241228,-0.1299835723341006,-0.7918953057613918,-1.71084664235618,-0.8248768143718748,0.1655012603564909,-0.0551288855379907,-0.9180985116632132,-0.1951950624202157,0.3739139176476591,3.0,0.1690140845070422,0.5985915492957746,0.0,0.0,0.0477018546046304,0.2124361691901138,0.0172942515867229,0.0420796308585038,0.2273856712558714,0.4531024225041574,7,0.4531024225041574,2.772588722239781,18.82819986310746,1.0,SF,True,2022-23,1401.435,0.1183644684201901,0.004071619989659,0.0284886153298265,0.0704052630110989,0.0,0.6025441059698007,0.0805922702014604,0.0955336570779642,5,0.6025441059698007,direct_athlete_id
2022,1,17,17,1631106.0,27062.0,Tari Eason,2022.0,LSU,SEC,806,80.0,0.4095522803114572,0.624,0.318,0.1008759990539388,0.1401905054539867,0.0469706904605784,0.0617467880903316,0.1519253405933563,0.515,0.44375,0.8518518518518519,0.8730215301138241,3.0666816157848253,1.3781858511500638,2.472763077155547,-0.3471094221184615,-0.3750591094621353,3.171792588446532,1.9818520531696184,1.5245381497315442,1.435692829859555,0.4127947028785504,0.3577142790745156,3.9,0.5882352941176471,0.2128851540616246,0.0,0.0,0.0124949448310606,0.0,0.3879138414831513,0.0,0.599591213685788,0.0,6,0.599591213685788,2.833213344056216,21.11978097193703,2.0,SF,True,2022-23,1767.22,0.1931298264448884,0.0029667791141188,0.3942097800816155,0.0936743156204721,0.0,0.0,0.0667842256196785,0.2492350731192266,2,0.3942097800816155,direct_athlete_id
2022,1,19,19,1631222.0,27912.0,Jake LaRavia,2022.0,Wake Forest,ACC,1127,79.0,0.2596457658476517,0.658,0.204,0.1999339862386697,0.1955700096686297,0.0296529841495117,0.0299327632670188,0.1108294078104268,0.529,0.416,0.9230769230769232,0.571941028061749,0.7474668049575395,1.9290703244600225,0.1726613869088833,1.062411441448092,0.7195144337761542,1.1519350326924656,0.5091810211008452,0.4619570186926349,1.5337674690896703,0.2735539186926566,0.5757863367899116,3.7,0.5036231884057971,0.2536231884057971,0.2191364465814364,0.0,0.0300366228795452,0.2079286339262205,0.2041799729599021,0.0091672653734326,0.329551058279463,0.0,6,0.329551058279463,2.9444389791664403,20.635181382614647,3.0,PF,True,2022-23,414.2866666666667,0.4939771577879313,0.0,0.0,0.0,0.0,0.317091239834695,0.0,0.1889316023773735,0,0.4939771577879313,direct_athlete_id
2022,1,20,20,1631103.0,25813.0,Malaki Branham,2022.0,Ohio State,Big Ten,948,76.0,0.2874102942166153,0.602,0.241,0.1448390560198732,0.1294219154443485,0.0150613418452504,0.0102828173325255,0.0728293813513995,0.299,0.1538461538461538,0.9090909090909092,-0.3313004780944764,1.1770138839437696,1.0217311919495025,0.9191856197082392,0.2784519059558605,-0.587899832572356,-0.5499669645881108,-0.4004148668812567,-0.5205760048944106,-0.0774587468336532,-1.0418517431383236,0.5329649145476155,3.4,0.2150943396226415,0.290566037735849,0.0754493826203061,0.0,0.0,0.046189620564922,0.0485484439944785,0.2119313025513763,0.2456295765990492,0.3722516736698678,7,0.3722516736698678,2.995732273553991,19.11567419575633,1.0,SG,True,2022-23,1549.5966666666666,0.0524128413651886,0.0,0.0380000460295536,0.4849088822838417,0.0,0.3021514214668867,0.0,0.1225268088545293,3,0.4849088822838417,direct_athlete_id
2022,1,21,21,1631128.0,26292.0,Christian Braun,2022.0,Kansas,Big 12,1374,78.0,0.2388921672764467,0.591,0.204,0.1448546362937769,0.1450573065902579,0.0165250942154692,0.0246587473661709,0.1080589911879298,0.3229999999999999,0.3974358974358974,0.8823529411764706,0.2708605260096738,0.426386341200082,0.8435038623492217,0.1726613869088833,0.2786736015682131,-0.2788669921886124,-0.3792416253525102,0.2650468543934204,0.3903248101300238,0.0906692061322581,0.1804050827022781,0.4511004308491084,3.2,0.4593301435406698,0.3157894736842105,0.0971432002517116,0.0641531667047434,0.0626477274880645,0.1839991573432594,0.0686171833605987,0.0960572850027811,0.2575231830634011,0.1698590967854399,6,0.2575231830634011,3.044522437723423,21.182751540041068,3.0,SG,True,2022-23,1181.14,0.1873720153528294,0.0,0.197962351360057,0.0781115223690228,0.0,0.2126760678762719,0.0,0.3238780430418187,7,0.3238780430418187,direct_athlete_id
2022,1,22,22,1631117.0,25842.0,Walker Kessler,2022.0,Auburn,SEC,870,84.0,0.2517480549810774,0.633,0.19,0.0695249130938586,0.1075081357508135,0.0239941353934643,0.190738610524063,0.1660759226806161,0.332,0.7058823529411765,0.9,2.0773435383221246,0.6252807339992076,1.5240082117321117,-0.1098072417178995,-0.7932118618318044,-1.0210247553222718,0.4919129598231749,7.952882795960567,1.8904172161238564,0.153717188494476,1.7280925185190157,0.5051309900901231,2.9,0.6704119850187266,0.1872659176029962,0.0,0.0,0.7611499262305403,0.0,0.0029818513966254,0.0,0.2358682223728341,0.0,2,0.7611499262305403,3.091042453358316,20.908966461327857,2.0,C,True,2022-23,1703.2066666666667,0.0,0.0264918906053051,0.5885346444665217,0.0,0.3724747849742549,0.0073210233441981,0.0051776566097201,0.0,2,0.5885346444665217,direct_athlete_id
2022,1,23,23,1631223.0,27634.0,David Roddy,2022.0,Colorado State,Mountain West,1021,76.0,0.3569096019360216,0.653,0.288,0.1983981909651693,0.136394635144351,0.0215839553509503,0.0414800483481387,0.1452021486939501,0.391,0.4350282485875706,0.717391304347826,-0.3313004780944764,2.252242831675775,1.8480579019144403,1.8674731586695823,1.0405582265616562,-0.450084324537867,0.210800653022558,1.0437047832607318,1.3507025322168558,0.5670317395356763,0.3690316936482408,-0.0539678403168962,5.2,0.4025641025641026,0.2692307692307692,0.0,0.0,0.0644271782891196,0.1519054714974156,0.0780640282406542,0.2827025674693396,0.4229007545034707,0.0,6,0.4229007545034707,3.1354942159291497,21.240246406570844,3.0,PF,False,2022-23,1258.5016666666668,0.3192351320542579,0.0,0.1667121362449647,0.1585305922746191,0.0,0.2051090279574423,0.0,0.1504131114687157,0,0.3192351320542579,direct_athlete_id
2022,1,25,25,1631104.0,28596.0,Blake Wesley,2022.0,Notre Dame,ACC,1027,75.0,0.3123552910502056,0.5,0.313,0.1741590997691603,0.1325483715485781,0.0271111365675773,0.002049915440988,0.0752909107125755,0.324,0.2100840336134453,0.7037037037037037,-0.6323809801465516,1.562939781290084,-0.6309222279803715,2.371881424074553,0.695654138303204,-0.5261055607688047,0.8554656301212681,-0.7815158496354713,-0.4569304206342977,0.0976745375058386,-0.7596677258500469,-0.0958756009735068,1.4,0.3665893271461717,0.4013921113689095,0.0,0.0867881971811554,0.0,0.0,0.251971055372835,0.3337941810533221,0.218346789035922,0.1090997773567652,5,0.3337941810533221,3.218875824868201,19.27173169062286,1.0,SG,True,2022-23,669.055,0.0,0.0,0.0,0.6099445235162682,0.0,0.0,0.0,0.3900554764837319,3,0.6099445235162682,direct_athlete_id
2022,1,29,29,1631102.0,27620.0,TyTy Washington Jr,2022.0,Kentucky,SEC,905,75.0,0.250259529621687,0.531,0.225,0.2271000538741003,0.1225490196078431,0.0257670153990831,0.0070138014889396,0.0675189247821951,0.19,0.2307692307692307,0.8333333333333334,-0.6323809801465516,0.6022516476907291,-0.1286452081977622,0.5963643298490586,1.448964209189993,-0.7237423261944325,0.6986935236271742,-0.5517375920931595,-0.6578837763822533,-0.8410398665538369,-0.6558759033991864,0.3010155440685129,2.9,0.1750741839762611,0.3026706231454006,0.0107535279256819,0.1075147961563144,0.0,0.1237208642971075,0.2293986022202832,0.2981828162332881,0.0418423587534708,0.1885870344138537,5,0.2981828162332881,3.367295829986474,20.602327173169066,1.0,PG,True,2022-23,432.7133333333333,0.1102364232135155,0.0,0.0,0.5709004344101641,0.0,0.1326001292813242,0.0,0.1862630130949961,3,0.5709004344101641,direct_athlete_id
2022,2,1,31,1629614.0,25709.0,Andrew Nembhard,2022.0,Gonzaga,WCC,1029,76.0,0.2022513975866745,0.567,0.186,0.2628263428950848,0.1564866229177183,0.0269843612233737,0.0035951622597841,0.0558138858843436,0.177,0.1685393258426966,0.7058823529411765,-0.3313004780944764,-0.1404857260251807,0.4546442341304274,-0.1905125641826948,1.957322507032012,-0.0529670415344545,0.8406791374834224,-0.7099863829906257,-0.9605305987972396,-0.9321091744103728,-0.9681260209409605,-0.0892051615610358,3.0,0.2516129032258064,0.4290322580645161,0.1273661456850163,0.0232859072888323,0.0,0.1652889637182532,0.2264664618827654,0.256557939920798,0.0,0.2010345815043346,5,0.256557939920798,3.4339872044851463,22.43394934976044,4.0,PG,False,2022-23,2073.5316666666668,0.1451171897203081,0.0,0.0,0.6112087833542865,0.0,0.0,0.0,0.2436740269254053,3,0.6112087833542865,direct_athlete_id
2022,2,2,32,1631216.0,27836.0,Caleb Houstan,2022.0,Michigan,Big Ten,1088,80.0,0.189964554718653,0.535,0.179,0.0739312118289938,0.1395898206807688,0.0138580931263858,0.0076923076923076,0.0752005347593583,0.292,0.4166666666666667,0.9833333333333332,0.8730215301138241,-0.3305763839245295,-0.0638352701612964,-0.3317468784960865,-0.7305135355807605,-0.3869316184330002,-0.6903083569523495,-0.5203295437142318,-0.4592671916012812,-0.1264960664487109,0.2768990426370626,0.7602752976171352,1.6,0.25,0.5950704225352113,0.086212145906455,0.2500739243253975,0.0,0.1699020886612553,0.0086025921360939,0.0,0.2289003832904717,0.2563088656803264,7,0.2563088656803264,3.4657359027997265,19.45242984257358,1.0,SF,True,2022-23,812.19,0.6428433190920446,0.0,0.1048188916347013,0.0331855781812063,0.0,0.2191522110920477,0.0,0.0,0,0.6428433190920446,direct_athlete_id
2022,2,3,33,1631132.0,27793.0,Christian Koloko,2022.0,Arizona,Pac-12,941,84.0,0.2767721686000671,0.67,0.207,0.0976199438097599,0.145020155343624,0.0165865368368615,0.1030689425294683,0.1537855794004541,0.472,0.75,0.0,2.0773435383221246,1.012430653004218,2.123500138569419,0.2331903787574798,-0.3934406461825711,-0.2796012849967634,-0.3720752407958402,3.894654352254891,1.5726366967602543,1.1344635807956291,1.9494610148399911,-2.250427531201614,3.3,0.6914893617021277,0.0106382978723404,0.0,0.0,0.6877868918199264,0.0287179976554058,0.0,0.0609955559758037,0.222499554548864,0.0,2,0.6877868918199264,3.49650756146648,22.00684462696783,3.0,PF,True,2022-23,801.7933333333333,0.0435046482071226,0.0,0.7819601313302807,0.0,0.0779804945220485,0.062903349839567,0.0,0.033651376100981,2,0.7819601313302807,direct_athlete_id
2022,2,4,34,1631119.0,25805.0,Jaylin Williams,2022.0,Arkansas,SEC,1171,81.0,0.1925587477828983,0.545,0.182,0.1527575132307108,0.1534585432890517,0.0230128121386148,0.0399151386771748,0.1721783243756329,0.455,0.624,1.0,1.1741020321658993,-0.2904414304952989,0.0981895749298678,-0.2712178866474901,0.3911256131766653,-0.1128169064864941,0.3774559321232496,0.9712651232984364,2.0482016112219075,1.015372947444775,1.3172325893472845,0.8113041591225382,1.9,0.4675324675324675,0.2305194805194805,0.0571211690631586,0.1745991532119408,0.2246309302932846,0.1159736466722086,0.1274998115182863,0.0,0.3001752892411211,0.0,6,0.3001752892411211,3.5263605246161616,19.98357289527721,2.0,C,True,2022-23,914.1583333333332,0.4171640683027538,0.1655975108896344,0.2072074656581971,0.0684550870820324,0.0,0.0865425948785214,0.0,0.0550332731888607,0,0.4171640683027538,direct_athlete_id
2022,2,5,35,1631108.0,26300.0,Max Christie,2022.0,Michigan State,Big Ten,1079,77.0,0.1789736633748442,0.498,0.18,0.0862072001324097,0.1377264540735247,0.0099429812986024,0.0169945121887723,0.064387103068143,0.253,0.5616438356164384,0.9743589743589745,-0.0302199760424013,-0.5006172796116171,-0.6633271969986043,-0.3115705478798877,-0.555835429086478,-0.4237609800996904,-1.1469489804231905,-0.0897305493271719,-0.7388605162632372,-0.3997039900183178,1.0043489415061446,0.7327982183449961,1.1,0.1604095563139931,0.4197952218430034,0.0358102558006623,0.3864631950971182,0.0,0.1873581004952056,0.0,0.0476553857610939,0.1646904234027305,0.1780226394431892,1,0.3864631950971182,3.5553480614894135,19.364818617385353,1.0,SG,True,2022-23,512.425,0.5539567570479685,0.0206585372950063,0.0531575595537648,0.179223333247258,0.0,0.0836938219768382,0.0,0.109309990879164,0,0.5539567570479685,direct_athlete_id
2022,2,10,40,1631121.0,27019.0,Bryce McGowens,2022.0,Nebraska,Big Ten,1032,78.0,0.2850117484034221,0.541,0.271,0.0863541512778844,0.1186564439576487,0.0119706400352239,0.010485363878283,0.0868929220141142,0.491,0.233009708737864,0.7714285714285715,0.2708605260096738,1.1399058036558474,0.033379636893402,1.5244755381942037,-0.5537444245005952,-0.8006789182094581,-0.9104521981074836,-0.3910389884050419,-0.1569474915149457,1.267564876893643,-0.6446338886495029,0.111479772762732,2.2,0.3896848137535816,0.3696275071633237,0.0768901774994206,0.0689477642293439,0.0,0.0,0.0063708754585024,0.1418176240344914,0.4121890420324601,0.2937845167457814,6,0.4121890420324601,3.688879454113936,19.62217659137577,1.0,SG,True,2022-23,786.9966666666667,0.1582418114677037,0.0,0.1271174317165882,0.2745195295207661,0.0003602258532272,0.1674043894780149,0.0,0.2723566119636998,3,0.2745195295207661,direct_athlete_id
2022,2,27,57,1631133.0,27668.0,Jabari Walker,2022.0,Colorado,Pac-12,928,79.0,0.3083432532063589,0.577,0.275,0.0999860646599776,0.1537590029942542,0.0152941537234939,0.0259935469198624,0.1948635057471264,0.467,0.4227642276422764,0.8611111111111112,0.571941028061749,1.5008692460479651,0.6166690792215916,1.605180860658999,-0.3597725210885073,-0.1068783332040543,-0.5228128586751977,0.3268347183074308,2.6347522513270296,1.099436923927731,0.3074946884700428,0.3860636465775172,2.7,0.5,0.3005780346820809,0.062638006572336,0.0599966857829327,0.0600196589681494,0.0,0.1085744797947748,0.0,0.6470552695418038,0.0617158993400029,6,0.6470552695418038,4.04305126783455,19.89869952087611,2.0,PF,True,2022-23,619.1633333333333,0.2013474551478085,0.1336572616242037,0.3446774911819588,0.1445688122898943,0.0,0.0823936579188432,0.0,0.0933553218372914,2,0.3446774911819588,direct_athlete_id
2021,1,1,1,1630595.0,31717.0,Cade Cunningham,2021.0,Oklahoma State,Big 12,956,78.0,0.3159887260685008,0.58,0.292,0.2035455639794174,0.1886988435703898,0.0249997152381747,0.02297950112374,0.0958739183575531,0.39,0.1929824561403508,0.4516129032258064,0.311594023173266,1.377718540572545,0.5660029413620672,1.9319333494504765,0.9807235439475972,0.5485240631521004,0.5335958385991084,0.2269899547221281,0.0799333197220108,0.4523325073156652,-0.7989708614767055,-0.8031576753522265,3.1,0.2475,0.3875,0.0916339513961662,0.0,0.1066130563082475,0.0,0.1622135775703125,0.3267381774473439,0.259392561012021,0.0534086762659088,5,0.3267381774473439,0.0,19.84120465434634,1.0,PG,True,2021-22,2088.055,0.0,0.0181388288093313,0.0842007910102294,0.6661429814926143,0.0,0.0,0.1141288151408247,0.1173885835470002,3,0.6661429814926143,direct_athlete_id
2021,1,3,3,1630596.0,32167.0,Evan Mobley,2021.0,USC,Pac-12,1119,83.0,0.2935310002567787,0.634,0.228,0.1416005436091151,0.1480236837894063,0.0141458164072793,0.087644289489157,0.145243579744122,0.5660000000000001,0.4806629834254143,1.0,1.828256660700436,1.0427966805357929,1.4210708430421972,0.596529556408039,0.1409882434840474,-0.2835952725834617,-0.6625117276178075,3.2579331228966057,1.354381180145386,1.654162988297239,0.6052778722519112,0.8122835360046788,4.3,0.4101796407185629,0.1197604790419161,0.0615521795770628,0.0,0.3429823356929165,0.0,0.0177818376448671,0.0,0.5088139036207562,0.0688697434643973,6,0.5088139036207562,1.0986122886681098,20.112251882272417,1.0,C,True,2021-22,2331.036666666667,0.120607990664672,0.3994165673124331,0.2435976172121339,0.0,0.0,0.0,0.1499586205831225,0.0864192042276384,1,0.3994165673124331,direct_athlete_id
2021,1,4,4,1630567.0,32691.0,Scottie Barnes,2021.0,Florida State,ACC,570,79.0,0.2515389791020195,0.553,0.247,0.3343580042563254,0.2084511023176936,0.0356013454992245,0.0219991287473763,0.0975374215354901,0.3379999999999999,0.2,0.8181818181818182,0.6149265506787,0.4165513541050253,0.1384689905220038,0.9929775574675124,2.7540351545280464,0.95260941933963,1.701903224455752,0.1810383165660574,0.1228756451580539,0.097246228843836,-0.7647162764625703,0.2766827065708387,2.0,0.4583333333333333,0.2083333333333333,0.171289098066776,0.0,0.0338740287881916,0.0320367689404815,0.3732169080000881,0.2060436012949427,0.18353959490952,0.0,4,0.3732169080000881,1.3862943611198906,19.991786447638603,1.0,SF,True,2021-22,2617.2883333333334,0.1118905477960459,0.2212453934376144,0.1536464629246513,0.1332726724031532,0.0,0.0,0.1838253059046906,0.1961196175338445,1,0.2212453934376144,direct_athlete_id
2021,1,5,5,1630591.0,32257.0,Jalen Suggs,2021.0,Gonzaga,WCC,868,77.0,0.2718614212869061,0.602,0.249,0.2369958109403753,0.1974333662388943,0.0357861071047478,0.0113615866964219,0.1096603515958354,0.367,0.2773109243697479,0.5428571428571428,0.008261495667832,0.7196287981042244,0.9143639383428608,1.0347089260000888,1.4341797380762626,0.7272121184669119,1.7222640881192075,-0.3175604760768951,0.4358217307407372,0.295275114914664,-0.3873401339959265,-0.5343699780004053,2.9,0.4527687296416938,0.3387622149837133,0.1192562462372617,0.0,0.0721762837341914,0.1228020559545587,0.3206698530669281,0.2195327348717594,0.1455628261353005,0.0,4,0.3206698530669281,1.6094379124341005,20.1533196440794,1.0,SG,False,2021-22,1306.6533333333334,0.0,0.0027885248858373,0.0382478928480069,0.6299522819557015,0.0,0.0,0.0,0.3290113003104543,3,0.6299522819557015,direct_athlete_id
2021,1,8,8,1630532.0,31414.0,Franz Wagner,2021.0,Michigan,Big Ten,852,82.0,0.2468277797475803,0.592,0.205,0.1826468132479821,0.1088402467045592,0.0246742064775196,0.0330961568894786,0.1260497255835482,0.304,0.3146067415730337,0.7714285714285715,1.524924133195002,0.3462911833281106,0.7560180306243183,0.1166188182834123,0.697417176141668,-1.0851974252103542,0.4977245358022555,0.7011739651091019,0.8589034782287112,-0.1349255686185128,-0.2052888683946512,0.1389567790021369,3.5,0.3538461538461538,0.3923076923076923,0.0,0.0,0.1946417940528347,0.0859145293164262,0.248398903852178,0.008319085543218,0.2572953569540369,0.2054303302813062,6,0.2572953569540369,2.0794415416798357,19.920602327173167,2.0,SF,True,2021-22,2429.0466666666666,0.0,0.0827957516684705,0.14265657767762,0.250528882708636,0.0165792711463015,0.2300459310623358,0.0543676625814281,0.2230259231552078,3,0.250528882708636,direct_athlete_id
2021,1,9,9,1630558.0,32508.0,Davion Mitchell,2021.0,Baylor,Big 12,990,72.0,0.2468431295085085,0.623,0.204,0.2771311886708296,0.1779793251414082,0.0335487368852939,0.0124086087941509,0.0479673583121859,0.207,0.1473684210526315,0.6031746031746031,-1.508401141859338,0.3465201010076786,1.2468903445518005,0.0957531340171242,1.9782604934981955,0.3292276030383894,1.4757042583647932,-0.2684848577340906,-1.1567454671143145,-0.7972980496140392,-1.0216256640685812,-0.3566865282358455,4.0,0.3495145631067961,0.4563106796116505,0.1324957853907152,0.0,0.0,0.1919400837348809,0.2664607828046749,0.3183755070773357,0.0,0.0907278409923933,5,0.3183755070773357,2.1972245773362196,22.89664613278576,4.0,PG,True,2021-22,2075.825,0.0251319198649259,0.0,0.0,0.8087384257585906,0.0,0.053120449644681,0.0177060013074954,0.095303203424307,3,0.8087384257585906,direct_athlete_id
2021,1,10,10,1630533.0,32615.0,Ziaire Williams,2021.0,Stanford,Pac-12,558,81.0,0.2401046097229106,0.476,0.261,0.1642214410770754,0.2052661381653454,0.0189980412714667,0.0223783155971311,0.0991108734826432,0.241,0.2857142857142857,0.6,1.221591605689568,0.2460256164188205,-1.0807944989107745,1.2850971371955462,0.4476402716609509,0.8874524471466744,-0.1277930091679868,0.1988114172098161,0.1634933526976445,-0.5651262521516897,-0.3463209880756393,-0.3660382887497697,-0.2,0.2333333333333333,0.3833333333333333,0.0450577184077459,0.3195280186294321,0.094326876373584,0.0,0.0705076825488177,0.2268679026048019,0.2348767156810253,0.0088350857545928,1,0.3195280186294321,2.302585092994046,19.876796714579054,1.0,SG,True,2021-22,1346.4666666666667,0.3145430037269611,0.0,0.0860894315289471,0.0598887629413032,0.0,0.4145831611301615,0.0,0.1248956406726269,5,0.4145831611301615,direct_athlete_id
2021,1,11,11,1630547.0,32031.0,James Bouknight,2021.0,UConn,Big East,475,76.0,0.4044423697825495,0.552,0.309,0.1278801843317972,0.1415857605177993,0.024504265845962,0.0093962288108691,0.1008691747650662,0.37,0.2571428571428571,0.5238095238095238,-0.2950710318376019,2.69686630861031,0.1226343997501495,2.2866499819773742,-0.0450068526727053,-0.415300236132018,0.4789969542778053,-0.4096799773821813,0.2088828336952453,0.3157608617495773,-0.4857860842046164,-0.5904805410839502,3.7,0.3429951690821256,0.3429951690821256,0.0,0.0,0.0,0.0,0.1926415070037184,0.280832317050758,0.3930555843226055,0.1334705916229182,6,0.3930555843226055,2.3978952727983707,20.85968514715948,2.0,SG,True,2021-22,304.4766666666667,0.0,0.0,0.1698348017769254,0.4857211201978618,0.0,0.1635235741071657,0.0,0.1809205039180469,3,0.4857211201978618,direct_athlete_id
2021,1,12,12,1630563.0,32100.0,Joshua Primo,2021.0,Alabama,SEC,673,76.0,0.1961561167277543,0.569,0.176,0.0648807565145176,0.1605576441102756,0.0136276626123488,0.0131350392178676,0.0765685174515571,0.226,0.3658536585365853,0.8837209302325582,-0.2950710318376019,-0.4093974278890305,0.3918224428716703,-0.4884860254389423,-0.8990358469474041,-0.0271795438562256,-0.7196126536754767,-0.234435889422679,-0.4184238937620496,-0.6675549863262555,0.0448615986275888,0.4697481218318741,1.2,0.2871794871794871,0.5794871794871795,0.1039768307062282,0.1639633767832681,0.0377440304076459,0.184575500735233,0.03422995669979,0.0351204725089352,0.1136946621661575,0.3266951699927419,7,0.3266951699927419,2.4849066497880004,18.595482546201232,1.0,SG,True,2021-22,965.04,0.3039007667301365,0.0,0.1067437337047049,0.410047014204547,0.0,0.0213483079876625,0.0,0.1579601773729489,3,0.410047014204547,direct_athlete_id
2021,1,13,13,1630537.0,32683.0,Chris Duarte,2021.0,Oregon,Pac-12,847,78.0,0.3439098492496293,0.663,0.242,0.1607946518300587,0.1494578984699564,0.0378908704267555,0.0289256198347107,0.0869943453675511,0.262,0.3409090909090909,0.5925925925925926,0.311594023173266,1.7941184284569067,1.880273975425971,0.888649136136072,0.4011862406384927,-0.2542545699603462,1.9542105410733464,0.5056941512367417,-0.1492874705518298,-0.4217260243072973,-0.0768997796446609,-0.3878590632822595,4.5,0.2883211678832116,0.4744525547445255,0.0,0.0,0.0646670908950322,0.2724514394789887,0.3126293080857694,0.1729440351326852,0.1773081264075242,0.0,4,0.3126293080857694,2.5649493574615367,24.125941136208077,2.0,SG,True,2021-22,1540.8266666666666,0.0481495174009807,0.0,0.0779642348707123,0.4319496793005922,0.0,0.287985023409934,0.0459507798176355,0.1080007652001451,3,0.4319496793005922,direct_athlete_id
2021,1,14,14,1630541.0,32024.0,Moses Moody,2021.0,Arkansas,SEC,1082,77.0,0.2765117792425035,0.576,0.222,0.0819551175834276,0.1000307787011388,0.0169585947141813,0.0204425623465955,0.0904849925182642,0.482,0.3457943925233644,0.9074074074074074,0.008261495667832,0.7889816145640467,0.5026645782746502,0.4713354508103103,-0.6675734366242948,-1.265418688080895,-0.3525415070184008,0.1080795330068177,-0.0591785318275809,1.080562076919669,-0.0530532625707812,0.5395238543485567,3.9,0.2803234501347709,0.4150943396226415,0.0580674455164499,0.0317943997811127,0.0235138722106998,0.052905617230232,0.1257146933639739,0.0,0.3717876508256045,0.3362163210719269,6,0.3717876508256045,2.6390573296152584,19.16221765913758,1.0,SG,True,2021-22,607.12,0.2621798154737429,0.0,0.0982112380179477,0.0,0.0,0.631538291589481,0.0,0.0080706549188281,5,0.631538291589481,direct_athlete_id
2021,1,15,15,1630557.0,32256.0,Corey Kispert,2021.0,Gonzaga,WCC,1018,78.0,0.3200068138651273,0.679,0.228,0.0898106541247468,0.0874781304673831,0.0155242113542327,0.0135624755928211,0.0929177581314123,0.248,0.5169491525423728,0.9010989010989012,0.311594023173266,1.43764203638505,2.133627427775639,0.596529556408039,-0.5610826921158049,-1.5222167281190406,-0.5106115992885191,-0.2144012555323834,0.0036218367289601,-0.5173261762035589,0.7824007644936242,0.5209402276862717,5.4,0.3113924050632911,0.5240506329113924,0.0,0.0,0.0,0.3942305746839605,0.0,0.1129539459560027,0.2886164384150021,0.2041990409450345,3,0.3942305746839605,2.70805020110221,22.406570841889117,4.0,SF,False,2021-22,1801.0583333333334,0.3289487781982573,0.0,0.0967455025058862,0.0,0.0,0.4939267749554648,0.0,0.0803789443403917,5,0.4939267749554648,direct_athlete_id
2021,1,17,17,1630530.0,31570.0,Trey Murphy III,2021.0,Virginia,ACC,739,80.0,0.2643037464713337,0.675,0.184,0.081851277721521,0.0833187160147342,0.0187320368154419,0.0181106593230168,0.0756019615357043,0.215,0.6341463414634146,0.9387755102040816,0.918259078184134,0.606917897276358,2.070289064688222,-0.3215605513086374,-0.6689811042159265,-1.6073086911260368,-0.1571068942019081,-0.0012205314768262,-0.4433749484045528,-0.7426693913876039,1.3544728671557886,0.6319281546647121,3.7,0.2417582417582417,0.6263736263736264,0.0,0.0023776500325438,0.0135107192235554,0.5218253016137224,0.049727274394682,0.0045531996732759,0.2034386517482473,0.2045672033139731,3,0.5218253016137224,2.833213344056216,21.111567419575632,3.0,SG,True,2021-22,863.595,0.3518990863773226,0.0,0.1622096850094453,0.0257121346995569,0.0,0.4601790939136751,0.0,0.0,5,0.4601790939136751,direct_athlete_id
2021,1,18,18,1630544.0,32695.0,Tre Mann,2021.0,Florida,SEC,778,75.0,0.2840279296883602,0.585,0.257,0.2182787342110014,0.1712156309799576,0.0242897633643134,0.0041670121900655,0.1018035377432817,0.307,0.1136363636363636,0.3111111111111111,-0.5984035593430359,0.9010732443553612,0.6451758952213384,1.2016344001303936,1.180448446082446,0.1908581234088073,0.4553586243772282,-0.6547818139824145,0.2330028471812912,-0.1144398217835996,-1.1862812261251603,-1.2170484955168712,3.3,0.2379310344827586,0.3862068965517241,0.0793620011860073,0.0,0.1123166389993891,0.0627492605218869,0.1386295921337682,0.4259205059820052,0.056814996746302,0.124207004430641,5,0.4259205059820052,2.8903717578961645,20.48186173853525,2.0,PG,True,2021-22,1366.925,0.017482378783559,0.0,0.0017722976265843,0.5912329103148065,0.0,0.1740327893738771,0.002118172135394,0.2133614517657789,3,0.5912329103148065,direct_athlete_id
2021,1,21,21,1630553.0,33101.0,Keon Johnson,2021.0,Tennessee,SEC,688,77.0,0.2600697548507321,0.525,0.267,0.2071358233906611,0.1958944928815804,0.0255108468341354,0.0203645505971087,0.0790710005178919,0.409,0.3608247422680412,1.0,0.008261495667832,0.5437745335697916,-0.3048995510899155,1.4102912427932748,1.029393599222746,0.6957303422977654,0.5899229132094661,0.1044229961941061,-0.3538238114429968,0.5820755706034485,0.0203140584489909,0.8122835360046788,1.1,0.3577235772357723,0.1951219512195122,0.144001687149776,0.1493511881394579,0.0,0.0467790851360546,0.2108270703224361,0.1624627087346613,0.2865782605176139,0.0,6,0.2865782605176139,3.044522437723423,19.38672142368241,1.0,SG,True,2021-22,696.2466666666667,0.0,0.0,0.0389934785230971,0.5039841862488303,0.0,0.1489625483386744,0.0,0.308059786889398,3,0.5039841862488303,direct_athlete_id
2021,1,22,22,1630543.0,31805.0,Isaiah Jackson,2021.0,Kentucky,SEC,518,81.0,0.2344212344212344,0.597,0.204,0.0704179141204937,0.1770736253494874,0.0211451666931118,0.1272464374874013,0.173339518705898,0.657,0.4729729729729729,0.0,1.221591605689568,0.1612669617232155,0.8351909844835896,0.0957531340171242,-0.8239733693152627,0.3106990880113547,0.1088217780581555,5.1141498206459275,2.0796608010860815,2.275563975622939,0.567740790607521,-2.1335210258814423,1.5,0.5693430656934306,0.0145985401459854,0.0,0.0,0.8116488850653881,0.0,0.0429383586061973,0.0617613284433232,0.0836514278850912,0.0,2,0.8116488850653881,3.091042453358316,19.548254620123203,1.0,PF,True,2021-22,541.045,0.02103699009227,0.2385043766041873,0.5020785969345388,0.0,0.1401084500425916,0.0223836028442017,0.0398645347936128,0.0360234486885974,2,0.5020785969345388,direct_athlete_id
2021,1,24,24,1630528.0,31892.0,Josh Christopher,2021.0,Arizona State,Pac-12,446,76.0,0.2684868886873781,0.534,0.253,0.0982781628794899,0.1149425287356322,0.0276014558463659,0.0194802063744635,0.0899746801137262,0.313,0.2586206896551724,0.7777777777777778,-0.2950710318376019,0.6693029216346374,-0.1623882341432271,1.1181716630652412,-0.4462959672776153,-0.960358902202474,0.8203095509043273,0.0629723528425146,-0.0723519369886682,-0.0734683281137731,-0.4785723723358763,0.1576603000299853,1.7,0.2329545454545454,0.3352272727272727,0.0,0.0565090515428192,0.0215263103517356,0.0,0.3345661757931363,0.0275742187411621,0.274201212499843,0.2856230310713038,4,0.3345661757931363,3.1780538303479458,19.638603696098563,1.0,SG,True,2021-22,1333.7416666666666,0.0748586621275591,0.0,0.0452913492773904,0.4575692273146584,0.0231597256293006,0.0,0.0426189822126099,0.3565020534384814,3,0.4575692273146584,direct_athlete_id
2021,1,25,25,1629656.0,31384.0,Quentin Grimes,2021.0,Houston,American,984,76.0,0.340476985983167,0.562,0.271,0.1220237325818877,0.1036328007235453,0.0266768292682926,0.0115116195409741,0.0964609819558733,0.265,0.2328767123287671,0.7422680412371134,-0.2950710318376019,1.742922641310228,0.2809803074686922,1.4937539798584272,-0.1243977260707915,-1.1917296801279116,0.718415027729792,-0.3105281941087309,0.0950880103923254,-0.401240277472384,-0.6042358918758024,0.0530555561371219,4.8,0.1658653846153846,0.5817307692307693,0.0,0.0,0.0,0.0154423511165673,0.2687811444306954,0.134697004551147,0.3104868126632835,0.2705926872383068,6,0.3104868126632835,3.218875824868201,21.22381930184805,3.0,SG,False,2021-22,786.2266666666667,0.567758698216559,0.0,0.0,0.0785916985326988,0.0,0.298207745418876,0.0160548047490572,0.0393870530828087,0,0.567758698216559,direct_athlete_id
2021,1,26,26,1630538.0,32179.0,Nah'Shon Hyland,2021.0,VCU,A-10,766,74.0,0.3981845626631853,0.602,0.304,0.1510316400446302,0.1601870291800156,0.0384410390892845,0.005768413382719,0.0858818737863371,0.321,0.0,0.0,-0.9017360868484698,2.6035409016773112,0.9143639383428608,2.1823215606459336,0.2688374967676065,-0.0347614648921158,2.0148395288867595,-0.5797215512479061,-0.1780052495813149,-0.0188396698873379,-1.74097194936541,-2.1335210258814423,3.3,,,0.0,0.0,0.0747019436033211,0.0024759371525431,0.3080582137177203,0.4616585322465336,0.1161491712660579,0.0369562020138236,5,0.4616585322465336,3.258096538021482,20.870636550308006,2.0,PG,False,2021-22,1309.8583333333331,0.1685513547941358,0.0,0.0,0.4351759681301384,0.0,0.1994142556824598,0.1369186261722378,0.0599397952210279,3,0.4351759681301384,direct_athlete_id
2021,1,27,27,1630560.0,32286.0,Cameron Thomas,2021.0,LSU,SEC,986,75.0,0.3778218175568538,0.56,0.315,0.0832424579066724,0.0758748838649736,0.0141265134164287,0.0068627778246859,0.0524416100773142,0.44,0.0,0.0,-0.5984035593430359,2.2998624026323604,0.2493111259249836,2.411844087575103,-0.6501220723874841,-1.7595922149557752,-0.6646389312859768,-0.5284269206967518,-1.041245371936133,0.793761621230885,-1.74097194936541,-2.1335210258814423,5.3,,,0.0,0.0,0.0173774640796077,0.0,0.0,0.4526658060426109,0.2123439744494555,0.3176127554283259,5,0.4526658060426109,3.295836866004329,19.79192334017796,1.0,SG,True,2021-22,1176.06,0.0093915357451368,0.0071032185261474,0.0,0.5872559537354722,0.0,0.2504431116865357,0.1043279641758682,0.0414782161308395,3,0.5872559537354722,direct_athlete_id
2021,1,29,29,1630549.0,31379.0,Day'Ron Sharpe,2021.0,North Carolina,ACC,556,81.0,0.2915350646312218,0.528,0.262,0.1544528842617837,0.1795614919354838,0.024407737289314,0.05074331554401,0.2100653573251239,0.4679999999999999,0.5619047619047619,0.0,1.221591605689568,1.0130304220183697,-0.2573957787743527,1.3059628214618342,0.3152163585950199,0.3615950624115803,0.4683594369431106,1.5283248197502406,3.0277160466758364,0.9849619250234074,1.0018416078378058,-2.1335210258814423,1.2,0.7313432835820896,0.0099502487562189,0.0,0.0,0.4493025783012625,0.0,0.1338490174168539,0.1486389973026853,0.2682094069791982,0.0,2,0.4493025783012625,3.367295829986474,19.72621492128679,1.0,C,True,2021-22,390.67,0.0051065265126421,0.2757062908488538,0.5273482878424496,0.0400147083913093,0.1315140473168743,0.0203101390878705,0.0,0.0,2,0.5273482878424496,direct_athlete_id
2021,1,30,30,1630583.0,34416.0,Santi Aldama,2021.0,Loyola Maryland,Patriot,595,84.0,0.3996039974431331,0.6,0.305,0.1551738630950713,0.1545638489208633,0.0187483496171111,0.0559952136194283,0.1693429847186399,0.327,0.3870967741935484,0.9310344827586208,2.13158918820587,2.6247095516415397,0.8826947567991524,2.203187244912222,0.3249900478048937,-0.1497986779519336,-0.1553092115620822,1.7744897727952411,1.976492700553878,0.0221318237824884,0.1485551594787955,0.609124600702188,3.9,0.3516949152542373,0.3305084745762712,0.0,0.0,0.0780121889591678,0.0,0.1411698905344433,0.0159917029519044,0.731951835680338,0.0328743818741464,6,0.731951835680338,3.4011973816621555,20.54757015742642,2.0,PF,False,2021-22,359.7683333333333,0.2452959908215718,0.0548431615736845,0.3682216689416255,0.218330544644077,0.0,0.0670433822406826,0.0,0.0462652517783585,2,0.3682216689416255,direct_athlete_id
2021,2,2,32,1630526.0,32188.0,Jeremiah Robinson-Earl,2021.0,Villanova,Big East,862,80.0,0.2797289717243313,0.563,0.244,0.135201242555065,0.1051389886142168,0.0170722626693601,0.0226112634465302,0.1484500742041345,0.2689999999999999,0.4772727272727273,1.0,0.918259078184134,0.8369610092339921,0.2968148982405447,0.9303805046686482,0.0542384295158573,-1.1609165727221362,-0.3400152154669483,0.2097300594960521,1.4371548895298722,-0.3739259483591672,0.588729088243639,0.8122835360046788,3.7,0.3878205128205128,0.266025641025641,0.0,0.1517287377128421,0.0,0.1400945504208597,0.1088699484412581,0.0012539990960042,0.468480874334372,0.1295718899946636,6,0.468480874334372,3.4657359027997265,20.733744010951405,2.0,PF,True,2021-22,1087.1083333333331,0.3795248820352874,0.0999464782845866,0.3297416692432413,0.0530290969319225,0.0,0.1317774190557136,0.0,0.0059804544492483,0,0.3795248820352874,direct_athlete_id
2021,2,5,35,1630529.0,32097.0,Herbert Jones,2021.0,Alabama,SEC,900,79.0,0.2224263871875141,0.535,0.226,0.216596662504257,0.2119609809463032,0.0341680238870792,0.040379705131373,0.123015873015873,0.446,0.2407407407407407,0.7,0.6149265506787,-0.0176174266629579,-0.1465536433713728,0.5547981878754628,1.1576460483817028,1.0244133873800094,1.543950137567822,1.0425656458347654,0.7805864145681221,0.8347331149007113,-0.5658493801305108,-0.0714578325611576,1.7,0.6124567474048442,0.1972318339100346,0.1586733282318652,0.0051577057623218,0.2071721171261336,0.0,0.3988774037055501,0.0437892205531592,0.1863302246209697,0.0,4,0.3988774037055501,3.5553480614894135,22.811772758384667,4.0,SF,True,2021-22,2335.1833333333334,0.298260039157564,0.0,0.2268952528148218,0.0,0.0013231856343856,0.0276593168675332,0.0793872675728557,0.3664749379528395,7,0.3664749379528395,direct_athlete_id
2021,2,6,36,1630540.0,31870.0,Miles McBride,2021.0,West Virginia,Big 12,991,73.0,0.2655348968368677,0.55,0.2289999999999999,0.2847971966953137,0.1124978773985396,0.0317178536792219,0.0099916098821982,0.0632581810420317,0.3379999999999999,0.2181818181818181,0.5869565217391305,-1.2050686143539038,0.6252785796476047,0.090965218206441,0.6173952406743247,2.0821819631064677,-1.0103707929407026,1.2739395939099698,-0.381773504072351,-0.7620221539528701,0.097246228843836,-0.675965760744131,-0.4044618265135015,4.2,0.162534435261708,0.3057851239669421,0.0424827933448676,0.0340754768097117,0.0073888071694592,0.1547734492815662,0.2823141299464744,0.3823298574112438,0.0,0.0966354860366769,5,0.3823298574112438,3.58351893845611,20.8870636550308,2.0,PG,True,2021-22,372.21166666666664,0.2892822753625025,0.0,0.0,0.5376866296712131,0.0,0.0,0.0061999669569361,0.1668311280093484,3,0.5376866296712131,direct_athlete_id
2021,2,8,38,1630245.0,31360.0,Ayo Dosunmu,2021.0,Illinois,Big Ten,984,77.0,0.3275634190768137,0.572,0.297,0.2924128158552938,0.1587247405789186,0.018037227019168,0.0060637393220207,0.103506167455072,0.3329999999999999,0.297752808988764,0.875,0.008261495667832,1.550336985743653,0.4393262151872331,2.036261770781917,2.1854203542683788,-0.0646764947518727,-0.2336754404315107,-0.5658791470471385,0.2769552003540993,0.063103317452314,-0.2875576048752278,0.4440579657689137,4.3,0.4046511627906977,0.1906976744186046,0.0727300045627181,0.063966972095507,0.0,0.1064819501430548,0.0293569792272258,0.4345105103025483,0.2845030189719875,0.0084505646969583,5,0.4345105103025483,3.6375861597263857,21.530458590006845,3.0,SG,True,2021-22,2109.641666666667,0.3321530661037737,0.0,0.0594537784379003,0.2955724908959706,0.0697399925423422,0.0,0.0191187862505764,0.2239618857694366,0,0.3321530661037737,direct_athlete_id
2021,2,10,40,1630215.0,32507.0,Jared Butler,2021.0,Baylor,Big 12,911,75.0,0.3206212390965934,0.603,0.27,0.2789253209280793,0.1696471339613603,0.037737241155276,0.0134846571967172,0.0645071458311929,0.242,0.2574257425742574,0.7105263157894737,-0.5984035593430359,1.446805227845368,0.9301985291147152,1.4728882955921392,2.0025819995870893,0.1587703159055019,1.9372804833243311,-0.2180487295594622,-0.7297808855587615,-0.5582976698733852,-0.4844052416686861,-0.040449363488672,4.2,0.2739361702127659,0.4893617021276595,0.0418855033365053,0.0,0.0,0.1952096460529586,0.3316771609121484,0.3706084513082202,0.0606192383901673,0.0,5,0.3706084513082202,3.688879454113936,20.92539356605065,3.0,PG,True,2021-22,359.7733333333333,0.0707633743607934,0.0,0.0,0.4168502841167117,0.0,0.0,0.0736951387295957,0.4386912027928992,7,0.4386912027928992,direct_athlete_id
2021,2,12,42,1630587.0,31412.0,Isaiah Livers,2021.0,Michigan,Big Ten,727,78.0,0.2494826159702765,0.61,0.198,0.1160920391146047,0.0953218947059686,0.0107404798956576,0.0227370268172085,0.1113974078307534,0.242,0.3461538461538461,0.92,0.311594023173266,0.3858839138322048,1.041040664517695,-0.0294409715806038,-0.2048085866408623,-1.3617515222532826,-1.0377822944920168,0.2156247919895685,0.4806627837245156,-0.5582976698733852,-0.0512986693412649,0.5766191710537892,3.7,0.2197309417040358,0.5201793721973094,0.0004263331991045,0.0468071204090298,0.0739766954312613,0.1575249789502465,0.0155405441441649,0.0595720387662969,0.2615899180683624,0.3845623710315333,7,0.3845623710315333,3.737669618283368,23.003422313483917,4.0,PF,True,2021-22,383.25666666666666,0.7075953096236235,0.0218340680863744,0.0,0.0102703390147541,0.0192207643249795,0.0218637768424371,0.0634143367258962,0.155801405381935,0,0.7075953096236235,direct_athlete_id
2021,2,13,43,1630535.0,31393.0,Greg Brown,2021.0,Texas,Big 12,535,79.0,0.2639889279123757,0.541,0.268,0.0381699346405228,0.2107629619221582,0.0162869679466521,0.0504407140009744,0.1677817538115994,0.373,0.0,0.0,0.6149265506787,0.6022228707975299,-0.0515460987402473,1.431156927059563,-1.261131458473602,0.9999046995238854,-0.426555266574442,1.51414139624068,1.9361904717513545,0.3362466085844904,-1.74097194936541,-2.1335210258814423,0.5,,,0.0314989178100794,0.0,0.4464023515613499,0.0,0.0602379563298781,0.2582995906875832,0.1193904240711177,0.0841707595399915,2,0.4464023515613499,3.7612001156935624,19.906913073237508,1.0,PF,True,2021-22,639.8266666666667,0.1997169380343427,0.0,0.4108686734394093,0.1280161923609144,0.0032801648092622,0.0671449953528762,0.0,0.190973036003195,2,0.4108686734394093,direct_athlete_id
2021,2,14,44,1630556.0,31861.0,Kessler Edwards,2021.0,Pepperdine,WCC,916,79.0,0.3205546001935234,0.612,0.236,0.0724400523643794,0.114165890027959,0.0186449573237643,0.0393143065086296,0.1166019518152803,0.314,0.4814814814814814,0.9166666666666666,0.6149265506787,1.4458114128191215,1.0727098460614035,0.7634550305383433,-0.7965609824009098,-0.9762471270801468,-0.1667031176862674,0.9926286900569348,0.6150149295418282,-0.0666397458354687,0.6092731891043884,0.5667998225141686,3.4,0.274914089347079,0.3436426116838488,0.0,0.0028031815952656,0.0812185816639051,0.1558223518996856,0.1243259243087786,0.0,0.4180541250651262,0.2177758354672385,6,0.4180541250651262,3.784189633918261,20.969199178644764,3.0,SF,False,2021-22,987.195,0.5284457945773667,0.0,0.2652854665354687,0.1204025444634496,0.0,0.0,0.0,0.0858661944237148,0,0.5284457945773667,direct_athlete_id
2021,2,16,46,1630625.0,31458.0,Dalano Banton,2021.0,Nebraska,Big Ten,736,80.0,0.2014510984708917,0.501,0.217,0.2875398151466661,0.2063316087706331,0.0202476515308114,0.0402343008353901,0.114283461937973,0.402,0.3333333333333333,0.7647058823529411,0.918259078184134,-0.3304310557309656,-0.6849297296144178,0.3670070294788697,2.119361279789805,0.9092495020836852,0.0099149526724106,1.035750311420584,0.5551645197848878,0.5342754946553181,-0.1138791611940108,0.1191530508550031,0.8,0.3397129186602871,0.3588516746411483,0.1549334788259942,0.1959327527769396,0.1710852787622863,0.0,0.0932913741245747,0.2077934005579084,0.1769637149522967,0.0,5,0.2077934005579084,3.828641396489095,21.724845995893222,3.0,PG,True,2021-22,695.6866666666666,0.0,0.0,0.1669928593686216,0.5070431149572383,0.0322782000967132,0.0,0.0,0.2936858255774268,3,0.5070431149572383,direct_athlete_id
2021,2,21,51,1630527.0,31808.0,Brandon Boston Jr,2021.0,Kentucky,SEC,758,78.0,0.2178998564222838,0.45,0.231,0.1115590655547578,0.1015228426395939,0.0250975891856724,0.0053512201841667,0.0804066963879537,0.2239999999999999,0.0,0.0,0.311594023173266,-0.0851235542252242,-1.4924938589789842,0.6591266092069032,-0.2662582058599121,-1.234894523946629,0.5443816189865471,-0.5992760709010966,-0.3193436328076273,-0.681212150882865,-1.74097194936541,-2.1335210258814423,1.1,,,0.0,0.1693782984739456,0.1351304505303754,0.0,0.1766236645369312,0.2631155777477001,0.0,0.2557520087110473,5,0.2631155777477001,3.9318256327243257,19.66598220396988,1.0,SG,True,2021-22,760.245,0.0,0.0,0.1036770715802436,0.3858227519001286,0.0,0.3391435244248168,0.0603719471031955,0.1109847049916153,3,0.3858227519001286,direct_athlete_id
2021,2,22,52,1630568.0,31694.0,Luka Garza,2021.0,Iowa,Big Ten,975,82.0,0.43815412882937,0.627,0.324,0.1222185863874345,0.0731449203187251,0.0122893605020094,0.0526783447575526,0.1455810491569852,0.392,0.6153846153846154,1.0,1.524924133195002,3.1996244747634712,1.3102287076392174,2.599635245971696,-0.1217562608171009,-1.815440931098954,-0.8670945221727683,1.6190227671688948,1.3630927483251678,0.4659896718722741,1.262891659566404,0.8122835360046788,6.5,0.5069582504970179,0.1988071570576541,0.0,0.0,0.0,0.1033742162963816,0.0,0.0404725071439268,0.8010512693862833,0.0551020071734081,6,0.8010512693862833,3.951243718581427,22.587268993839835,4.0,C,True,2021-22,388.965,0.0653936685008976,0.3360071128262659,0.2838335278051656,0.1225841631688432,0.0,0.1921815276988275,0.0,0.0,1,0.3360071128262659,direct_athlete_id
2021,2,24,54,1630572.0,32353.0,Sandro Mamukelashvili,2021.0,Seton Hall,Big East,959,81.0,0.3149144061020803,0.531,0.289,0.2064484111934848,0.1665045274264761,0.0192851585962129,0.01654803463753,0.123964947077101,0.344,0.3025210084033613,0.8611111111111112,1.221591605689568,1.3616967383453416,-0.2098920064587899,1.869336296651612,1.0200749439944898,0.0944798822264026,-0.0961524706047066,-0.0744632766340957,0.8050861857382037,0.1382177225136628,-0.2642826962350645,0.4031440135204955,2.4,0.4472222222222222,0.3166666666666666,0.0465317596159032,0.1529333949411032,0.0,0.0,0.1122531937637738,0.1847518852688004,0.4661725936038339,0.0373571728065854,6,0.4661725936038339,3.9889840465642745,22.184804928131417,4.0,C,True,2021-22,407.00166666666667,0.3530785261968616,0.0652761830405491,0.2867113861786793,0.0116292783269193,0.1451901604443159,0.1381144658126745,0.0,0.0,0,0.3530785261968616,direct_athlete_id
2021,2,25,55,1630598.0,31613.0,Aaron Wiggins,2021.0,Maryland,Big Ten,1024,77.0,0.2908847184986595,0.553,0.255,0.1729299947746755,0.1309687392648574,0.0226041666666666,0.0198897946859903,0.1062431834706737,0.214,0.2727272727272727,0.8979591836734694,0.008261495667832,1.0033315264929914,0.1384689905220038,1.1599030315978174,0.5656946352262766,-0.632499841986271,0.269604639098994,0.0821704191467137,0.3476096084877767,-0.7494979736659083,-0.4097142135888107,0.5116912337714011,2.5,0.2818991097922849,0.4272997032640949,0.0,0.0786147094158582,0.0,0.048520209331346,0.2170289269766017,0.1400814949218439,0.2958214416035758,0.2199332177507743,6,0.2958214416035758,4.007333185232471,22.570841889117045,3.0,SG,True,2021-22,1208.75,0.2345118921879787,0.0025854641975547,0.1741143993903897,0.2011287741775736,0.0,0.0784088010934255,0.0,0.3092506689530776,7,0.3092506689530776,direct_athlete_id
2021,2,28,58,1630579.0,31395.0,Jericho Sims,2021.0,Texas,Big 12,638,82.0,0.2186370624762893,0.67,0.175,0.0539649684298411,0.1900452488687782,0.0172995850760416,0.0455511150069084,0.1642894993902789,0.741,0.6063829787234043,0.0,1.524924133195002,-0.0741292788071405,1.9911161108289508,-0.5093517097052305,-1.0470117864545094,0.5760683896786207,-0.3149641204789964,1.2849579868335448,1.8460400423113663,2.8491648870005077,1.2189521652868165,-2.1335210258814423,1.9,0.7737226277372263,0.0072992700729927,0.1235772586973818,0.0,0.5925751420820066,0.0870452653547377,0.0,0.0128375211347549,0.1839648127311187,0.0,2,0.5925751420820066,4.060443010546419,22.77344284736482,4.0,PF,True,2021-22,555.0433333333333,0.0,0.0,0.0147369188609292,0.0,0.7958400673497216,0.0,0.0,0.1894230137893491,4,0.7958400673497216,direct_athlete_id
2020,1,1,1,1630162.0,35495.0,Anthony Edwards,2020.0,Georgia,SEC,1057,76.0,0.3237965120623388,0.526,0.304,0.1789780248874768,0.130387866434866,0.0226976502450452,0.0171215210934944,0.0873639390150611,0.3389999999999999,0.2977099236641221,0.4444444444444444,-0.3137203277889946,1.4728465361312342,-0.1830342563486636,2.2099396377854292,0.7301784129286742,-0.6867305627959887,0.3051589291445094,-0.0806935395058201,-0.1576007376071264,0.0267278908221217,-0.3579945939080359,-0.855066118316315,2.9,0.2693069306930693,0.4871287128712871,0.0,0.0876287020969759,0.0346969462050347,0.0066045300966106,0.1359690701909514,0.371838686785257,0.2528927854783954,0.1103692791467747,5,0.371838686785257,0.0,19.288158795345655,1.0,SG,True,2020-21,2314.1666666666665,0.0,0.0,0.074891911557533,0.3932496746910845,0.0,0.2136410783521032,0.1624123919835339,0.1558049434157451,3,0.3932496746910845,direct_athlete_id
2020,1,4,4,1630172.0,37035.0,Patrick Williams,2020.0,Florida State,ACC,653,80.0,0.2479540093423149,0.559,0.221,0.0838379025953901,0.1726757839480591,0.0267403742029524,0.0562460908966826,0.1048404472999608,0.357,0.3289473684210526,0.875,0.9071431164983048,0.4133963465031431,0.3594857265273928,0.5290936746087347,-0.5709688655879258,0.1214359407673591,0.7547117815665285,1.699968579618803,0.287218312118317,0.1425797476112522,-0.2012367746570419,0.4222727048804316,1.5,0.41,0.24,0.0330594797172871,0.0214130579909604,0.2439506878065811,0.0,0.2746025513135633,0.0,0.244462144123058,0.1825120790485498,4,0.2746025513135633,1.3862943611198906,19.23066392881588,1.0,SF,True,2020-21,1983.3566666666663,0.2098243984038481,0.0019628968101345,0.2226863545923827,0.2445144198176637,0.0285206418945914,0.167687794520495,0.0,0.1248034939608844,3,0.2445144198176637,direct_athlete_id
2020,1,5,5,1630171.0,34952.0,Isaac Okoro,2020.0,Auburn,SEC,881,77.0,0.2496179567689216,0.596,0.195,0.1308809650369373,0.1540788883908561,0.0180192962542565,0.0307234377736684,0.0758707210705538,0.551,0.3235294117647059,0.6,-0.0085044667171697,0.4366401656471045,0.967765707327818,0.0025636138545894,0.0723974786447089,-0.2339702590037362,-0.2150762892619792,0.5383654789501863,-0.4501306984563681,1.391205315227432,-0.2284255244684964,-0.3935759628387807,2.8,0.5481171548117155,0.2887029288702928,0.1472385796150358,0.0,0.1792433364428191,0.0957081313182624,0.0573659234292727,0.1590220852629596,0.1565784792781105,0.2048434646535396,7,0.2048434646535396,1.6094379124341005,19.811088295687885,1.0,SF,True,2020-21,2173.235,0.1597451394966122,0.0,0.1340355155378075,0.1756548244693636,0.017160834372661,0.1552013419661657,0.0,0.3582023441573898,7,0.3582023441573898,direct_athlete_id
2020,1,6,6,1630168.0,36662.0,Onyeka Okongwu,2020.0,USC,Pac-12,858,82.0,0.3302176027188458,0.654,0.235,0.0835788160444688,0.1389854065323141,0.0247176613975818,0.0975135975135975,0.1551158452998944,0.504,0.5555555555555556,0.0,1.5175748386419547,1.562543282278556,1.92128567723119,0.8126098611686587,-0.5745121631211847,-0.5224225446101185,0.5297851428069472,3.578161391785572,1.5668477666027532,1.0887032447224811,0.9359434753934874,-2.1736094196806985,4.0,0.6414342629482072,0.0159362549800796,0.0,0.0,0.5792427902507834,0.0,0.0376553836631538,0.1257732686365898,0.257328557449473,0.0,2,0.5792427902507834,1.791759469228055,19.93702943189596,1.0,C,True,2020-21,601.2083333333334,0.0,0.1185317633197575,0.1075628098313426,0.0,0.5699376823690139,0.0,0.0,0.2039677444798857,4,0.5699376823690139,direct_athlete_id
2020,1,8,8,1630167.0,37830.0,Obi Toppin,2020.0,Dayton,A-10,981,81.0,0.3763380110300349,0.691,0.28,0.1448916995502558,0.1315178709577595,0.0181891966317376,0.0411631325411437,0.1448972885600859,0.364,0.647887323943662,0.9375,1.2123589775701298,2.206803078284914,2.529565658031615,1.723911889396988,0.2640098987554959,-0.6651349899236028,-0.1961832854062951,1.0135034574935815,1.3067609904305058,0.1876332474736917,1.3992888857730033,0.6076928566347981,5.3,0.5297157622739018,0.2118863049095607,0.0,0.0,0.0019292419010512,0.3257290462123093,0.0008817053820977,0.0928733954324501,0.5785866110720915,0.0,6,0.5785866110720915,2.0794415416798357,22.71047227926078,3.0,PF,False,2020-21,683.08,0.4367015580104451,0.1933266861899643,0.1976137694273078,0.0,0.0376885042001423,0.0795469586573491,0.0059959519679978,0.0491265715467934,0,0.4367015580104451,direct_athlete_id
2020,1,11,11,1630170.0,37033.0,Devin Vassell,2020.0,Florida State,ACC,863,77.0,0.2660249212146194,0.589,0.201,0.1116942513476253,0.0665509259259259,0.0293036122144153,0.0411406806995164,0.1039481703480731,0.221,0.4183673469387755,0.8636363636363636,-0.0085044667171697,0.6658304081867487,0.8526857109601697,0.1240705509516999,-0.19000222927118,-1.906721521045377,1.0397450837379212,1.012481615104223,0.2645077237467522,-0.7327453925732857,0.2474964984702043,0.3885599500160014,3.6,0.2275862068965517,0.3655172413793103,0.0,0.0,0.0796554722503037,0.2169392341406777,0.2943322528046904,0.0,0.1914689233782563,0.2176041174260718,4,0.2943322528046904,2.3978952727983707,20.238193018480494,2.0,SG,True,2020-21,1055.9633333333334,0.3689993996262959,0.0,0.0905397483104003,0.2284695939958866,0.0,0.2163163371532288,0.0274342736847235,0.0682406472294647,0,0.3689993996262959,direct_athlete_id
2020,1,12,12,1630169.0,36015.0,Tyrese Haliburton,2020.0,Iowa State,Big 12,807,77.0,0.2382430862600747,0.635,0.198,0.3532153690400835,0.187807881773399,0.0383519759641053,0.0199039653035935,0.0915777627878223,0.184,0.2253521126760563,0.8269230769230769,-0.0085044667171697,0.2777436592636055,1.60892568709043,0.0633170824031447,3.1130684145214196,0.4106262180437977,2.0459274933652343,0.0459428178630821,-0.0503488165852564,-0.9708853204176088,-0.7211053651163071,0.2796418189155342,3.9,0.2377049180327868,0.5081967213114754,0.1194991918155981,0.0,0.0,0.2787131832684362,0.328723561664882,0.2730640632510835,0.0,0.0,4,0.328723561664882,2.4849066497880004,20.720054757015745,2.0,PG,True,2020-21,1745.6766666666667,0.2438470137032396,0.0,0.0,0.3887795873232483,0.0,0.0,0.1783575202403514,0.1890158787331607,3,0.3887795873232483,direct_athlete_id
2020,1,13,13,1630184.0,35985.0,Kira Lewis Jr,2020.0,Alabama,SEC,1167,73.0,0.2709869641150022,0.565,0.243,0.2769388569149239,0.1770515236176986,0.0264491360173808,0.0148695082637882,0.0651424151948665,0.292,0.1904761904761904,0.5636363636363636,-1.2293679110044693,0.7351455956240607,0.4581257234139467,0.9746191106314728,2.069902042906983,0.2050609201296727,0.7223259549750679,-0.1831885690438499,-0.7231918126670612,-0.2757741796828284,-0.8961220334436787,-0.5014567784049576,3.3,0.4318181818181818,0.3431818181818182,0.1224313183871832,0.0,0.0210948368955291,0.1392060031860067,0.1744301444796711,0.456894949877526,0.0,0.0859427471740836,5,0.456894949877526,2.5649493574615367,19.61943874058864,2.0,PG,True,2020-21,904.4433333333334,0.0,0.0,0.0200472603779232,0.471873078710379,0.0,0.1024467881795444,0.0,0.4056328727321532,3,0.471873078710379,direct_athlete_id
2020,1,14,14,1630174.0,37008.0,Aaron Nesmith,2020.0,Vanderbilt,SEC,501,78.0,0.3698045479068624,0.692,0.259,0.068362480127186,0.0934870676223122,0.0229589861738849,0.0257914888086931,0.0799131996162854,0.307,0.2,0.85,0.2967113943546551,2.115536591862048,2.5460056575127075,1.298637609557101,-0.7826125269927338,-1.391943571824683,0.3342196103766418,0.3138995042553855,-0.3472399243993154,-0.1792309656918867,-0.8483290201696653,0.348104644178685,6.5,0.2439024390243902,0.5609756097560976,0.0,0.0,0.0,0.1789278860629124,0.085003530733773,0.1189984568524765,0.3521124237129983,0.2649577026378398,6,0.3521124237129983,2.6390573296152584,21.09240246406571,2.0,SF,True,2020-21,668.7316666666667,0.4264865450129145,0.0047393997528258,0.1522945321355828,0.101773296900132,0.0,0.2125647482789779,0.0,0.1021414779195669,0,0.4264865450129145,direct_athlete_id
2020,1,15,15,1630175.0,36677.0,Cole Anthony,2020.0,North Carolina,ACC,768,74.0,0.303344813470027,0.507,0.298,0.2412537337861614,0.1609800970061883,0.021669789436117,0.0089095744680851,0.0867537622646513,0.371,0.0609756097560975,0.5510204081632653,-0.9241520499326444,1.1871550679603056,-0.4953942464894234,2.0884327006883185,1.5818681858558967,-0.1020809164917943,0.1908603118365692,-0.4544408382926822,-0.1731311992907319,0.2326867473361312,-1.5459904456451972,-0.5388848164585293,2.3,0.2057971014492753,0.408695652173913,0.0678015141555516,0.0757876898924886,0.0,0.0,0.1218075891597043,0.4822731409908896,0.1479264422574333,0.1044036235439325,5,0.4822731409908896,2.70805020110221,20.511978097193705,1.0,PG,True,2020-21,1272.8433333333332,0.0,0.0,0.0954843100187098,0.8036383813559473,0.0,0.0,0.0442306675209103,0.0566466411044326,3,0.8036383813559473,direct_athlete_id
2020,1,16,16,1630191.0,37635.0,Isaiah Stewart,2020.0,Washington,Pac-12,1031,80.0,0.3042581018433054,0.639,0.244,0.062820369455196,0.1432722576479134,0.0095170519271704,0.0696290214153812,0.1548857659259006,0.591,0.6290322580645161,1.0,0.9071431164983048,1.199912868738937,1.6746856850148006,0.9948702668143248,-0.8584070713381678,-0.4404963188433927,-1.1605299559053806,2.3090609616539286,1.56099169473571,1.6486538858699429,1.3046691423193404,0.7931130083891645,4.0,0.5595238095238095,0.0595238095238095,0.0461210257014767,0.0,0.239205333548373,0.1152504381036499,0.0,0.0,0.5416104781238944,0.0578127245226059,6,0.5416104781238944,2.772588722239781,19.49349760438056,1.0,C,True,2020-21,1454.8283333333334,0.1090720993397646,0.2748817612655135,0.4451570053830642,0.0,0.0908749335398068,0.0422671026167688,0.0,0.0377470978550819,2,0.4451570053830642,direct_athlete_id
2020,1,18,18,1630182.0,36704.0,Josh Green,2020.0,Arizona,Pac-12,926,77.0,0.2322892663709987,0.534,0.206,0.1597853014037984,0.1272859517871986,0.0295854447987651,0.0161697778463437,0.0836708161987987,0.3779999999999999,0.5287356321839081,0.9666666666666668,-0.0085044667171697,0.1945742570910728,-0.0515142604999226,0.2253263318659582,0.4676965143723289,-0.7460114085452549,1.071085002940693,-0.1240098789789205,-0.2515995704900434,0.27774024719857,0.8013539552540254,0.6942222607868361,2.3,0.3237410071942446,0.2949640287769784,0.0335118302887929,0.1888920044394792,0.0,0.2590293445458954,0.2751011113779912,0.0601710028377125,0.1832947065101285,0.0,4,0.2751011113779912,2.8903717578961645,20.005475701574262,1.0,SG,True,2020-21,444.63166666666666,0.1650167799177419,0.0,0.2006411222123625,0.1148293330167735,0.0,0.1099034914213937,0.0,0.4096092734317283,7,0.4096092734317283,direct_athlete_id
2020,1,19,19,1630180.0,34860.0,Saddiq Bey,2020.0,Villanova,Big East,1051,79.0,0.2825566291231332,0.613,0.228,0.1486514395616452,0.1015362881864735,0.0134931497879615,0.0114360686255973,0.0801722642471521,0.248,0.2395833333333333,0.9240506329113924,0.6019272554264801,0.8967632024697484,1.2472456985063924,0.670851767888697,0.315428536506776,-1.238114515623962,-0.7183859575916679,-0.3394534412911936,-0.3406461082295737,-0.5589676073895907,-0.649689308749549,0.5677923176496814,4.2,0.2670299727520436,0.4768392370572207,0.0193562123091772,0.0,0.0,0.1361429626589288,0.0267961434312391,0.1542942802123189,0.2692721305420297,0.3941382708463061,7,0.3941382708463061,2.9444389791664403,21.61259411362081,2.0,PF,True,2020-21,1909.0166666666669,0.3527107360944804,0.0633236338138733,0.047225427136803,0.1445030372780409,0.0,0.331101513977409,0.0611356516993931,0.0,0,0.3527107360944804,direct_athlete_id
2020,1,20,20,1630173.0,34890.0,Precious Achiuwa,2020.0,Memphis,American,943,80.0,0.2861797981642356,0.542,0.276,0.0745045447772314,0.1616259195957494,0.0199067707377027,0.0640152294438268,0.1862582873784692,0.507,0.5621301775147929,0.9230769230769232,0.9071431164983048,0.947375550295622,0.0800057353488183,1.6429072646655811,-0.6986129428914603,-0.0897385687286301,-0.0051882170755539,2.0535625176153625,2.35949760635882,1.1080118875206697,0.9689366798232792,0.5649035908453294,1.7,0.6005434782608695,0.108695652173913,0.0,0.1149141494316957,0.2174842915609767,0.0,0.1276375846494629,0.0,0.5399639743578645,0.0,6,0.5399639743578645,2.995732273553991,21.166324435318277,1.0,PF,False,2020-21,737.0833333333334,0.0,0.1173133951467515,0.1423216613918078,0.1194675178747521,0.4973554361826098,0.0,0.005149933790598,0.1183920556134805,4,0.4973554361826098,direct_athlete_id
2020,1,21,21,1630178.0,36391.0,Tyrese Maxey,2020.0,Kentucky,SEC,1068,74.0,0.2407545793411442,0.536,0.228,0.1851683898663764,0.1423109600679694,0.0149981602256789,0.0125177752408419,0.072672639592666,0.342,0.1452991452991453,0.9090909090909092,-0.9241520499326444,0.3128269137127787,-0.0186342615377374,0.670851767888697,0.8148385578945551,-0.458867724903407,-0.5510280716105,-0.2902221269671799,-0.5315295420210029,0.0460365336203108,-1.122832481025535,0.5234109694737227,2.5,0.2698863636363636,0.3238636363636363,0.1094931555693396,0.0692990527312336,0.0,0.0,0.0779314761082828,0.244816268455653,0.1511861798385949,0.3472738672968961,7,0.3472738672968961,3.044522437723423,20.03832991101985,1.0,SG,True,2020-21,935.575,0.0,0.0,0.0604802631915869,0.5739162725166295,0.0,0.0875889933203842,0.1253774750642615,0.1526369959071378,3,0.5739162725166295,direct_athlete_id
2020,1,22,22,1630192.0,36702.0,Zeke Nnaji,2020.0,Arizona,Pac-12,981,81.0,0.314545808352189,0.641,0.24,0.057766941984277,0.1483050847457627,0.0139633648744426,0.032874617737003,0.1591125733522638,0.637,0.6484848484848484,1.0,1.2123589775701298,1.3436226913421048,1.7075656839769855,0.9138656420829177,-0.9275183278991044,-0.3443137088239045,-0.6660978133650524,0.6362713394209557,1.668574080880422,1.944719742108831,1.4022874230974929,0.7931130083891645,3.8,0.5681063122923588,0.0564784053156146,0.1029517139044728,0.0,0.089022562519141,0.2345366941706681,0.0,0.0,0.5734890294057178,0.0,6,0.5734890294057178,3.091042453358316,19.857631759069132,1.0,PF,True,2020-21,397.2783333333333,0.4540681523577995,0.0707107009109929,0.1305528677187169,0.0,0.0873186867157372,0.2233275598779485,0.0,0.0340220324188047,0,0.4540681523577995,direct_athlete_id
2020,1,25,25,1630193.0,36388.0,Immanuel Quickley,2020.0,Kentucky,SEC,989,74.0,0.28940675218376,0.602,0.235,0.1140520240160976,0.1069900142653352,0.0161961932467392,0.0045058928066124,0.074347231309106,0.47,0.2236842105263158,0.9032258064516128,-0.9241520499326444,0.992453137733986,1.0664057042143738,0.8126098611686587,-0.1577570584953304,-1.1338880841575547,-0.41780622230268,-0.6548639779901628,-0.4889071666676519,0.8698719596763463,-0.7294753424224488,0.5060108379307903,4.2,0.1242424242424242,0.4363636363636363,0.0785650421785787,0.0,0.0,0.0768573302171705,0.0688815675563354,0.173002338336282,0.2452243595122193,0.3574693621994138,7,0.3574693621994138,3.218875824868201,21.423682409308693,2.0,PG,True,2020-21,1243.485,0.0713027543209451,0.0,0.0,0.527316307981116,0.0,0.1691257589114538,0.2266744969750848,0.0055806818114001,3,0.527316307981116,direct_athlete_id
2020,1,26,26,1630202.0,34903.0,Payton Pritchard,2020.0,Oregon,Pac-12,1135,73.0,0.3437715620190011,0.606,0.282,0.3145010361468245,0.1396648044692737,0.0254077751819989,0.001062770120739,0.0708036850240985,0.303,0.140625,0.6818181818181818,-1.2293679110044693,1.7518796601110571,1.132165702138744,1.7644142017626905,2.583606735578009,-0.5094385367059812,0.6065261282194326,-0.8115695512162686,-0.5790989181010365,-0.2049758227561378,-1.1462885872998403,-0.1508441278148829,5.8,0.3138528138528138,0.4588744588744589,0.0439640532363278,0.0,0.0,0.1761769405269986,0.0956935965900845,0.6063824870400835,0.0358993857495508,0.0418835368569547,5,0.6063824870400835,3.258096538021482,22.806297056810404,4.0,PG,True,2020-21,1267.5583333333334,0.3202460729901499,0.0,0.0006140031608231,0.3500708036700436,0.0,0.1708644557740426,0.0586884178154423,0.0995162465894983,3,0.3500708036700436,direct_athlete_id
2020,1,28,28,1630183.0,37636.0,Jaden McDaniels,2020.0,Washington,Pac-12,963,81.0,0.2411574889821747,0.521,0.255,0.1461376779010551,0.2056935988152048,0.0143845783938614,0.0485676611348389,0.1062209230515871,0.3389999999999999,0.2150537634408602,0.6976744186046512,1.2123589775701298,0.318455191792796,-0.2652342537541267,1.217632984825694,0.2810500422951051,0.7524410496890301,-0.6192586670110025,1.3505030371207485,0.3223547307894312,0.0267278908221217,-0.7727852249946127,-0.1038030745156777,0.7,0.1964285714285714,0.3779761904761904,0.0924228884227471,0.1442496425765955,0.1750512429775031,0.0,0.0292389167684804,0.1751045026813222,0.2748888978307284,0.1090439087426231,6,0.2748888978307284,3.332204510175204,20.136892539356605,1.0,PF,True,2020-21,1510.7833333333333,0.4564368174377994,0.0,0.2403083631893686,0.0776099335281496,0.0229946919466758,0.1846348315024265,0.0,0.0180153623955799,0,0.4564368174377994,direct_athlete_id
2020,1,29,29,1630201.0,36571.0,Malachi Flynn,2020.0,San Diego State,Mountain West,1070,73.0,0.3206709072172276,0.589,0.268,0.3085842749807727,0.1064227035100821,0.0319003115264797,0.0036323735290779,0.0800868073786271,0.336,0.1203703703703703,0.631578947368421,-1.2293679110044693,1.4291847036877583,0.8526857109601697,1.4808980152027669,2.5026884278927835,-1.1447299883341733,1.3284992986621451,-0.6946201387774961,-0.3428211904845712,0.0074192480239341,-1.2479317144884967,-0.2998899914260483,5.4,0.2158273381294964,0.4892086330935252,0.0011074367682126,0.0,0.0,0.1511791124379297,0.248076565449801,0.5086543851958069,0.0340418050265347,0.0569406951217149,5,0.5086543851958069,3.367295829986474,22.529774127310063,4.0,PG,False,2020-21,927.545,0.1153922424313154,0.0,0.0,0.6009197652319694,0.0,0.0,0.1012398760038403,0.1824481163328748,3,0.6009197652319694,direct_athlete_id
2020,1,30,30,1630217.0,37332.0,Desmond Bane,2020.0,TCU,Big 12,1152,77.0,0.2856048145933014,0.576,0.244,0.2597957291769468,0.1382970770725873,0.0252191892071068,0.016488561739047,0.1043800257927476,0.131,0.4095238095238095,0.6739130434782609,-0.0085044667171697,0.9393435572651696,0.6389657177059656,0.9948702668143248,1.8354506520095528,-0.5355772432919229,0.585555276926529,-0.109501185214891,0.2754994805317645,-1.312004676518936,0.2031172718586209,-0.1742964790249212,3.8,0.2087155963302752,0.4770642201834862,0.0,0.087287608670802,0.0161691462268783,0.2896289410415273,0.1350746298373341,0.3713545256663392,0.1004851485571189,0.0,5,0.3713545256663392,3.4011973816621555,22.401095140314855,4.0,SG,True,2020-21,1518.965,0.2673597027141238,0.0256703178248884,0.0071026196338835,0.1572451441983402,0.0289840698885956,0.3888296620969692,0.0,0.1248084836431989,5,0.3888296620969692,direct_athlete_id
2020,2,5,35,1630214.0,36380.0,Xavier Tillman,2020.0,Michigan State,Big Ten,995,79.0,0.2490118670456183,0.6,0.209,0.1832200259362596,0.1469454615532858,0.0216481468374737,0.0694725772947068,0.1745269014657532,0.41,0.7364341085271318,1.0,0.6019272554264801,0.428173648202978,1.0335257052521885,0.2860798004145135,0.7881925082137651,-0.3702975355584531,0.1884536444372556,2.301940778075016,2.0609056995209065,0.4836991037125795,1.8436402391247424,0.7931130083891645,3.4,0.5488721804511278,0.1729323308270676,0.0,0.0463337335925102,0.2743838396274654,0.1726335694717403,0.1589516674703479,0.0,0.3476971898379361,0.0,6,0.3476971898379361,3.5553480614894135,21.8507871321013,3.0,C,True,2020-21,1084.675,0.2292669233385082,0.1974299090407119,0.3179124682941489,0.0,0.0031886022738406,0.0186904102476252,0.028440800640032,0.205070886165133,2,0.3179124682941489,direct_athlete_id
2020,2,8,38,1630240.0,37009.0,Saben Lee,2020.0,Vanderbilt,SEC,1052,74.0,0.3248813694996659,0.589,0.294,0.3192125867927316,0.1640050361142402,0.0267880300181892,0.0092121215968312,0.0632426466377316,0.498,0.2,0.5384615384615384,-0.9241520499326444,1.4880009993474408,0.8526857109601697,2.007428075956912,2.648042445274643,-0.0442711541244786,0.7600111311875428,-0.4406711223796858,-0.7715454786572622,1.0500859591261045,-0.8483290201696653,-0.5761434968738492,3.7,0.5205811138014528,0.2929782082324455,0.1243507456615325,0.0,0.0,0.0958770617378541,0.1008580981538393,0.5610176258799214,0.1178964685668524,0.0,5,0.5610176258799214,3.6375861597263857,21.4072553045859,3.0,PG,True,2020-21,780.595,0.0,0.0,0.1006365991313225,0.2961690298810441,0.0,0.0,0.113177568914053,0.4900168020735803,7,0.4900168020735803,direct_athlete_id
2020,2,18,48,1630185.0,36705.0,Nico Mannion,2020.0,Arizona,Pac-12,1032,75.0,0.2595215977705527,0.525,0.245,0.3152985074626865,0.1615699873896595,0.0219298245614035,0.0,0.0438404208680403,0.362,0.1573033707865168,0.58,-0.6189361888608196,0.574984945432654,-0.1994742558297562,1.0151214229971763,2.594513045211954,-0.0908074919126143,0.2197763430866918,-0.8599390158482663,-1.2653786568150314,0.1747608189415661,-1.062592079679005,-0.452910411400178,2.5,0.164804469273743,0.435754189944134,0.1307534170244728,0.0963842818431426,0.0,0.0801578749724338,0.0650474523290961,0.5296564439596745,0.0,0.0980005298711798,5,0.5296564439596745,3.871201010907891,19.682409308692677,1.0,PG,True,2020-21,363.91833333333335,0.0593426830322013,0.0,0.0,0.6357520279536514,0.0,0.0,0.0,0.3049052890141474,3,0.6357520279536514,direct_athlete_id
2020,2,19,49,1630198.0,35976.0,Isaiah Joe,2020.0,Arkansas,SEC,940,75.0,0.2838371480011538,0.549,0.242,0.0995033337869098,0.1011145065612079,0.0239785439390615,0.0080272396880844,0.0661801088570014,0.253,0.1842105263157894,0.7586206896551724,-0.6189361888608196,0.9146508765243536,0.1950857317164666,0.9543679544486212,-0.3567266229822499,-1.2461752053292854,0.4475949252179329,-0.4945982157932362,-0.6967800202671004,-0.5267865360592768,-0.9275648053344768,0.0770075947171285,2.6,0.0636363636363636,0.7606060606060606,0.0,0.0,0.0,0.0060830128420344,0.2615185612813201,0.1185842379956079,0.185841257377568,0.4279729305034694,7,0.4279729305034694,3.8918202981106265,21.38261464750171,2.0,SG,True,2020-21,382.8233333333333,0.5590894476433432,0.0,0.0,0.2966763720165775,0.0,0.1442341803400791,0.0,0.0,0,0.5590894476433432,direct_athlete_id
2019,1,1,1,1629627.0,43429.0,Zion Williamson,2019.0,Duke,ACC,990,78.0,0.415452427383013,0.711,0.283,0.14941717216835,0.1294992694913003,0.038913129855028,0.0578509474117367,0.1549393696664551,0.467,0.4595588235294117,0.8333333333333334,0.2937240238684711,2.3651677431148737,2.622116601196004,1.7549479294505683,0.3318335525178393,-0.674086344020329,1.9666477990060829,1.6624762188370346,1.543404536139677,0.8111441653593707,0.4742829990967362,0.3247192721644266,6.3,0.6988505747126437,0.1632183908045977,0.0,0.0,0.033757817505611,0.1320041558192785,0.3028386170568995,0.0,0.531399409618211,0.0,6,0.531399409618211,0.0,18.954140999315538,1.0,PF,True,2019-20,668.1416666666667,0.0,0.459389333245582,0.0288391334671091,0.0,0.1545995676479614,0.1083496352417463,0.1293731674537757,0.1194491629438254,1,0.459389333245582,direct_athlete_id
2019,1,2,2,1629630.0,44342.0,Ja Morant,2019.0,Murray State,OVC,1207,74.0,0.3889284339008367,0.621,0.332,0.5184664821837961,0.2071452941463176,0.0279304234764402,0.0226961988961394,0.0858099594325256,0.512,0.2536585365853658,0.3636363636363636,-0.9098580592870156,2.0293408313578163,1.1949252108423287,2.7287438754515096,5.393291556121494,0.828176821865029,0.8202508232059099,0.1230825000556741,-0.1963421039525861,1.095699683321709,-0.55045808586868,-1.077619531386252,6.3,0.498046875,0.29296875,0.1222377873026019,0.0,0.0,0.0,0.0,0.7790497926141106,0.0987124200832874,0.0,5,0.7790497926141106,0.6931471805599453,19.860369609856264,2.0,PG,False,2019-20,2074.3233333333333,0.0,0.0,0.0050093424753672,0.5157748256125003,0.073558017486887,0.0,0.2266146608457747,0.1790431535794708,3,0.5157748256125003,direct_athlete_id
2019,1,3,3,1629628.0,43431.0,RJ Barrett,2019.0,Duke,ACC,1341,78.0,0.3535797149039444,0.537,0.322,0.234822010361838,0.1331803023084586,0.0139535096507962,0.0115820347451548,0.1124328110276313,0.319,0.3373983739837398,0.863013698630137,0.2937240238684711,1.5817818639168268,-0.1371200868211014,2.530010008920706,1.5031485776097784,-0.6028672437740322,-0.6386875466641059,-0.3635964041026016,0.4736624057854002,-0.1247273159389869,-0.1336949375309755,0.4133336994325428,4.2,0.3532763532763532,0.3376068376068376,0.0,0.1512221867850467,0.0,0.0047543525819619,0.0,0.3786768527151828,0.3912650251402546,0.0740815827775538,6,0.3912650251402546,1.0986122886681098,19.014373716632445,1.0,SG,True,2019-20,1704.4216666666666,0.0,0.0227309688225446,0.1711447245281369,0.5064786582191971,0.0,0.0933650838659128,0.0,0.2062805645642083,3,0.5064786582191971,direct_athlete_id
2019,1,4,4,1629631.0,42531.0,De'Andre Hunter,2019.0,Virginia,ACC,1234,80.0,0.311249332860791,0.625,0.241,0.1297561767321393,0.1009551914265745,0.0118366299708938,0.0238590135071548,0.0977512155591572,0.3979999999999999,0.3270440251572327,0.9782608695652174,0.8955150654462145,1.045826315420658,1.258355939302492,0.920265690021192,0.0621858387604053,-1.2263453588419326,-0.8596517042695825,0.1740010696341225,0.1041777493846259,0.3748257044837844,-0.1852272923813052,0.7574184822361646,4.8,0.3274111675126903,0.266497461928934,0.0459845858688302,0.0,0.0,0.1086195182116048,0.0194737244858855,0.063016404919823,0.4341003408910433,0.328805425622813,6,0.4341003408910433,1.3862943611198906,21.54688569472964,3.0,PF,True,2019-20,2017.935,0.2313065385345199,0.0138745202735011,0.1117753943747735,0.3455625943047001,0.0,0.2325423921074094,0.0,0.0649385604050957,3,0.3455625943047001,direct_athlete_id
2019,1,6,6,1629633.0,42663.0,Jarrett Culver,2019.0,Texas Tech,Big 12,1234,78.0,0.3511137247027437,0.548,0.322,0.2608038029386343,0.1381586007082305,0.0284511309985201,0.0215006417402872,0.1185708353823868,0.377,0.2311557788944723,0.5625,0.2937240238684711,1.550559345548735,0.0373144164443479,2.530010008920706,1.8594851115550437,-0.5065491856636343,0.8746033213982142,0.0707301649124877,0.6281351144611238,0.2420331294346936,-0.6624516176559696,-0.483887376657134,3.6,0.4063079777365491,0.2912801484230056,0.0,0.0303137505086886,0.032092914419806,0.0,0.244629290435063,0.35959990011789,0.3333641445185523,0.0,5,0.35959990011789,1.791759469228055,20.32854209445585,2.0,SG,True,2019-20,1505.6066666666666,0.0544265818522404,0.0,0.1806798517917834,0.3641949692605648,0.0,0.1544800118562137,0.0,0.2462185852391976,3,0.3641949692605648,direct_athlete_id
2019,1,7,7,1629632.0,41849.0,Coby White,2019.0,North Carolina,ACC,999,77.0,0.300407576830341,0.561,0.27,0.2444742328051091,0.156512958599798,0.0202747934212338,0.0125977125185359,0.064378808097401,0.293,0.1698113207547169,0.7195121951219512,-0.0071714969204005,0.9085561321740768,0.2434642839398791,1.4965939029605242,1.6355274148334886,-0.151436661661449,0.0211407641184492,-0.3191208197030999,-0.735689588654431,-0.2891371707616715,-0.96775564381224,-0.0151079123309386,3.0,0.240990990990991,0.5247747747747747,0.0814905065369548,0.03819265847612,0.0,0.0388482440216959,0.1027878571636554,0.3677917623863769,0.1705012420531938,0.2003877293620029,5,0.3677917623863769,1.9459101490553132,19.34017796030116,1.0,SG,True,2019-20,1674.0,0.0901791104669864,0.0,0.0315639639681071,0.6214717397991225,0.0,0.1829749753397221,0.0087272237432307,0.065082986682831,3,0.6214717397991225,direct_athlete_id
2019,1,8,8,1629637.0,43022.0,Jaxson Hayes,2019.0,Texas,Big 12,747,84.0,0.2594928606918218,0.751,0.171,0.0234473943200843,0.1198347107438016,0.015501604188189,0.1061995865875059,0.1249372571571237,0.5920000000000001,0.7622950819672131,0.0,2.099097148601701,0.3905246835745748,3.256423885797638,-0.4708713756944365,-1.3958237631823125,-0.861072228814938,-0.4770943259457644,3.7796181300011504,0.7883557912255921,1.6015761596992002,1.9809651243830808,-2.1633011857480673,3.3,0.7619047619047619,0.0,0.0,0.0,0.7016014137511476,0.195774168293035,0.0,0.0,0.1026244179558173,0.0,2,0.7016014137511476,2.0794415416798357,19.07460643394935,1.0,C,True,2019-20,1079.715,0.0,0.0255486545774277,0.4068860260794562,0.0,0.4377528966762291,0.112338540788867,0.0057008080821873,0.0117730737958324,4,0.4377528966762291,direct_athlete_id
2019,1,9,9,1629060.0,41807.0,Rui Hachimura,2019.0,Gonzaga,WCC,1117,80.0,0.368949077148561,0.648,0.28,0.0913067954597783,0.1078201306526289,0.0176731008581348,0.0243528901993024,0.1206810734228135,0.477,0.5115384615384615,1.0,0.8955150654462145,1.7763772012197678,1.6230826279484316,1.6953277694913285,-0.4651418740768166,-1.0935253544545391,-0.2504291370958274,0.1956274703295283,0.6812424609320956,0.8743787249065568,0.7329794362900386,0.8223233637469253,5.2,0.5182795698924731,0.0774193548387096,0.0096622080233579,0.0,0.0,0.1980508569109196,0.0845777488338014,0.0229021491222614,0.5606009183783924,0.1242061187312672,6,0.5606009183783924,2.1972245773362196,21.360711841204655,3.0,PF,False,2019-20,1444.0316666666668,0.0931617207963604,0.2879248403240129,0.1171312937703048,0.1487021207678294,0.0,0.1737192625870968,0.0341365655860856,0.1452241961683099,1,0.2879248403240129,direct_athlete_id
2019,1,10,10,1629629.0,43430.0,Cam Reddish,2019.0,Duke,ACC,1069,79.0,0.2501391681834815,0.503,0.253,0.1065387336910905,0.1660440016604399,0.0288299334379628,0.0190693218228663,0.0651333318561321,0.264,0.2769230769230769,0.8202247191011236,0.5946195446573429,0.2720952445569582,-0.6762812787324904,1.1587463298581568,-0.2562380404182605,0.0329660168541002,0.9141434817224016,-0.0357350714286336,-0.716700851882626,-0.4725173934485117,-0.4346732530220585,0.2855818717028817,1.4,0.1666666666666666,0.6180555555555556,0.0250576290279841,0.1795221041794646,0.000314683456372,0.0,0.3161883172988405,0.0300856904198065,0.249244802256082,0.1995867733614501,4,0.3161883172988405,2.302585092994046,19.800136892539356,1.0,SF,True,2019-20,1550.745,0.1730719400444598,0.0,0.1004366855493306,0.3900945088035522,0.0,0.1734368209086011,0.0,0.1629600446940562,3,0.3900945088035522,direct_athlete_id
2019,1,11,11,1629661.0,41851.0,Cameron Johnson,2019.0,North Carolina,ACC,1078,80.0,0.3011791291803962,0.653,0.217,0.1380303873447894,0.1039661147477859,0.0212612123082692,0.010613185027844,0.0995951797151674,0.264,0.4956521739130435,0.9270833333333334,0.8955150654462145,0.9183249493452936,1.702371038523636,0.4433044103472621,0.1756654426841935,-1.1680912599249853,0.1241051510362538,-0.4060214315099127,0.1505839089918547,-0.4725173934485117,0.6539152841270672,0.6046215736795822,4.6,0.2553699284009546,0.5035799522673031,0.0083252906391232,0.0,0.0,0.3829329290737606,0.1099269564116061,0.0843826705654613,0.2691483511402422,0.1452838021698063,3,0.3829329290737606,2.3978952727983707,23.29637234770705,5.0,PF,True,2019-20,1255.405,0.4570407013101961,0.0,0.1157795696203301,0.0,0.0,0.4019316608904815,0.0252480681789921,0.0,0,0.4570407013101961,direct_athlete_id
2019,1,12,12,1629023.0,43435.0,PJ Washington,2019.0,Kentucky,SEC,1024,78.0,0.3115510017641129,0.6,0.256,0.1306704604299722,0.1349448486270828,0.0169059557792467,0.0477621063931297,0.1534107927316294,0.489,0.0,0.0,0.2937240238684711,1.049645820814663,0.8619138864264707,1.2183664898173985,0.0747251076721046,-0.5687275315254608,-0.3305052830038989,1.220695260371729,1.5049355751361542,0.9502601963631804,-1.8128862633576484,-2.1633011857480673,3.8,,,0.0,0.0,0.3904203538701398,0.0,0.0,0.3955054463637417,0.1100084502003151,0.1040657495658032,5,0.3955054463637417,2.4849066497880004,20.82409308692676,2.0,PF,True,2019-20,1758.9916666666666,0.3024413446510493,0.3336101534242547,0.0632683841591536,0.0,0.0,0.0479886567225005,0.0,0.2526914610430418,1,0.3336101534242547,direct_athlete_id
2019,1,13,13,1629639.0,43437.0,Tyler Herro,2019.0,Kentucky,SEC,1207,77.0,0.258341796509608,0.585,0.215,0.1501041728937923,0.1190665184949991,0.0197831028402693,0.0113080819899188,0.0818375768612804,0.231,0.3095238095238095,0.8166666666666667,-0.0071714969204005,0.3759507722287288,0.6240486547008579,0.4035576370411012,0.341255668278267,-0.8759348946735188,-0.0301828874130245,-0.375592540285059,-0.2963131467851335,-0.6811914399542265,-0.2724233086836095,0.2749588630061766,3.7,0.1935483870967742,0.4193548387096774,0.026274655705755,0.0688559618767383,0.0021268928174407,0.1854961275402734,0.1285717623860326,0.159450716186172,0.1574454223876879,0.2717784610999,7,0.2717784610999,2.5649493574615367,19.41409993155373,1.0,SG,True,2019-20,1508.08,0.0,0.0,0.0024208260143955,0.5153990792303412,0.0071332063804612,0.4750468883748019,0.0,0.0,3,0.5153990792303412,direct_athlete_id
2019,1,14,14,1629641.0,42017.0,Romeo Langford,2019.0,Indiana,Big Ten,1091,77.0,0.2974990179389812,0.55,0.26,0.1417563680554353,0.1240061273615872,0.0140678577981306,0.0266041771152194,0.0893328056660348,0.491,0.2426470588235294,0.6470588235294118,-0.0071714969204005,0.8717301409897074,0.0690297806744296,1.29786003642972,0.2267667301744267,-0.7803653856468061,-0.626751657114324,0.2942092290924927,-0.1076843260608084,0.9629071082726176,-0.6052608927817331,-0.2314264772513073,3.1,0.3107049608355091,0.3185378590078329,0.0577278134629915,0.068224351027977,0.0704812309034056,0.0,0.0358055813285482,0.2280635919724191,0.3001937366158679,0.2395036946887904,6,0.3001937366158679,2.6390573296152584,19.652292950034223,1.0,SF,True,2019-20,369.84833333333336,0.2220893457894894,0.0,0.2843153313020126,0.1358912392587943,0.0,0.0236326713315957,0.0,0.3340714123181078,7,0.3340714123181078,direct_athlete_id
2019,1,17,17,1629638.0,43981.0,Nickeil Alexander-Walker,2019.0,Virginia Tech,ACC,1167,77.0,0.3077926917989024,0.592,0.264,0.2458568566745583,0.1727946415847228,0.0358490858363932,0.0234101958874428,0.0763726442610628,0.359,0.16,0.8947368421052632,-0.0071714969204005,1.0020609188695413,0.7350524295061438,1.3773535830420416,1.6544899015800545,0.1635746056319937,1.646816723167633,0.1543477637839466,-0.4338464787980372,0.1282109222497582,-1.0165854129415297,0.5080470953790314,3.6,0.3367875647668393,0.3911917098445596,0.0990498560778137,0.0,0.0,0.0745233420816282,0.3606870076446083,0.2072432459343713,0.2054173825898787,0.0530791656716997,4,0.3606870076446083,2.833213344056216,20.79671457905544,2.0,SG,True,2019-20,590.8033333333333,0.1542438803428041,0.0,0.0455652911722221,0.6543995501461158,0.0,0.0,0.0,0.1457912783388577,3,0.6543995501461158,direct_athlete_id
2019,1,20,20,1629680.0,43445.0,Matisse Thybulle,2019.0,Washington,Pac-12,1118,77.0,0.1861044089393448,0.546,0.173,0.1348088214269271,0.1805844369048922,0.0714582314529251,0.0846696025290397,0.0604831411186562,0.248,0.2539682539682539,0.9347826086956522,-0.0071714969204005,-0.5386648491866871,0.0055990522142662,-0.4311246023882761,0.1314821312496906,0.3142883431513357,5.36377094541729,2.8368401661547895,-0.8337299670441078,-0.5736926887240099,-0.5489166595225397,0.6276087192146433,1.5,0.2840466926070039,0.5603112840466926,0.0,0.0,0.2205133183650791,0.0,0.7794866816349209,0.0,0.0,0.0,4,0.7794866816349209,2.995732273553991,22.2943189596167,4.0,SF,True,2019-20,1287.4316666666666,0.5216140442733185,0.0,0.0473784307887022,0.0,0.0,0.0249033999509616,0.0156293651901124,0.3904747597969051,0,0.5216140442733185,direct_athlete_id
2019,1,21,21,1629634.0,41808.0,Brandon Clarke,2019.0,Gonzaga,WCC,1040,80.0,0.3408209437621202,0.708,0.239,0.1227895510358886,0.1139817629179331,0.0233202392120075,0.1133424098025868,0.1712012844840169,0.42,0.531496062992126,1.0,0.8955150654462145,1.4202398731433346,2.574543554850881,0.8805189167150309,-0.0333604268237876,-0.9743126422130096,0.3390305195354798,4.092395710724924,1.9526603300135537,0.5139417354875948,0.8323060301014076,0.8223233637469253,5.4,0.6133333333333333,0.04,0.0,0.0,0.310570746828464,0.1313067866722558,0.0926623773805476,0.0,0.4654600891187326,0.0,6,0.4654600891187326,3.044522437723423,22.748802190280628,4.0,PF,False,2019-20,1300.02,0.1564469663312853,0.1596148383505722,0.3782759320077898,0.0,0.0491054826393276,0.1175383690453134,0.1390184116257117,0.0,2,0.3782759320077898,direct_athlete_id
2019,1,22,22,1629684.0,41829.0,Grant Williams,2019.0,Tennessee,SEC,1181,78.0,0.342978835427918,0.659,0.262,0.1845723761446348,0.135754007196598,0.020665034212875,0.0536668512291994,0.1331332468455671,0.628,0.5662100456621004,1.0,0.2937240238684711,1.44756147893841,1.7975171312138811,1.3376068097358809,0.8139820993519695,-0.5530722662399044,0.0618748826453312,1.4792585411649188,0.99462032428683,1.8292205740690703,1.0050733671103511,0.8223233637469253,5.5,0.3695652173913043,0.1111111111111111,0.0940901403241704,0.0,0.0492780451827202,0.1735892590715541,0.087194429077699,0.0681662604574346,0.5276818658864216,0.0,6,0.5276818658864216,3.091042453358316,20.553045859000683,3.0,PF,True,2019-20,1043.2233333333334,0.3721980636490796,0.0857705853762554,0.2544198584107698,0.0705427891051045,0.0,0.0,0.0,0.2170687034587904,0,0.3721980636490796,direct_athlete_id
2019,1,24,24,1629660.0,42530.0,Ty Jerome,2019.0,Virginia,ACC,1256,77.0,0.2651301410962901,0.559,0.2339999999999999,0.3263503116468129,0.1195984628656575,0.0301304602957706,0.0010655045840992,0.0776273885350318,0.222,0.0808080808080808,0.7215189873417721,-0.0071714969204005,0.4618996999428045,0.2117489197097974,0.7811519834496271,2.758446014897206,-0.865643055034713,1.0498950902370847,-0.8241054720631084,-0.402268932751779,-0.7381025435466942,-1.4107141166828407,-0.0091163842137057,4.3,0.1564792176039119,0.4841075794621027,0.0420499529681632,0.0011704800801286,0.0,0.1042856879593446,0.274070278641457,0.3761521024845102,0.0229571087187756,0.1793143891476206,5,0.3761521024845102,3.1780538303479458,21.949349760438057,3.0,SG,True,2019-20,327.59,0.1543506760008668,0.0,0.0,0.5098068191866305,0.0,0.0,0.0,0.3358425048125028,3,0.5098068191866305,direct_athlete_id
2019,1,25,25,1629642.0,41852.0,Nassir Little,2019.0,North Carolina,ACC,655,78.0,0.2877885163306872,0.555,0.252,0.0612068251088868,0.1311475409836065,0.0154614646013836,0.033187672632107,0.1322397154803461,0.365,0.4444444444444444,0.8571428571428571,0.2937240238684711,0.7487830527649765,0.1483181912496339,1.1388729432050766,-0.8779586216121961,-0.6421962690129861,-0.4812841767291098,0.5824943704817291,0.9721332498969302,0.16615165797807,0.3990605433537923,0.3958055709619262,1.6,0.4615384615384615,0.1904761904761904,0.0,0.1444559418026051,0.073561602284006,0.0229615434615938,0.1124610278651144,0.0,0.438277169626285,0.2082827149603957,6,0.438277169626285,3.218875824868201,19.353867214236825,1.0,SF,True,2019-20,572.485,0.3047803723545421,0.0,0.3406423770987057,0.0306360389013552,0.0,0.1572024869221708,0.0,0.1667387247232262,2,0.3406423770987057,direct_athlete_id
2019,1,28,28,1629673.0,43202.0,Jordan Poole,2019.0,Michigan,Big Ten,1226,76.0,0.2391052992957867,0.578,0.209,0.1293443421682219,0.1224226804123711,0.02026316095727,0.0066602913877482,0.0518102066107023,0.244,0.3604651162790697,0.68,-0.3080670177092722,0.1323926724017949,0.5130448798955719,0.2843173171226186,0.0565375871768621,-0.8110012622098334,0.0199265441393735,-0.5791149650299853,-1.0519975411329625,-0.5989865125428844,-0.0188945218678465,-0.1330764920914722,2.5,0.2439024390243902,0.5501355013550135,0.0305348645583014,0.1102600197710828,0.0159000087331199,0.2450730026221905,0.0899223222655668,0.2233318339397684,0.0393229993937239,0.2456549487162462,7,0.2456549487162462,3.332204510175204,20.00273785078713,2.0,SG,True,2019-20,1273.89,0.0,0.0,0.0,0.4751912412545299,0.0,0.4683838374861198,0.0,0.0564249212593501,3,0.4751912412545299,direct_athlete_id
2019,1,29,29,1629640.0,43438.0,Keldon Johnson,2019.0,Kentucky,SEC,1136,77.0,0.2633817014993184,0.564,0.2269999999999999,0.1045946780730243,0.1197126895450917,0.0147136827374503,0.0060074185571443,0.1136667247896323,0.416,0.3798449612403101,0.9777777777777776,-0.0071714969204005,0.4397622691430523,0.2910373302849999,0.6420382768780641,-0.2829004825377159,-0.8634330444921539,-0.5593391513246869,-0.6077036586498171,0.5047157203492099,0.4886479116687202,0.0775566470294551,0.755976151535925,3.2,0.3013333333333333,0.3146666666666666,0.0592834060589675,0.1206587581834308,0.0,0.094718426272193,0.0838781084227165,0.0429523190042938,0.3481319385368389,0.2503770435215594,6,0.3481319385368389,3.367295829986474,19.690622861054074,1.0,SF,True,2019-20,300.5966666666667,0.2622042727588817,0.0,0.1243487178043749,0.0,0.0705398477528556,0.0596097797156812,0.1886913980616498,0.2946059839065568,7,0.2946059839065568,direct_athlete_id
2019,1,30,30,1629645.0,43455.0,Kevin Porter Jr.,2019.0,USC,Pac-12,464,76.0,0.2555691180958193,0.564,0.235,0.119782603513623,0.1803551609322974,0.0217618916605527,0.0255158565295665,0.0997886494843898,0.293,0.3684210526315789,0.5,-0.3080670177092722,0.3408451977373225,0.2910373302849999,0.8010253701027092,-0.0746002779492384,0.3098524064761222,0.1763670685926075,0.2465526835526715,0.1554528696820312,-0.2891371707616715,0.0207012211531511,-0.6704889110005711,1.1,0.2857142857142857,0.4428571428571428,0.0452264767664834,0.106421536449717,0.1693117436515286,0.1036944430574193,0.133225863852383,0.2277024876481837,0.1028737925949009,0.1115436559793837,5,0.2277024876481837,3.4011973816621555,19.12662559890486,1.0,SG,True,2019-20,1161.72,0.0929994199208473,0.0,0.0008696341974038,0.4726167607578408,0.0404579764823494,0.0292569318635566,0.0916809101250183,0.2721183666529834,3,0.4726167607578408,direct_athlete_id
2019,2,3,33,1629035.0,41938.0,Carsen Edwards,2019.0,Purdue,Big Ten,1275,71.0,0.4349481470119556,0.546,0.372,0.1832698656012939,0.1237352722175988,0.0238148639004995,0.0100889695085082,0.0597602348848009,0.314,0.1654676258992805,0.46875,-1.8125446216536307,2.612007922738234,0.0055990522142662,3.5236793415747254,0.796118355306235,-0.7856057789304571,0.3906604391105711,-0.4289763412113774,-0.8519230007644248,-0.1563445957125801,-0.9893736932330656,-0.7637896781722896,4.9,0.2590975254730713,0.537117903930131,0.0,0.0,0.0,0.0,0.1029314649370384,0.5963924002259865,0.1784124146702019,0.1222637201667731,5,0.5963924002259865,3.49650756146648,21.27310061601643,3.0,PG,True,2019-20,350.53833333333336,0.1069291296039061,0.0,0.0,0.247955670078744,0.0,0.4454347524467095,0.0,0.1996804478706402,5,0.4454347524467095,direct_athlete_id
2019,2,4,34,1628981.0,42672.0,Bruno Fernando,2019.0,Maryland,Big Ten,987,81.0,0.2954040578565434,0.662,0.233,0.1512183476517661,0.2140603875619648,0.0140603353803527,0.0725814185231048,0.2090546764264015,0.509,0.3821656050955414,0.6666666666666666,1.1964105862350862,0.8452053277027424,1.8450901775590036,0.761278596796549,0.3565364142195711,0.9619671887658268,-0.6275368622080433,2.3075098390738447,2.9052984506775226,1.0767293154575532,0.0891062137509154,-0.1728848194180724,3.2,0.6273062730627307,0.03690036900369,0.1119148723554912,0.0,0.3658716246967213,0.0,0.0150181030066435,0.0560527019941412,0.4511426979470026,0.0,6,0.4511426979470026,3.5263605246161616,20.84599589322382,2.0,C,True,2019-20,712.5283333333333,0.1898661698502191,0.1708020387158282,0.4402497421045379,0.0066877509306056,0.0278319046931166,0.0,0.0,0.1645623937056924,2,0.4402497421045379,direct_athlete_id
2019,2,6,36,1628998.0,41843.0,Cody Martin,2019.0,Nevada,Mountain West,1171,78.0,0.206225296698509,0.6,0.174,0.2590789419650394,0.1577598106882271,0.0231274560907353,0.0223533153010872,0.0717905156088458,0.324,0.3157894736842105,0.6875,0.2937240238684711,-0.2839092595915087,0.8619138864264707,-0.4112512157351957,1.835828892337237,-0.1273130832287285,0.3189074296891874,0.1080679465519748,-0.5491627081740602,-0.0931100361653937,-0.2412398480626773,-0.1106843079702599,3.3,0.3344827586206896,0.3137931034482759,0.1442544208003264,0.0326245209156518,0.1093524181210365,0.2517740708525139,0.1070096269649727,0.2580940825885559,0.0,0.0968908597569427,5,0.2580940825885559,3.58351893845611,23.72621492128679,3.0,SF,False,2019-20,902.695,0.2354395139296633,0.0,0.166226635782288,0.2111605852166399,0.0,0.0651386971767126,0.0,0.322034567894696,7,0.322034567894696,direct_athlete_id
2019,2,8,38,1629655.0,44057.0,Daniel Gafford,2019.0,Arkansas,SEC,919,82.0,0.3438242307781353,0.663,0.258,0.0597360693249312,0.1567268827847892,0.0191040258364518,0.0866715590758407,0.1691675444739597,0.596,0.624390243902439,0.0,1.497306107023958,1.4582652407934271,1.8609478596740443,1.258113263123559,-0.8981298248417509,-0.1472977450223529,-0.101066310558124,2.924503980107302,1.9014781727038763,1.626869983518074,1.2946292504613517,-2.1633011857480673,3.3,0.6955128205128205,0.0,0.0,0.0,0.5496145238956137,0.0,0.0,0.1052782093701738,0.3451072667342124,0.0,2,0.5496145238956137,3.6375861597263857,20.71731690622861,2.0,C,True,2019-20,609.0533333333333,0.0,0.0,0.091156954262661,0.0253502310474923,0.8480279584842748,0.0,0.0,0.0354648562055717,4,0.8480279584842748,direct_athlete_id
2019,2,11,41,1629672.0,41861.0,Eric Paschall,2019.0,Villanova,Big East,1301,78.0,0.2924968958789097,0.577,0.245,0.1293170614029518,0.1372063449568302,0.01273658895765,0.0156737825491583,0.1008404230998281,0.415,0.4112903225806452,0.8382352941176471,0.2937240238684711,0.80839702319225,0.497187197780531,0.9997592366335136,0.0561634354199733,-0.5249730360305661,-0.7657121755963088,-0.1844225759773404,0.1819223507235226,0.4823244557140015,0.2340564468853987,0.3393546866227354,3.5,0.2718676122931442,0.4562647754137116,0.0732864878389523,0.1169540191500528,0.0,0.1273393077805804,0.0,0.1494020396767961,0.3591228077834835,0.1738953377701346,6,0.3591228077834835,3.713572066704308,22.622861054072555,4.0,PF,True,2019-20,1653.795,0.0115879485105407,0.2220307664280836,0.0751015372737181,0.2166526561721361,0.0,0.2498486459610331,0.0857922518084838,0.1389861938460045,5,0.2498486459610331,direct_athlete_id
2019,2,12,42,1629678.0,41832.0,Admiral Schofield,2019.0,Tennessee,SEC,1175,77.0,0.3021342416613187,0.565,0.263,0.1199063057703747,0.1147842056932965,0.0163197239792984,0.0166726401876771,0.1092646341560923,0.171,0.4756097560975609,0.918918918918919,-0.0071714969204005,0.9304178672184776,0.3068950124000407,1.3574801963889611,-0.0729037193579936,-0.9587873113346392,-0.3916973370761882,-0.1406835296288674,0.3939304212533999,-1.0605987972373443,0.5541665694341674,0.5802456975716558,3.1,0.2529880478087649,0.3525896414342629,0.0,0.1414778756266217,0.0,0.1812409731518696,0.0561300201408462,0.1625350881633828,0.2954225736969361,0.1631934692203434,6,0.2954225736969361,3.737669618283368,22.223134839151268,4.0,SF,True,2019-20,368.38166666666666,0.5368039080063082,0.0157375285379687,0.0558756551896725,0.0542563066474295,0.0,0.175698258734534,0.0,0.1616283428840871,0,0.5368039080063082,direct_athlete_id
2019,2,18,48,1629611.0,41898.0,Terance Mann,2019.0,Florida State,ACC,1174,77.0,0.2088235022439454,0.611,0.175,0.1555364352372758,0.1583203429462198,0.0124143328272699,0.0121299031764173,0.1173083214612967,0.426,0.3076923076923077,0.5666666666666667,-0.0071714969204005,-0.2510127296997974,1.03634838969192,-0.3913778290821153,0.4157583620103013,-0.1164681369714756,-0.7993499184773413,-0.3396057554017611,0.5963620334402739,0.5518824712159066,-0.2815384740958815,-0.4714472743675716,3.0,0.5395189003436426,0.2646048109965636,0.1560444829018745,0.0118225721025819,0.175245486240914,0.1638795722493164,0.0,0.1845071968493168,0.0911851038503922,0.2173155858056039,7,0.2173155858056039,3.871201010907891,22.6694045174538,4.0,SF,True,2019-20,362.12,0.0,0.0,0.0924752045599416,0.2323335185571359,0.0351887204843054,0.0,0.0457404874194595,0.5942620689791573,7,0.5942620689791573,direct_athlete_id
2018,1,1,1,1629028.0,46016.0,Deandre Ayton,2018.0,Arizona,Pac-12,1139,84.0,0.3585047700134823,0.658,0.267,0.104947241196681,0.1155048240250034,0.0099182219525582,0.0603907346171834,0.2129788934514974,0.429,0.5823293172690763,0.8333333333333334,2.057943132092919,1.6309912144739125,1.7629969836917645,1.4136557806735146,-0.269052683378506,-0.9358628598849804,-1.0049424947914791,1.7558320560764742,3.030037005480914,0.5313348441637894,1.0308581975162756,0.3591528547542287,6.0,0.4976635514018692,0.0794392523364486,0.0,0.0,0.2128046060726419,0.1234417717256611,0.0,0.0,0.6551357082767422,0.0086179139249546,6,0.6551357082767422,0.0,19.912388774811777,1.0,C,True,2018-19,2182.6883333333335,0.039930425364906,0.5233149637220699,0.0,0.0,0.2741824614994136,0.0069886555439736,0.0947578235848273,0.0608256702848095,1,0.5233149637220699,direct_athlete_id
2018,1,2,2,1628963.0,46001.0,Marvin Bagley III,2018.0,Duke,ACC,1089,82.0,0.3578430993374653,0.651,0.257,0.0865452049479982,0.1257818874082132,0.0139255496528955,0.0255705829966959,0.1780634476664632,0.478,0.5397489539748954,0.9090909090909092,1.468283883475158,1.6226332433652255,1.6500410425167753,1.2171696413843938,-0.5173276872330607,-0.7368692891464212,-0.5840750769365489,0.2470004869208056,2.1428632939068386,0.8408366598285965,0.8235655327426522,0.5759329090649971,5.5,0.5660377358490566,0.1297169811320754,0.0336542249563437,0.0,0.0526267562947078,0.2087554764254413,0.0272158791609814,0.0,0.6163095602627474,0.0614381028997783,6,0.6163095602627474,0.6931471805599453,19.27173169062286,1.0,PF,True,2018-19,1567.495,0.0364618229399466,0.5254324721589981,0.1457660950408254,0.0,0.0,0.0665241807734345,0.113906654336929,0.1119087747498663,1,0.5254324721589981,direct_athlete_id
2018,1,4,4,1628991.0,46009.0,Jaren Jackson Jr.,2018.0,Michigan State,Big Ten,750,82.0,0.3051975417032484,0.66,0.236,0.0957352108116856,0.1692872718925743,0.0167484662576687,0.1453805576488319,0.1487392197125256,0.5760000000000001,0.4729729729729729,0.972972972972973,1.468283883475158,0.9576346788887962,1.7952701097417616,0.8045487488772396,-0.3933387595732922,0.105520358760277,-0.2875997918804499,5.438622683893661,1.3977579811145793,1.4598402911582111,0.4984820911306577,0.7587312251324556,2.8,0.3778801843317972,0.4193548387096774,0.0020915838193101,0.0,0.5212637598617761,0.0,0.0567358580340522,0.0,0.4199087982848616,0.0,2,0.5212637598617761,1.3862943611198906,18.765229295003422,1.0,PF,True,2018-19,1514.6883333333333,0.1434941991963295,0.4706227466417846,0.0919096969143677,0.0,0.0,0.0,0.1005162966308493,0.1934570606166686,1,0.4706227466417846,direct_athlete_id
2018,1,5,5,1629027.0,48324.0,Trae Young,2018.0,Oklahoma,Big 12,1133,73.0,0.4118689057165772,0.593,0.371,0.4863525677525653,0.1844162728035691,0.025389179119515,0.0066890020796598,0.0576332810791584,0.4429999999999999,0.0875912408759124,0.2807017543859649,-1.1851827353047657,2.305066582497344,0.7141203870668638,3.4571116292803707,4.876758771459155,0.3984614257487618,0.619886389068775,-0.5711787580664236,-0.9171714693479754,0.6197639343537337,-1.37765986777066,-1.2222005940601122,5.8,0.2945205479452055,0.535958904109589,0.0666906185988846,0.0,0.0,0.0,0.0,0.9139852903598588,0.0193240910412567,0.0,5,0.9139852903598588,1.6094379124341005,19.753593429158112,1.0,PG,True,2018-19,2503.2816666666668,0.0,0.0,0.0,0.7657222169026533,0.0189029738325922,0.0,0.1740214859163002,0.0413533233484541,3,0.7657222169026533,direct_athlete_id
2018,1,6,6,1628964.0,47342.0,Mohamed Bamba,2018.0,Texas,Big 12,906,84.0,0.2602786379481074,0.6,0.212,0.0356521563233271,0.124877836898686,0.0154687562604818,0.1314675375729535,0.2013049854564873,0.441,0.0,0.0,2.057943132092919,0.3902362533166242,0.8270763282418531,0.3329820145833497,-1.2039621266345526,-0.7543743129368498,-0.4220006401249938,4.835741796366727,2.7334122867741404,0.6071312071837422,-1.804077594800189,-2.0254277426642218,2.9,,,0.0,0.0,0.7100305668483062,0.0,0.0024605974806382,0.0897818970673001,0.1462955568050793,0.0514313817986761,2,0.7100305668483062,1.791759469228055,20.109514031485283,1.0,C,True,2018-19,766.1933333333334,0.3103411450734349,0.2575463164919099,0.3693202261716775,0.034450321323151,0.0156184926037353,0.0,0.0127234983360911,0.0,2,0.3693202261716775,direct_athlete_id
2018,1,7,7,1628976.0,46002.0,Wendell Carter Jr.,2018.0,Duke,ACC,973,82.0,0.2911131641360455,0.634,0.226,0.129556183205349,0.1596815119433021,0.0179835444367181,0.0766582501194811,0.1814781698308571,0.526,0.5,0.0,1.468283883475158,0.7797262040881321,1.3757194710918013,0.6080626095881191,0.0629641157132733,-0.0804748424648135,-0.1578863761241747,2.4607382612279256,2.2296286686132416,1.1440221119084075,0.6300569303267064,-2.0254277426642218,3.6,0.8333333333333334,0.0,0.0,0.0,0.5886701000644783,0.0,0.01119359463756,0.1930149711340979,0.2071213341638636,0.0,2,0.5886701000644783,1.9459101490553132,19.1813826146475,1.0,PF,True,2018-19,1109.8,0.1141376164816748,0.4226047698217397,0.3143459510355969,0.0617148496585108,0.0,0.028448282093204,0.0,0.0587485309092737,1,0.4226047698217397,direct_athlete_id
2018,1,8,8,1629012.0,46356.0,Collin Sexton,2018.0,Alabama,SEC,987,75.0,0.3903754738784555,0.576,0.3289999999999999,0.2782134333446983,0.143552615154163,0.0172731770950474,0.0033411448061439,0.0702025045026555,0.575,0.1838235294117647,0.3095238095238095,-0.5955234866870047,2.033569765665582,0.4397988156418897,2.6318698442660615,2.0686051682895203,-0.3927767758544703,-0.2324923208269883,-0.7162485670196993,-0.597797497585386,1.4535239275732146,-0.9091751958564775,-1.1397263779087974,4.1,0.3613861386138614,0.297029702970297,0.0959753367892862,0.0,0.0,0.0045810391374613,0.0,0.6024156640145298,0.25177549409495,0.0452524659637724,5,0.6024156640145298,2.0794415416798357,19.460643394934976,1.0,PG,True,2018-19,2605.0233333333335,0.0,0.0,0.0028178081673963,0.7808426947881723,0.0505777761394159,0.0883606736527955,0.0514763088704039,0.0259247383818159,3,0.7808426947881723,direct_athlete_id
2018,1,9,9,1628995.0,48213.0,Kevin Knox,2018.0,Kentucky,SEC,1092,79.0,0.2940523746116289,0.567,0.247,0.0835755813953488,0.1382335594219994,0.0144252108300044,0.0085106382978723,0.0920781893004115,0.371,0.0,0.0,0.5837950105485169,0.8168531875372863,0.2945697484169034,1.0206835020952727,-0.5573929978876562,-0.4957690270095907,-0.531598432864122,-0.4922433684818711,-0.041953743083806,0.1649857562340177,-1.804077594800189,-2.0254277426642218,3.0,,,0.0080134349100708,0.0,0.2435727034927679,0.0,0.0050760190962629,0.3490184350269495,0.06021808019797,0.3341013272759786,5,0.3490184350269495,2.1972245773362196,18.86105407255305,1.0,SF,True,2018-19,2157.8933333333334,0.065097232231607,0.0082601317924021,0.1330626726947701,0.4342047217800478,0.0,0.3378523240665294,0.0,0.0215229174346432,3,0.4342047217800478,direct_athlete_id
2018,1,10,10,1628969.0,46041.0,Mikal Bridges,2018.0,Villanova,Big East,1285,78.0,0.3259762648773361,0.661,0.2319999999999999,0.1059566817763539,0.0918429825158174,0.0280209684392563,0.035024498740389,0.097065056381252,0.282,0.384,0.9361702127659576,0.2889653862396365,1.2201035690167747,1.81140667276676,0.7259542931615895,-0.2554336001193276,-1.394024316771137,0.8962886346960725,0.6566588560655586,0.0847585837320866,-0.397170602830632,0.0653377204972666,0.6534202476271441,5.4,0.3127853881278539,0.5,0.0,0.0,0.0,0.2669660435883205,0.2405293857535421,0.0117277340667459,0.3097531712127539,0.1710236653786376,6,0.3097531712127539,2.302585092994046,21.806981519507183,4.0,SF,True,2018-19,2417.115,0.373164190475283,0.0,0.0769945808852135,0.0,0.0,0.2242669548743001,0.0,0.3255742737652033,0,0.373164190475283,direct_athlete_id
2018,1,11,11,1628983.0,48216.0,Shai Gilgeous-Alexander,2018.0,Kentucky,SEC,1158,78.0,0.2631666701162986,0.582,0.225,0.2937539666907403,0.175639557082856,0.0282524854598014,0.0180575460257964,0.0693671506855156,0.476,0.0709219858156028,0.7894736842105263,0.2889653862396365,0.4267167719456192,0.5366181937918806,0.588413995659207,2.278273594340283,0.2285189105089207,0.9206035841867471,-0.0785554579664939,-0.6190231737801671,0.8282039326586044,-1.4588102862715515,0.2336486127848365,3.7,0.4492307692307692,0.1507692307692307,0.2047892840425746,0.0,0.0001674237783854,0.0393518654891128,0.2302830108357469,0.2506177974580546,0.1622535414579482,0.1125370769381771,5,0.2506177974580546,2.3978952727983707,19.942505133470227,1.0,SG,True,2018-19,2173.9066666666668,0.0674885493569993,0.0,0.0883502318296426,0.4053734119380449,0.0,0.0,0.164816506388208,0.273971300487105,3,0.4053734119380449,direct_athlete_id
2018,1,12,12,1628970.0,46010.0,Miles Bridges,2018.0,Michigan State,Big Ten,1042,79.0,0.3231822708743738,0.574,0.27,0.1741407020263721,0.1188503925664481,0.0114809886603158,0.0246793671089305,0.1242733331494086,0.2319999999999999,0.5378787878787878,0.8923076923076924,0.5837950105485169,1.184810904552374,0.4075256895918928,1.472601622460251,0.6644856773793251,-0.8710830093198529,-0.8408137690702883,0.2083821982628567,0.7760992595623419,-0.7129887820804357,0.8144610610181378,0.5279077893407653,4.2,0.2576112412177986,0.4215456674473068,0.0,0.1627673539401861,0.0,0.1899283630091373,0.0,0.2007083699714015,0.3850864382766257,0.0615094748026493,6,0.3850864382766257,2.4849066497880004,20.25188227241615,2.0,SF,True,2018-19,1696.3333333333333,0.4197207048374334,0.0,0.2798867425236821,0.0,0.0,0.141939679109215,0.0639814312136298,0.0944714423160397,0,0.4197207048374334,direct_athlete_id
2018,1,13,13,1629010.0,46890.0,Jerome Robinson,2018.0,Boston College,ACC,1260,77.0,0.3508517228029423,0.614,0.2739999999999999,0.1968665701984744,0.139851989977274,0.0144746465138956,0.0045093795093795,0.0567051333068046,0.3429999999999999,0.3821656050955414,0.6621621621621622,-0.0058642380692438,1.53432084687633,1.0529882105918318,1.551196078175897,0.9710965834648222,-0.464431546332704,-0.5264064769810454,-0.6656264611875132,-0.9407549661521684,-0.0118724241458725,0.0564073925579477,-0.1306528895803719,4.7,0.2963752665245202,0.3837953091684435,0.0586805099026748,0.0,0.0,0.2150030567771417,0.0,0.3825092303789545,0.196591297932492,0.147215905008737,5,0.3825092303789545,2.5649493574615367,21.32511978097194,3.0,PG,True,2018-19,320.52,0.1915815771162571,0.010954407974928,0.0,0.2441847845810157,0.0,0.148663932072793,0.0,0.404615298255006,7,0.404615298255006,direct_athlete_id
2018,1,15,15,1628972.0,47762.0,Troy Brown,2018.0,Oregon,Pac-12,1093,79.0,0.2172659075507762,0.538,0.212,0.1896870648386136,0.1893439013650374,0.030029808458519,0.0076935872910255,0.1216701804632907,0.326,0.0,0.0,0.5837950105485169,-0.153084118882192,-0.1733905793080505,0.3329820145833497,0.8742327529188509,0.4938745185902337,1.1072659679747006,-0.5276479343831731,0.7099552199142175,-0.119250605090805,-1.804077594800189,-2.0254277426642218,1.8,,,0.0840752466725454,0.0038830769343541,0.2577749394041251,0.0,0.28022103324222,0.258458898006204,0.0,0.1155868057405513,4,0.28022103324222,2.70805020110221,18.899383983572896,1.0,SG,True,2018-19,729.7366666666667,0.153801231342286,0.0,0.155477060936885,0.3901747418575929,0.0,0.1216994389690442,0.0,0.1788475268941918,3,0.3901747418575929,direct_athlete_id
2018,1,17,17,1628978.0,46042.0,Donte DiVincenzo,2018.0,Villanova,Big East,1170,76.0,0.2723157934399668,0.613,0.2239999999999999,0.1997588495968962,0.1527810010056471,0.0211894586894586,0.0071566656142158,0.0955427895318605,0.2739999999999999,0.3548387096774194,0.7875,-0.3006938623781243,0.542285001248652,1.0368516475668332,0.5687653817302928,1.0101183889371932,-0.2140886249435568,0.1788130291432415,-0.5509138978678872,0.0460789936419123,-0.4477015115106009,-0.076627286645618,0.2280009218962138,3.6,0.2666666666666666,0.5472222222222223,0.0945457240205806,0.0271329005840448,0.0,0.2782011821955284,0.1096231488274849,0.2553968944947112,0.1277754097849239,0.1073247400927259,3,0.2782011821955284,2.833213344056216,21.38535249828884,3.0,PG,True,2018-19,411.2866666666667,0.3837390464980987,0.0,0.03271960976585,0.0983016523992244,0.0,0.2876796223010083,0.0,0.1975600690358183,0,0.3837390464980987,direct_athlete_id
2018,1,19,19,1628989.0,46660.0,Kevin Huerter,2018.0,Maryland,Big Ten,1100,79.0,0.2679211944518067,0.646,0.215,0.2029155030485576,0.1795493311787414,0.0113031622465584,0.020684500996474,0.0877635430365248,0.307,0.3780487804878049,0.8571428571428571,0.5837950105485169,0.486774106314629,1.5693582273917828,0.391927856370086,1.0527070534353855,0.304223406930773,-0.8594898917088684,0.0352761138689554,-0.1515854735113269,-0.2392615132057303,0.0363655827347806,0.4272837289661842,3.8,0.2,0.55,0.1665192335754959,0.0,0.0103677983076527,0.2660583481247693,0.0,0.1904065811030016,0.2233485862263271,0.1432994526627532,3,0.2660583481247693,2.9444389791664403,19.81656399726215,2.0,SG,True,2018-19,2048.53,0.2146781585456898,0.0,0.0231033095082215,0.3691510484118406,0.0188459807180924,0.1848161385673736,0.0,0.1894053642487818,3,0.3691510484118406,direct_athlete_id
2018,1,20,20,1629006.0,46132.0,Josh Okogie,2018.0,Georgia Tech,ACC,873,76.0,0.3089509932404849,0.558,0.2689999999999999,0.1558491481384028,0.1348722030600513,0.0296789754401941,0.0284014468353359,0.1019346158849828,0.506,0.3604651162790697,0.7297297297297297,-0.3006938623781243,1.005046844250149,0.1493406811919189,1.452953008531337,0.4177012699001564,-0.5608545752880638,1.0704199205430858,0.3696678656925879,0.2084902183001726,1.0176948402084864,-0.0492364255226601,0.0626914831832861,3.8,0.3824561403508772,0.2982456140350877,0.044537054414402,0.0239493825046076,0.0511624685031135,0.0316631547300273,0.3281253612581737,0.1095372206595778,0.3246781679499743,0.0863471899801234,4,0.3281253612581737,2.995732273553991,19.802874743326488,2.0,SG,True,2018-19,1757.17,0.265104044288675,0.0,0.1090775746526852,0.1206709882167702,0.0,0.1779545035620501,0.0,0.3271928892798194,7,0.3271928892798194,direct_athlete_id
2018,1,21,21,1628960.0,46005.0,Grayson Allen,2018.0,Duke,ACC,1291,76.0,0.2554480197535282,0.591,0.207,0.2106827627013608,0.1382703634535268,0.0275594452092056,0.0015406863385748,0.0503471202459948,0.3,0.3285714285714285,0.7790697674418605,-0.3006938623781243,0.3292177304006274,0.6818472610168668,0.2347389449387892,1.1575006966050143,-0.4950563948715837,0.8478174078245703,-0.7942662794188465,-1.1023070219421258,-0.2834760583007028,-0.2045034782882294,0.2038778391083762,4.4,0.1485411140583554,0.6339522546419099,0.091304301041602,0.0289659600844834,0.0,0.2827876231860466,0.2026904794729616,0.2537784807746459,0.0041594227535405,0.1363137326867199,3,0.2827876231860466,3.044522437723423,22.702258726899384,4.0,SG,True,2018-19,416.29333333333335,0.1133344281096791,0.0,0.0073962711289833,0.5007766599188591,0.0,0.2963057244577212,0.0,0.082186916384757,3,0.5007766599188591,direct_athlete_id
2018,1,22,22,1628990.0,47643.0,Chandler Hutchison,2018.0,Boise State,Mountain West,898,78.0,0.3992534108931015,0.597,0.33,0.2402438778188278,0.1636438019909996,0.029221632116955,0.0087676458081601,0.1425128669668013,0.515,0.1970802919708029,0.7631578947368421,0.2889653862396365,2.14571247315235,0.7786666391668576,2.651518458194976,1.5563307972825626,-0.0037534858386252,1.022387686116979,-0.4811066839188961,1.2395513092306605,1.074542112473451,-0.8446377089837487,0.1583460676032013,4.2,0.3324022346368715,0.2960893854748603,0.0499187752662369,0.0,0.0,0.0,0.2317210263629788,0.2662577527544396,0.4521024456163446,0.0,6,0.4521024456163446,3.091042453358316,22.151950718685832,4.0,SG,False,2018-19,894.615,0.2114303160784513,0.0,0.2766268132337734,0.0943044778318399,0.0,0.118859524399934,0.0,0.2987788684560012,7,0.2987788684560012,direct_athlete_id
2018,1,23,23,1628988.0,46136.0,Aaron Holiday,2018.0,UCLA,Pac-12,1244,72.0,0.3127900520436238,0.616,0.266,0.2989660756550263,0.1867120750433172,0.019553315373251,0.0068038182019776,0.0530332348098011,0.417,0.0762711864406779,0.5308641975308642,-1.480012359613646,1.053540367877842,1.0852613366418289,1.3940071667446026,2.348593876058623,0.4429147747612273,0.0069779649245268,-0.5662035301613502,-1.0340549869557456,0.4555384811438366,-1.4327689384249005,-0.5063615843087644,4.5,0.2834101382488479,0.4377880184331797,0.1894266317676538,0.0,0.0,0.1259196785050422,0.0,0.6036570735959428,0.0005411501748605,0.0804554659565005,5,0.6036570735959428,3.1354942159291497,21.72210814510609,3.0,PG,True,2018-19,645.83,0.1293520891480885,0.0,0.0,0.6323841834858019,0.0,0.1354765594534358,0.0,0.1027871679126737,3,0.6323841834858019,direct_athlete_id
2018,1,25,25,1629021.0,48111.0,Moritz Wagner,2018.0,Michigan,Big Ten,1026,83.0,0.3271598479299641,0.618,0.262,0.068571148689189,0.1126033903857177,0.0213122055436091,0.0207304215975455,0.157414546389103,0.26,0.5597014925373134,0.9433962264150944,1.7631135077840383,1.2350541378074964,1.1175344626918255,1.3154127110289542,-0.7598285076114173,-0.9920429785252632,0.1917044509133624,0.0372659516309059,1.6181911330829757,-0.5361306017005453,0.9206998587000668,0.6740974619604391,3.2,0.3585434173669468,0.3865546218487395,0.0,0.0656255080006548,0.0,0.2764117640545462,0.1076207290816924,0.0,0.5058145878096807,0.0445274110534257,6,0.5058145878096807,3.218875824868201,21.152635181382617,3.0,,True,2018-19,446.18,0.3105791080506706,0.2777818661999072,0.0897497360983339,0.0529818487172382,0.0,0.0963003178216003,0.0,0.1726071231122496,0,0.3105791080506706,name_year_team
2018,1,26,26,1629013.0,46052.0,Landry Shamet,2018.0,Wichita State,American,957,76.0,0.2686438856651623,0.65,0.207,0.2943447775557902,0.1625812906453226,0.0135417682299283,0.0072902238098709,0.055783516279529,0.324,0.4464285714285714,0.7972972972972973,-0.3006938623781243,0.4959028655307504,1.6339044794917768,0.2347389449387892,2.286244645359601,-0.0243267681803424,-0.6243815126920528,-0.5451265358793393,-0.9641725219173714,-0.1318833322607971,0.3692568026345388,0.2560358559469441,4.3,0.1875,0.625,0.1651130632201062,0.0,0.0,0.4166270511788475,0.0,0.4003463823752276,0.0042653689738758,0.0136481342519426,3,0.4166270511788475,3.258096538021482,21.27310061601643,3.0,PG,False,2018-19,1801.8933333333337,0.0939229008091463,0.0,0.0,0.0,0.0,0.8643853380169083,0.0,0.0416917611739452,5,0.8643853380169083,direct_athlete_id
2018,1,30,30,1629016.0,46039.0,Omari Spellman,2018.0,Villanova,Big East,1125,81.0,0.2288872561025389,0.592,0.184,0.0434880172336415,0.0983284169124877,0.0136419753086419,0.0548916252610355,0.1678737097753491,0.208,0.0,0.0,1.1734542591662778,-0.0062876853084784,0.6979838240418653,-0.2171791754261885,-1.0982429349417684,-1.2684476125841655,-0.6138573186099393,1.5175438978504965,1.8839501572828885,-0.8645815081203406,-1.804077594800189,-2.0254277426642218,2.8,,,0.0,0.0,0.4722496649831682,0.0,0.0136018416310152,0.1378228958391305,0.0226475019251077,0.3536780956215781,2,0.4722496649831682,3.4011973816621555,20.917180013689254,2.0,PF,True,2018-19,804.5416666666666,0.4882375322461729,0.0,0.4161251296566252,0.0398571413857547,0.0,0.0557801967114472,0.0,0.0,0,0.4882375322461729,direct_athlete_id
2018,2,2,32,1628975.0,48747.0,Jevon Carter,2018.0,West Virginia,Big 12,1278,73.0,0.2858596471300924,0.555,0.246,0.3493936410974453,0.142761679120345,0.0503131156590749,0.0126822675097657,0.0743288466728877,0.303,0.1526717557251908,0.6428571428571429,-1.1851827353047657,0.7133657850061489,0.1009309921169235,1.0010348881663609,3.0289481496509567,-0.4080915773426446,3.237509303536637,-0.311477761303604,-0.4929504244324881,-0.2645269675457146,-1.0608304115553358,-0.185894138941417,4.7,0.2854122621564482,0.3805496828752642,0.0240173169553164,0.0,0.0,0.0739646645569104,0.5940839577874847,0.3079340607002885,0.0,0.0,4,0.5940839577874847,3.4657359027997265,22.767967145790553,4.0,PG,True,2018-19,576.5016666666667,0.2397288808984191,0.0,0.0,0.604142981522964,0.0,0.0,0.0,0.156128137578617,3,0.604142981522964,direct_athlete_id
2018,2,3,33,1628973.0,46040.0,Jalen Brunson,2018.0,Villanova,Big East,1272,74.0,0.3526298642784855,0.641,0.264,0.2663225158856057,0.107530138729024,0.0171700296995108,0.0008228477563514,0.0564290705800139,0.313,0.1294117647058823,0.6470588235294118,-0.8903531109958851,1.5567816504428538,1.4886754122667905,1.3547099388867785,1.9081763147596984,-1.0902757542489332,-0.2433253200883905,-0.8253717589762457,-0.9477695005064496,-0.2013633316957539,-1.1740663059438163,-0.1738710434922484,5.9,0.2541322314049586,0.4132231404958678,0.0248947265591639,0.0,0.0,0.179682280806787,0.0,0.5388443168258228,0.053773333133586,0.2028053426746401,5,0.5388443168258228,3.49650756146648,21.804243668720055,3.0,PG,True,2018-19,1591.2583333333334,0.0,0.0197177046810175,0.0038008401076676,0.5447650118871827,0.0,0.1511514460729109,0.0527532899396785,0.2278117073115426,3,0.5447650118871827,direct_athlete_id
2018,2,4,34,1628984.0,46031.0,Devonte' Graham,2018.0,Kansas,Big 12,1444,73.0,0.2639232709073942,0.577,0.238,0.3117073439313704,0.1592920353982301,0.0233080146894513,0.0014739625719825,0.0596596414540397,0.415,0.0481927710843373,0.61,-1.1851827353047657,0.4362738639885252,0.4559353786668881,0.8438459767350638,2.520495419326568,-0.0880162310437162,0.4013132237799188,-0.797157562792472,-0.865683263645597,0.4429057539738444,-1.569462218884344,-0.2799147453539161,4.7,0.2309368191721132,0.5381263616557734,0.1737632600073858,0.0,0.0,0.0682574119125781,0.1205487040278828,0.4786731239646084,0.0,0.1587575000875447,5,0.4786731239646084,3.5263605246161616,23.326488706365502,4.0,PG,True,2018-19,676.095,0.1800263980075936,0.0,0.0,0.6014324891564105,0.0,0.0473246254570116,0.0,0.1712164873789842,3,0.6014324891564105,direct_athlete_id
2018,2,12,42,1628971.0,46075.0,Bruce Brown,2018.0,Miami,ACC,640,76.0,0.2069272813688212,0.494,0.208,0.2134180852453306,0.1642475171886936,0.0239158163265306,0.0254927276559865,0.1236860795454545,0.372,0.0,0.0,-0.3006938623781243,-0.2836776936986552,-0.8833993524079834,0.2543875588677013,1.1944048851399198,0.0079361805980473,0.4651472609972977,0.2436268486561004,0.7611776124877822,0.1713021198190138,-1.804077594800189,-2.0254277426642218,1.6,,,0.05353284101952,0.1262815331070148,0.244814144278422,0.0,0.1630508348326028,0.3523872160477158,0.0,0.0599334307147244,5,0.3523872160477158,3.737669618283368,21.848049281314168,2.0,SG,True,2018-19,1449.3166666666666,0.2494083433384328,0.0,0.2416339124947905,0.1499019840520436,0.0,0.0,0.0,0.359055760114733,7,0.359055760114733,direct_athlete_id
2018,2,15,45,1628977.0,48214.0,Hamidou Diallo,2018.0,Kentucky,SEC,837,77.0,0.244659848199215,0.513,0.223,0.0954893642536988,0.1225098540534782,0.0188199883230165,0.0166552276366964,0.0778500523621989,0.421,0.4021739130434782,0.9583333333333334,-0.0058642380692438,0.1929456702433438,-0.5768046549330124,0.5491167678013829,-0.3966556509382991,-0.8002252865316416,-0.0700393107151444,-0.1393209100685656,-0.4034793880368715,0.4808039354838209,0.1538132188888353,0.7168399443669963,1.5,0.3498098859315589,0.2585551330798479,0.0353552072507253,0.2236974176208403,0.0,0.0320720612006642,0.1623241112025357,0.0176305421675736,0.2943898642171465,0.2345307963405143,6,0.2943898642171465,3.80666248977032,19.890485968514717,2.0,SG,True,2018-19,526.28,0.1674663013008248,0.0,0.4134099743397831,0.0639077009725842,0.0,0.0321184047891819,0.0,0.3230976185976257,2,0.4134099743397831,direct_athlete_id
2018,2,17,47,1629004.0,46030.0,Sviatoslav Mykhailiuk,2018.0,Kansas,Big 12,1320,79.0,0.2408892379933017,0.564,0.212,0.1370972529662706,0.1178048426852254,0.0202221991605553,0.0096745543361035,0.0652640320148737,0.1169999999999999,0.0,0.0,0.5837950105485169,0.1453167631367961,0.246160059341908,0.3329820145833497,0.1647060696285248,-0.8913278688183062,0.0772271218337789,-0.441808399631921,-0.7232801562765085,-1.439370594354983,-1.804077594800189,-2.0254277426642218,3.1,,,0.0,0.0,0.1802248780719628,0.0,0.1106136693758838,0.2816594647979951,0.0,0.4275019877541584,7,0.4275019877541584,3.8501476017100584,21.02943189596167,4.0,SG,True,2018-19,440.13,0.1271282668767623,0.0,0.0,0.0619352063959056,0.0,0.5629782430273955,0.0,0.2479582836999363,5,0.5629782430273955,direct_athlete_id
2018,2,18,48,1628966.0,46698.0,Keita Bates-Diop,2018.0,Ohio State,Big Ten,1125,80.0,0.361025641025641,0.582,0.295,0.1054433413214652,0.0970205307961943,0.0166984966456099,0.0585495675316034,0.1557373128617209,0.2739999999999999,0.3583815028901734,0.9032258064516128,0.8786246348573974,1.6628338936979274,0.5366181937918806,1.9638169706830524,-0.2623594425475161,-1.2937720577778975,-0.2928478232796863,1.6760503522777197,1.5755739629392729,-0.4477015115106009,-0.0593800160965184,0.5591499371183564,4.5,0.2442105263157894,0.3621052631578947,0.0,0.0,0.0532437810175707,0.0,0.1491335040376453,0.0,0.5823379869042297,0.2152847280405543,6,0.5823379869042297,3.871201010907891,22.409308692676248,4.0,SF,True,2018-19,503.37666666666667,0.2773963896840361,0.0,0.2739460492306492,0.0867464360600965,0.0,0.204919583278775,0.0,0.156991541746443,0,0.2773963896840361,direct_athlete_id
2017,1,2,2,1628366.0,51221.0,Lonzo Ball,2017.0,UCLA,Pac-12,1262,78.0,0.2258814062746032,0.679,0.181,0.314425513603111,0.1873210978279171,0.0283756719218188,0.0209916470737685,0.0934645153962235,0.286,0.4678899082568807,0.7215189873417721,0.3152595928103908,0.014265079260526,2.174134769138655,-0.2946356471936093,2.5120423720930374,0.4191016772923289,0.9344259493616578,0.057668721350482,-0.0019289177934552,-0.4858337746518954,0.5104793956660538,0.082831340888011,4.5,0.3644314868804664,0.5626822157434402,0.1519383723371191,0.0,0.0578643128158352,0.4190971064562448,0.1004027085948117,0.2706974997959891,0.0,0.0,3,0.4190971064562448,0.6931471805599453,19.652292950034223,1.0,PG,True,2017-18,1780.0566666666666,0.2389421615617105,0.0,0.1036316441035835,0.4827560788414483,0.0,0.0,0.0,0.1746701154932574,3,0.4827560788414483,direct_athlete_id
2017,1,3,3,1628369.0,51900.0,Jayson Tatum,2017.0,Duke,ACC,966,80.0,0.3003858800669114,0.571,0.266,0.1239741999637913,0.1510453931155099,0.0239006211180124,0.0319993710197342,0.126193118223785,0.38,0.216,0.875,0.91010061963507,0.9250000674623056,0.4342538573536668,1.4085486147853397,-0.0450285796372007,-0.2806388087990354,0.4752540681094274,0.5377557023726185,0.8117069123889888,0.0905217181152678,-0.7320444275784561,0.5051658748088156,3.4,0.3561643835616438,0.3205479452054794,0.0376286835201291,0.0,0.052661471639616,0.0,0.2741745494566261,0.0,0.423438465401427,0.2120968299822016,6,0.423438465401427,1.0986122886681098,19.30458590006845,1.0,SF,True,2017-18,2442.911666666667,0.1689442597149228,0.0128881163973179,0.1419408800344631,0.0113485338806038,0.0,0.3419617070227105,0.2332486351277839,0.0896678678221976,5,0.3419617070227105,direct_athlete_id
2017,1,4,4,1628367.0,52700.0,Josh Jackson,2017.0,Kansas,Big 12,1077,80.0,0.2991706001421335,0.566,0.272,0.1815766643027622,0.1610974556566797,0.0309183556599553,0.0345446250334473,0.1327309718329878,0.4029999999999999,0.3440860215053763,0.8235294117647058,0.91010061963507,0.9101446112511812,0.3537038151413987,1.528773386219148,0.7283637666513989,-0.0867394708111724,1.1953232948122412,0.6487635111963344,0.9742385052272684,0.2315448706008497,-0.1002210478869781,0.3635339783514444,3.1,0.4441860465116279,0.2116279069767442,0.032007429909015,0.0161775619725642,0.0825842074927661,0.024671361417478,0.3694154264866194,0.0266502906482773,0.4029710242086187,0.0455226978646608,6,0.4029710242086187,1.3862943611198906,20.361396303901437,1.0,SF,True,2017-18,1959.2183333333332,0.0,0.0136756508235164,0.2045113500288131,0.4675185176401536,0.0,0.1731118196514235,0.0,0.1411826618560931,3,0.4675185176401536,direct_athlete_id
2017,1,5,5,1628368.0,51981.0,De'Aaron Fox,2017.0,Kentucky,SEC,1064,75.0,0.3073120501932676,0.556,0.2739999999999999,0.2858640849054674,0.1386940441270246,0.0270814067253695,0.0065106390245568,0.0721174196927928,0.474,0.1878172588832487,0.7647058823529411,-0.577001947426628,1.0096648553231624,0.1926037307168645,1.5688483100304151,2.1285658905342317,-0.518890250462435,0.8016251810245878,-0.573900844767793,-0.5326195197160734,0.6668772108824307,-0.8710643965967644,0.2016689538287346,3.5,0.4642857142857143,0.1540178571428571,0.0931100228091441,0.0,0.0,0.050371356626496,0.2257434385965569,0.3657124981139051,0.163848458420218,0.1012142254336797,5,0.3657124981139051,1.6094379124341005,19.50444900752909,1.0,PG,True,2017-18,2025.53,0.0,0.0,0.0432811810906034,0.7521908487539803,0.0,0.0,0.0,0.2045279701554161,3,0.7521908487539803,direct_athlete_id
2017,1,6,6,1628371.0,53069.0,Jonathan Isaac,2017.0,Florida State,ACC,839,82.0,0.252506582265486,0.622,0.203,0.0753779081611864,0.1348617666891436,0.0244032280100062,0.0620835267787247,0.166599818134063,0.461,0.4545454545454545,0.8387096774193549,1.5049416464597491,0.3397284790762608,1.2558642879188004,0.1461885147303542,-0.6975006668898048,-0.5928129956848771,0.5268250920474865,1.8498354370962344,1.8162208844533871,0.5871684725210148,0.4446538063863063,0.4053055975831116,2.9,0.4196078431372549,0.3490196078431372,0.0,0.0,0.3434105266542868,0.1193963379413667,0.1737566390606438,0.0,0.2934849811660678,0.0699515151776347,2,0.3434105266542868,1.791759469228055,19.718001368925393,1.0,SF,True,2017-18,535.4116666666666,0.4380334617299226,0.0862195852246321,0.1719491954049222,0.0491862567349629,0.0,0.0,0.0422436765147291,0.2123678243908308,0,0.4380334617299226,direct_athlete_id
2017,1,7,7,1628374.0,51944.0,Lauri Markkanen,2017.0,Arizona,Pac-12,1140,84.0,0.3038559421715605,0.643,0.2239999999999999,0.0563822948165432,0.0819403474270731,0.0078840826763264,0.0182716049382716,0.1402084179185275,0.436,0.396551724137931,0.9420289855072465,2.0997826732844285,0.967417748026654,1.594174465210326,0.5669752147486803,-0.9525429145157528,-1.6136411210836514,-1.16815612092399,-0.0609622348302736,1.1601284463746846,0.4338824372105989,0.1585820374582667,0.6896098973174832,5.1,0.2579787234042553,0.4335106382978723,0.0,0.0,0.0721948494658876,0.1591962149896202,0.0,0.0,0.4787154333054876,0.2898935022390044,6,0.4787154333054876,1.9459101490553132,20.084873374401095,1.0,PF,True,2017-18,2020.02,0.2277789835211,0.292500961433035,0.0543558512170579,0.0,0.0,0.4131649818312331,0.0121992219975738,0.0,5,0.4131649818312331,direct_athlete_id
2017,1,9,9,1628372.0,51915.0,Dennis Smith,2017.0,NC State,ACC,1114,75.0,0.2906247305253852,0.571,0.271,0.3421050506029545,0.1753246753246753,0.0312425292151632,0.012337784773288,0.0729678149715358,0.476,0.1538461538461538,0.4629629629629629,-0.577001947426628,0.8056807842026271,0.4342538573536668,1.5087359243135132,2.883678244102216,0.1876965928059976,1.2285857956693098,-0.319757769939901,-0.5114786212717126,0.6791400937072639,-1.0386372366626146,-0.6286386719636841,3.8,0.3783783783783784,0.371007371007371,0.1414557425800519,0.0,0.0211312158803959,0.0741618233931366,0.2172324926164519,0.4782842152949301,0.0677345102350332,0.0,5,0.4782842152949301,2.1972245773362196,19.57289527720739,1.0,PG,True,2017-18,2049.105,0.0,0.0,0.022320073377031,0.7069063555531154,0.0,0.0,0.1434093605578237,0.1273642105120297,3,0.7069063555531154,direct_athlete_id
2017,1,10,10,1628380.0,51200.0,Zach Collins,2017.0,Gonzaga,WCC,672,83.0,0.3311474553244852,0.717,0.247,0.0444501431807496,0.1806575936408527,0.0153173439463762,0.0982690622261174,0.1841768097373478,0.715,0.624,1.0,1.802362159872089,1.3010263844506271,2.7863150899518905,1.0278368385782803,-1.112748469187385,0.290565961834994,-0.4054509113418,3.4280185887526793,2.253186380065838,2.144554591274838,1.2805400518551775,0.8491290519195738,2.5,0.6038647342995169,0.1014492753623188,0.020589668363169,0.0,0.3953616202730294,0.0415967437927677,0.0,0.0,0.5424519675710339,0.0,6,0.5424519675710339,2.302585092994046,19.589322381930184,1.0,C,False,2017-18,1045.45,0.45821225549038,0.2781244073116112,0.1594955522198391,0.0803077780064722,0.0,0.0,0.0,0.0238600069716972,0,0.45821225549038,direct_athlete_id
2017,1,11,11,1628370.0,51980.0,Malik Monk,2017.0,Kentucky,SEC,1218,75.0,0.3367990078657221,0.592,0.273,0.1328826956533061,0.1065619742007851,0.0160691235741945,0.0154373772601971,0.0418525657247781,0.3229999999999999,0.3401360544217687,0.7884615384615384,-0.577001947426628,1.3701103786724147,0.7725640346451924,1.5488108481247826,0.0745802333238527,-1.138702061357963,-0.328313001376887,-0.1845732389011788,-1.2850063451896971,-0.2589704423924806,-0.1197054656486017,0.2670375214244443,4.4,0.2114695340501792,0.471326164874552,0.0,0.0011377725794247,0.0,0.1330210612121547,0.06318711452243,0.2795436156753661,0.2021922653297028,0.3209181706809215,7,0.3209181706809215,2.3978952727983707,19.378507871321013,1.0,SG,True,2017-18,853.505,0.1643112684843095,0.0,0.0,0.485316292814537,0.0,0.1548065849837314,0.0,0.1955658537174219,3,0.485316292814537,direct_athlete_id
2017,1,12,12,1628379.0,51895.0,Luke Kennard,2017.0,Duke,ACC,1314,77.0,0.3267222047939395,0.637,0.24,0.1362873732804698,0.0943577277379734,0.0139665144596651,0.0092672870546981,0.081883364469259,0.386,0.1904761904761904,0.7294117647058823,0.0178390793980511,1.2469325792791244,1.4975144145556043,0.8875746052388374,0.1202927153963772,-1.374115967716779,-0.5440555761506409,-0.4536733720379568,-0.2898373078513939,0.1273103665897676,-0.8579484052834551,0.1045499391151087,6.0,0.1901709401709401,0.4123931623931623,0.0202740389733791,0.0,0.0,0.1257168480714389,0.0159596887322755,0.2182386125093382,0.2677975321618227,0.3520132795517453,7,0.3520132795517453,2.4849066497880004,20.993839835728952,2.0,SG,True,2017-18,1462.7733333333333,0.0,0.0,0.0051358869106289,0.319089853560621,0.0,0.5942034407578417,0.0,0.0815708187709083,5,0.5942034407578417,direct_athlete_id
2017,1,13,13,1628378.0,51193.0,Donovan Mitchell,2017.0,Louisville,ACC,1098,75.0,0.2821913370417355,0.538,0.247,0.1597966202030286,0.1022793687901811,0.0372295904977972,0.0173863059512078,0.0829469447783604,0.243,0.1584158415841584,0.7848101265822784,-0.577001947426628,0.702591853781571,-0.0973764212473002,1.0278368385782803,0.4359367046868641,-1.22131141148669,1.842900652157892,-0.0995733519047696,-0.2633966115491165,-0.7494857553858103,-1.0160958576984818,0.2569899115770025,3.7,0.2579185520361991,0.5067873303167421,0.0,0.0,0.0,0.0045323947330761,0.4871659155218372,0.066431451332201,0.1610530797497358,0.2808171586631499,4,0.4871659155218372,2.5649493574615367,20.78850102669405,2.0,SG,True,2017-18,2638.11,0.0,0.0,0.0101013222546097,0.4305441463402294,0.0,0.201286269752695,0.2069773174851781,0.1510909441672875,3,0.4305441463402294,direct_athlete_id
2017,1,14,14,1628389.0,51978.0,Edrice Adebayo,2017.0,Kentucky,SEC,1146,81.0,0.2345249635923614,0.637,0.184,0.046908914039415,0.1416430594900849,0.012334618124578,0.0492217945102622,0.1423425481403971,0.831,0.0,0.0,1.2075211330474096,0.1199230306709905,1.4975144145556043,-0.2345232614767051,-1.0797360870750674,-0.4620051958508581,-0.7114996886405383,1.288888392476335,1.2131831039149703,2.855801795115166,-1.797530328455086,-1.902576364966492,3.1,,,0.1058446355710185,0.0,0.4684205656663253,0.0,0.0,0.0973534039004629,0.1552175105901309,0.1731638842720623,2,0.4684205656663253,2.6390573296152584,19.928815879534564,1.0,PF,True,2017-18,1368.185,0.0,0.2138109516241811,0.051754338629566,0.0951298858472134,0.4711566006206311,0.0,0.0044170872838584,0.1637311359945496,4,0.4711566006206311,direct_athlete_id
2017,1,15,15,1628382.0,52675.0,Justin Jackson,2017.0,North Carolina,ACC,1280,80.0,0.3165074132424033,0.559,0.258,0.1583199483222179,0.0942298098775012,0.0134316149792674,0.0078478138038942,0.0775870134730539,0.22,0.4716981132075472,0.8666666666666667,0.91010061963507,1.1220680229693207,0.2409337560442253,1.248248919540262,0.4161103527468148,-1.3765834402738584,-0.5989400481852691,-0.5155817766241637,-0.3966449564384803,-0.8905089078713927,0.5292645284557932,0.4822349963347651,4.6,0.2231543624161074,0.4765100671140939,0.0,0.1364424366678387,0.0,0.1926051146484607,0.0,0.2080147655893492,0.2762906064364472,0.1866470766579042,6,0.2762906064364472,2.70805020110221,22.236824093086927,3.0,SF,True,2017-18,1506.2583333333334,0.2810160750836044,0.0,0.1299384380973733,0.1113914122918735,0.0,0.3983715529473274,0.0,0.0792825215798213,5,0.3983715529473274,direct_athlete_id
2017,1,18,18,1628388.0,51220.0,TJ Leaf,2017.0,UCLA,Pac-12,1048,82.0,0.2953653423002275,0.665,0.22,0.1316582049737544,0.1084146443165707,0.0113899802688725,0.0352087951770972,0.149545371648907,0.278,0.0,0.0,1.5049416464597491,0.8636295326343751,1.9485946509443053,0.4868253671261437,0.0581397610188111,-1.1029649668572636,-0.8084262175946734,0.677730393061752,1.392245904605895,-0.5348853059512281,-1.797530328455086,-1.902576364966492,4.6,,,0.0,0.0,0.3325345135031933,0.0,0.0,0.2369908239302169,0.1490128168274838,0.2814618457391058,2,0.3325345135031933,2.8903717578961645,20.145106091718,1.0,PF,True,2017-18,459.24333333333334,0.1528835203183356,0.0841053736612381,0.1323478519483297,0.0828849435301428,0.0,0.2485202036006542,0.0,0.2992581069412995,7,0.2992581069412995,direct_athlete_id
2017,1,19,19,1628381.0,52044.0,John Collins,2017.0,Wake Forest,ACC,842,81.0,0.4022860936219647,0.664,0.299,0.0464842047697579,0.1145008539046731,0.0133000002078125,0.067970663142867,0.2120725675297543,0.584,0.6666666666666666,0.0,1.2075211330474096,2.1706177473955246,1.9324846425018516,2.069784857671284,-1.085438393431575,-0.985564980023208,-0.6124446551403734,2.1065949214183823,2.946677274546656,1.3413357662482597,1.491006402645623,-1.902576364966492,5.1,0.6011080332409973,0.0,0.0,0.0,0.3621672634036991,0.0,0.0,0.054800142386699,0.5830325942096019,0.0,6,0.5830325942096019,2.9444389791664403,19.745379876796715,2.0,PF,True,2017-18,1784.62,0.1681845370410198,0.0988883191987133,0.5242702059702388,0.0,0.1128091909162745,0.0326608840960001,0.0631868627777533,0.0,2,0.5242702059702388,direct_athlete_id
2017,1,22,22,1628386.0,52496.0,Jarrett Allen,2017.0,Texas,Big 12,1031,81.0,0.2633091155317241,0.585,0.228,0.053143631341439,0.1821773485513608,0.0115343277321938,0.0523858583581637,0.1538202285643488,0.45,0.5058823529411764,0.0,1.2075211330474096,0.4717775293682229,0.6597939755480172,0.6471250623712214,-0.9960264281569464,0.3198812859134524,-0.7936151463480963,1.4268847546631824,1.4985192085300576,0.5197226169844318,0.6978887204389815,-1.902576364966492,1.9,0.4635761589403973,0.0231788079470198,0.0,0.0651425401634885,0.5041791634026531,0.0,0.0,0.1621453020941926,0.1899305064427903,0.0786024878968754,2,0.5041791634026531,3.091042453358316,19.170431211498972,1.0,C,True,2017-18,1441.115,0.08895102684907,0.0040484149233195,0.6277839156700368,0.0,0.2105317244742874,0.068684918083286,0.0,0.0,2,0.6277839156700368,direct_athlete_id
2017,1,23,23,1628384.0,52695.0,OG Anunoby,2017.0,Indiana,Big Ten,402,79.0,0.2546713732110655,0.618,0.203,0.10899555592999,0.1537369914853358,0.0302541347317466,0.0545838916870754,0.1250167647002471,0.3929999999999999,0.4814814814814814,1.0,0.6126801062227304,0.3661906598813709,1.191424254148986,0.1461885147303542,-0.2461374868074436,-0.228719201265663,1.1271695270576336,1.5227490032801727,0.7824626644522641,0.1702304564766834,0.5775239773398703,0.8491290519195738,2.6,0.5163934426229508,0.3688524590163934,0.0356538177680956,0.0,0.1971304512375949,0.2219705018809547,0.2819339842494506,0.0,0.2247590639505604,0.0385521809133436,4,0.2819339842494506,3.1354942159291497,19.9315537303217,2.0,SF,True,2017-18,1481.4616666666666,0.6182660975983031,0.0,0.0894212779041829,0.0,0.0835057611375676,0.0968334677106707,0.0,0.1119733956492755,0,0.6182660975983031,direct_athlete_id
2017,1,27,27,1628398.0,53273.0,Kyle Kuzma,2017.0,Utah,Pac-12,857,81.0,0.3051274829329792,0.571,0.2689999999999999,0.15326167498574,0.1309357541899441,0.01138466450867,0.013292742935753,0.1785733759364878,0.351,0.3767123287671233,0.9629629629629628,1.2075211330474096,0.9829609308907724,0.4342538573536668,1.4686610005022416,0.3481960728846419,-0.6685438440962388,-0.8089716522097155,-0.2781085622135124,2.1138845425735355,-0.0872900828448145,0.060718166858671,0.7472140364793487,3.7,0.4666666666666667,0.2347826086956521,0.0041501144524729,0.1359195275036409,0.0,0.0478282768713733,0.0563996055139399,0.0502843805205905,0.5635536794539686,0.1418644156840136,6,0.5635536794539686,3.295836866004329,21.913757700205338,3.0,PF,True,2017-18,2400.905,0.2025068677142622,0.1663497096133434,0.108939643745076,0.1548923466362383,0.0,0.2860294892610936,0.046540739111417,0.0347412039185691,5,0.2860294892610936,direct_athlete_id
2017,1,30,30,1628404.0,51167.0,Josh Hart,2017.0,Villanova,Big East,1194,76.0,0.3486504688390405,0.626,0.2769999999999999,0.1878946785331806,0.1166228646517739,0.0288007200180004,0.0099589607824423,0.1216609362602486,0.367,0.3271604938271605,0.8513513513513513,-0.2795814340142885,1.514981412857523,1.3203043216886148,1.6289606957473193,0.8131918014520249,-0.9446324373354968,0.9780388919857675,-0.4235069585781842,0.6990364860384182,0.0108129797538515,-0.1837113770815897,0.4400917602202936,5.6,0.3434125269978402,0.3952483801295896,0.0,0.0,0.0,0.2033795797036521,0.2466905604755992,0.2080063763519504,0.295281647518621,0.046641835950177,6,0.295281647518621,3.4011973816621555,22.29705681040383,4.0,,True,2017-18,1460.5216666666668,0.3962823386987033,0.0,0.0598267244223533,0.0490472067556304,0.0718120968371959,0.243963316124999,0.0488028543225444,0.1302654628385735,0,0.3962823386987033,name_year_team
2017,2,3,33,1628411.0,52624.0,Wesley Iwundu,2017.0,Kansas State,Big 12,1063,78.0,0.2506696298576061,0.585,0.221,0.2245879091141327,0.1762448688202748,0.0196841543617727,0.0124167761409902,0.1225396554985325,0.479,0.0,0.0,0.3152595928103908,0.3172737626765264,0.6597939755480172,0.5068628290317785,1.305848912872028,0.2054466723430788,0.0426147400702301,-0.3163126683518605,0.7208815205088884,0.6975344179445139,-1.797530328455086,-1.902576364966492,2.7,,,0.1128035756191392,0.0,0.2848944036811728,0.0,0.0506640118320852,0.4257520008741253,0.0,0.1258860079934771,5,0.4257520008741253,3.49650756146648,22.50513347022587,4.0,,True,2017-18,1020.305,0.2341745349979833,0.0,0.2356459358456639,0.2206735678616328,0.0,0.0565361905660294,0.0,0.2529697707286903,7,0.2529697707286903,alias_recovery
2017,2,4,34,1628412.0,52701.0,Frank Mason,2017.0,Kansas,Big 12,1302,71.0,0.3257786198665146,0.631,0.255,0.2606709989681802,0.1259667213498945,0.0203735614719373,0.0015445909063404,0.0638334836674025,0.484,0.1823899371069182,0.5609756097560976,-1.7666840010759866,1.2353982946381608,1.4008543639008828,1.1881365338233578,1.7903140454633104,-0.7643940414243428,0.1133527883296343,-0.7904883119306984,-0.7385588688752341,0.7281916250065971,-0.8978363171162128,-0.3589367408596745,6.2,0.3658536585365853,0.3536585365853658,0.1020331266155274,0.0,0.0,0.2217536327163581,0.0104256925785369,0.5504959432991429,0.020092516534255,0.0951990882561797,5,0.5504959432991429,3.5263605246161616,23.21971252566735,4.0,,True,2017-18,983.9933333333332,0.0,0.0,0.0432243197131316,0.6728000794271736,0.0,0.0,0.0757202346530988,0.2082553662065959,3,0.6728000794271736,name_year_team
2017,2,5,35,1628397.0,52942.0,Ivan Rabb,2017.0,California,Pac-12,1012,82.0,0.2703029311479554,0.55,0.238,0.1078962907295077,0.1452480055497745,0.0130668816309548,0.0329963270337938,0.1827915882861141,0.599,0.4962406015037593,1.0,1.5049416464597491,0.557269208706698,0.0959436800621429,0.8474996814275679,-0.2608966347423564,-0.3924675610029933,-0.6363642708460867,0.5812365895524928,2.218749657807962,1.4333073874345093,0.6503278398078476,0.8491290519195738,2.6,0.4,0.0666666666666666,0.0612580677206439,0.2074768408998909,0.1039837159570561,0.0395431767975267,0.0172137864045777,0.0,0.5705244122203045,0.0,6,0.5705244122203045,3.5553480614894135,20.37782340862423,3.0,PF,True,2017-18,515.61,0.0469105072451176,0.3029830635158754,0.0,0.2140744137549486,0.3955077314922962,0.0,0.0,0.040524283991762,4,0.3955077314922962,direct_athlete_id
2017,2,7,37,1628400.0,52385.0,Semi Ojeleye,2017.0,SMU,American,1195,78.0,0.364396397524766,0.63,0.258,0.0929556644075016,0.0866010807814881,0.0081735915150335,0.0156206415620641,0.1188886038550337,0.508,0.5581395348837209,0.8591549295774648,0.3152595928103908,1.707458017897323,1.384744355458429,1.248248919540262,-0.4614951018183563,-1.523737869063708,-1.1384504652931724,-0.1765804144222635,0.6301160683247979,0.8753462189045963,0.9556632138617868,0.4615649086961841,6.3,0.3041362530413625,0.4063260340632603,0.0,0.0059157607107406,0.0,0.2168365085614542,0.0,0.0851872538374994,0.4937198280806939,0.1983406488096117,6,0.4937198280806939,3.610917912644224,22.546201232032853,1.0,,False,2017-18,1150.21,0.6370367135333128,0.0,0.0849332031276868,0.0012419827302934,0.0,0.1204010652030377,0.0,0.1563870354056692,0,0.6370367135333128,name_year_team
2017,2,8,38,1628395.0,53000.0,Jordan Bell,2017.0,Oregon,Pac-12,1126,79.0,0.2226930241703018,0.666,0.179,0.1140135151027578,0.189642965510266,0.0255357733924467,0.0850549781742453,0.1764430132878668,0.435,0.4761904761904761,1.0,0.6126801062227304,-0.024709374088925,1.9647046593867588,-0.3347105710048787,-0.1787644800664507,0.463889361875365,0.6430322630177916,2.8517041980051654,2.060923547222376,0.4277509957981823,0.5514244794739916,0.8491290519195738,2.9,0.6691449814126395,0.0520446096654275,0.0657004849276393,0.0,0.3873047899504641,0.1647680772707276,0.1735574679173045,0.0,0.2086691799338644,0.0,2,0.3873047899504641,3.6375861597263857,22.455852156057496,3.0,,True,2017-18,808.9133333333333,0.0230052202980164,0.0285485089202256,0.0037632420509475,0.0,0.6156466825385817,0.0,0.1066129779277855,0.2224233682644431,4,0.6156466825385817,name_year_team
2017,2,9,39,1628393.0,52430.0,Jawun Evans,2017.0,Oklahoma State,Big 12,935,72.0,0.3620969726802855,0.541,0.3279999999999999,0.4369477911646586,0.1371867569050667,0.0336979012710611,0.0046477850399419,0.0675485505206867,0.396,0.0628571428571428,0.3888888888888889,-1.469263487663647,1.6793500862253732,-0.0490463959199394,2.6508712529346883,4.157072542301225,-0.5479650789663559,1.4805243446399303,-0.6551466999462919,-0.6462019931698749,0.1886247807139339,-1.487468293808448,-0.8324687028441332,5.0,0.3921161825726141,0.1970954356846473,0.0187012374236544,0.0,0.0,0.0,0.2360839475899357,0.7452148149864097,0.0,0.0,5,0.7452148149864097,3.6635616461296463,20.90622861054073,2.0,PG,True,2017-18,777.8583333333333,0.0393137510561732,0.0,0.0,0.5509047496375956,0.0,0.0,0.0,0.4097814993062311,3,0.5509047496375956,direct_athlete_id
2017,2,10,40,1628407.0,53071.0,Dwayne Bacon,2017.0,Florida State,ACC,1008,78.0,0.3308968787040695,0.548,0.295,0.1162081841042444,0.1143832968166,0.01921387790953,0.0042183413481818,0.0812118801378944,0.282,0.25,0.6842105263157895,0.3152595928103908,1.2979633617377346,0.0637236631772357,1.9896350100487452,-0.1492980287980065,-0.9878325983811118,-0.0056389519551726,-0.6738763053132278,-0.3065304650351235,-0.5103595403015619,-0.5643290542923199,-0.019830553412868,3.2,0.3067484662576687,0.3496932515337423,0.0,0.0391897191918497,0.0,0.0,0.148929365535966,0.186845555942024,0.3157788500319418,0.3092565092982183,6,0.3157788500319418,3.688879454113936,21.812457221081452,2.0,SF,True,2017-18,712.9983333333333,0.1995674826514521,0.0,0.0709058593092373,0.4646021444766907,0.0,0.2106054276604643,0.0,0.0543190859021556,3,0.4646021444766907,direct_athlete_id
2017,2,11,41,1628416.0,53001.0,Tyler Dorsey,2017.0,Oregon,Pac-12,1169,76.0,0.2868393473037843,0.612,0.2289999999999999,0.1070392427883388,0.1123467133825881,0.0150590671461191,0.0037239250884283,0.0670866348753336,0.3429999999999999,0.3069306930693069,0.7727272727272727,-0.2795814340142885,0.7594086508905493,1.0947642034942644,0.6671625242768539,-0.272403682673533,-1.0271172902535126,-0.4319519388065577,-0.6954396012932571,-0.6576852551215471,-0.1363416141441479,-0.2835010413641654,0.2237414571727405,3.7,0.2716049382716049,0.5135802469135803,0.0463675277037173,0.0,0.0,0.1843398720836103,0.0569884319786388,0.1709254132382884,0.1904526180422127,0.3509261369535324,7,0.3509261369535324,3.713572066704308,21.34154688569473,2.0,PG,True,2017-18,974.21,0.1447879177653753,0.0,0.026247109346342,0.4132793809128348,0.0,0.4080990681318761,0.0,0.0075865238435717,3,0.4132793809128348,direct_athlete_id
2017,2,14,44,1628422.0,52378.0,Damyean Dotson,2017.0,Houston,American,1098,77.0,0.3191231817446854,0.613,0.2319999999999999,0.0686625205943033,0.0678565553544991,0.0166776314317297,0.0055412388916487,0.1153680031835696,0.123,0.3,0.9423076923076924,0.0178390793980511,1.1540429068226772,1.110874211936718,0.727274909993758,-0.7876639855288525,-1.8853105369917036,-0.2658757889404291,-0.6161799194879466,0.5425936383219102,-1.4852587248758056,-0.3176887994597668,0.6903768163299934,5.1,0.1274038461538461,0.5697115384615384,0.0,0.0,0.0,0.1610934170495187,0.1121899248100317,0.0357691994135873,0.2815839352497736,0.4093635234770886,7,0.4093635234770886,3.784189633918261,23.129363449691994,2.0,,False,2017-18,474.06166666666667,0.2339337873781936,0.0204837835323733,0.0575537203783091,0.1760296339584483,0.0,0.4161047884098909,0.0,0.0958942863427845,5,0.4161047884098909,name_year_team
2017,2,15,45,1628415.0,53003.0,Dillon Brooks,2017.0,Oregon,Pac-12,886,78.0,0.373819980603001,0.591,0.316,0.230777230704276,0.1310425160163075,0.0251675651153086,0.0196535820694028,0.0740903202669254,0.299,0.3221476510067114,0.7192982456140351,0.3152595928103908,1.822650923594496,0.7564540262027388,2.410421710067074,1.3889490718924316,-0.6664844610224213,0.6052514880683013,-0.000689172752843,-0.4835730448341696,-0.4061250362904791,-0.2084387536950117,0.0767205138462921,3.7,0.3056872037914692,0.3364928909952606,0.0,0.0,0.0,0.1290730552686714,0.1627021895427911,0.3551532229406003,0.2815496259314353,0.0715219063165017,5,0.3551532229406003,3.80666248977032,21.415468856947296,3.0,SF,True,2017-18,2349.8316666666665,0.103681562411678,0.0020328666895224,0.0738269580722873,0.3719784117752505,0.0,0.2355329775404518,0.0,0.2129472235108098,3,0.3719784117752505,direct_athlete_id
2017,2,16,46,1628425.0,52387.0,Sterling Brown,2017.0,SMU,American,1143,77.0,0.2692600749508743,0.588,0.2189999999999999,0.1794210193555001,0.1454856653829696,0.0284848114915868,0.0221638961796442,0.117564585610731,0.313,0.2989690721649484,0.7666666666666667,0.0178390793980511,0.5445214423243406,0.708124000875378,0.4667879052205068,0.699421267009065,-0.3878832198158888,0.9456244415724738,0.1087947794718815,0.5972008629597606,-0.3202848565166463,-0.3227741655387888,0.2070644546461585,3.7,0.2660818713450292,0.3859649122807017,0.0436668384970569,0.0,0.0768733834644186,0.1438499689015217,0.3053737124972915,0.0985267045642321,0.1899187688375175,0.1417906232379613,4,0.3053737124972915,3.828641396489095,22.362765229295004,4.0,,False,2017-18,776.4466666666667,0.3800738608540611,0.0,0.0884557630003704,0.0840741458829869,0.0,0.1736508063833046,0.0,0.2737454238792768,0,0.3800738608540611,name_year_team
2017,2,18,48,1628414.0,51463.0,Sindarius Thornwell,2017.0,South Carolina,SEC,1064,77.0,0.3604135482826975,0.6,0.291,0.1879618993402527,0.1208343932841516,0.0358644883434094,0.0331000082108547,0.1180062983052194,0.59,0.2773722627737226,0.896551724137931,0.0178390793980511,1.6587720803575674,0.9014441021848212,1.9094851624262064,0.8140943332846038,-0.8633941232690651,1.7028315106414291,0.5857585037582205,0.6081818778468225,1.3781244147227596,-0.4293070169752288,0.5644698708623946,5.6,0.3416856492027335,0.337129840546697,0.0215132450782164,0.0,0.0,0.0340542147138388,0.4052453108336053,0.0717247407468738,0.4583036488218657,0.0091588398055998,6,0.4583036488218657,3.871201010907891,22.600958247775495,4.0,,True,2017-18,1155.88,0.2966795449541025,0.0,0.1771124090343879,0.1009213685666627,0.0,0.0063195568952974,0.0,0.4189671205495495,7,0.4189671205495495,name_year_team
