PLAYER_ID,PLAYER_NAME,SEASON,TEAM_ABBREVIATION,MIN,arch_0,arch_1,arch_2,arch_3,arch_4,arch_5,arch_6,arch_7
1631260,AJ Green,2025-26,MIL,2269.9333333333334,0.3273154891582801,0.0,0.0,0.0433716798680703,0.0,0.6293128309736495,0.0,0.0
1642358,AJ Johnson,2025-26,DAL,453.43333333333334,0.0,0.0,0.0840781535335022,0.5427716140009275,0.0,0.0,0.0,0.3731502324655704
203932,Aaron Gordon,2025-26,DEN,1004.9583333333334,0.2000165666223499,0.322203246259809,0.0104854739030516,0.0,0.0436508937927952,0.1884482775348352,0.2351955418871589,0.0
1628988,Aaron Holiday,2025-26,HOU,780.7316666666667,0.3830259794475018,0.0,0.0,0.5154838870188433,0.0,0.0388662781592345,0.0,0.0626238553744204
1630174,Aaron Nesmith,2025-26,IND,1334.95,0.0,0.0133938965793456,0.0919315235913226,0.0992145359729011,0.0,0.7222167929027591,0.0,0.0732432509536714
1630598,Aaron Wiggins,2025-26,OKC,1413.98,0.2606186477910205,0.0,0.1270271016021003,0.2359178617479403,0.0,0.1538785023870525,0.0561197383643759,0.1664381481075102
1642846,Ace Bailey,2025-26,UTA,1987.6433333333337,0.0,0.0371695461443459,0.1144176278326291,0.1911317707153451,0.0,0.6572810553076798,0.0,0.0
1641737,Adem Bona,2025-26,PHI,1234.1616666666666,0.0639456658318999,0.0,0.665141111190365,0.0,0.2357997634983732,0.0,0.0,0.0351134594793618
1642349,Ajay Mitchell,2025-26,OKC,1472.7983333333334,0.0,0.0,0.0753436767660466,0.3421712280010555,0.0,0.0393315474952603,0.2402838860101255,0.3028696617275121
201143,Al Horford,2025-26,GSW,969.185,0.4866025791935698,0.3618364288516051,0.0539510352428849,0.0,0.0,0.0976099567119402,0.0,0.0
1627936,Alex Caruso,2025-26,OKC,1020.3466666666668,0.4796581229494487,0.0,0.0754288867438277,0.0,0.0,0.0,0.1100053741607507,0.3349076161459727
1642259,Alex Sarr,2025-26,WAS,1304.6616666666666,0.1303587092940797,0.4270056568465904,0.2753484304704113,0.0118631156201717,0.0,0.0471390198738951,0.1082850678948515,0.0
1630578,Alperen Sengun,2025-26,HOU,2397.695,0.0,0.6224753071611088,0.0,0.0,0.0,0.0,0.2497994834582162,0.1277252093806749
1641708,Amen Thompson,2025-26,HOU,2953.15,0.0,0.0,0.3388650832463313,0.1545051196189696,0.0,0.0019642346919223,0.258963724208437,0.2457018382343397
1629599,Amir Coffey,2025-26,PHX,490.50166666666667,0.218381171803079,0.0,0.0995772601006109,0.2207349622296478,0.0,0.4335991563921466,0.0,0.0277074494745156
203083,Andre Drummond,2025-26,PHI,1230.7483333333332,0.226297419601423,0.0,0.7737025803985769,0.0,0.0,0.0,0.0,0.0
1641748,Andre Jackson Jr.,2025-26,MIL,408.10833333333335,0.1131730702313402,0.0,0.0319273949393023,0.2285143841270806,0.0,0.0,0.0,0.6263851507022768
1629614,Andrew Nembhard,2025-26,IND,1785.5933333333332,0.0,0.0,0.0,0.7835963033367036,0.0072049012838108,0.0692896303541358,0.1399091650253497,0.0
203952,Andrew Wiggins,2025-26,MIA,2062.598333333334,0.3139031163484488,0.1267939008484511,0.1037351842133219,0.067153113945961,0.0,0.1158675400672521,0.2074748944457998,0.065072250130765
1629014,Anfernee Simons,2025-26,CHI,1371.9333333333334,0.0243139928587858,0.0,0.0,0.5007621426793596,0.0,0.2971474125026312,0.1777764519592232,0.0
1641710,Anthony Black,2025-26,ORL,1910.05,0.1040026740779002,0.0,0.1288341962618215,0.2447967164192827,0.0,0.1187672120728126,0.1311215862330629,0.2724776149351199
203076,Anthony Davis,2025-26,WAS,625.63,0.048244543042093,0.4578647772366431,0.2173850598830701,0.0132448205319489,0.0,0.0181142438358629,0.2451465554703818,0.0
1630162,Anthony Edwards,2025-26,MIN,2136.5933333333332,0.0,0.0368934699812102,0.0,0.176709871962459,0.0,0.2371993034988201,0.5491973545575105,0.0
1630264,Anthony Gill,2025-26,WAS,950.9466666666668,0.1888515112042958,0.0774443569298459,0.2004701051482868,0.0,0.1792883790273608,0.0791557131048416,0.0,0.2747899345853688
1630574,Ariel Hukporti,2025-26,NYK,497.96166666666664,0.0,0.1599389183421724,0.0878723264279805,0.0,0.2401070636088615,0.0,0.0,0.5120816916209855
1642854,Asa Newell,2025-26,ATL,499.90833333333336,0.4193905027780138,0.0003017459710447,0.3372575062507719,0.0,0.1091686418806009,0.0969965196639756,0.0138668476535635,0.0230182358020292
1641709,Ausar Thompson,2025-26,DET,1895.61,0.0,0.0,0.3913872012944067,0.0,0.0,0.0,0.1950129086007838,0.4135998901048096
1630559,Austin Reaves,2025-26,LAL,1761.65,0.0,0.0092150537423044,0.0014961735149209,0.292752772730179,0.0214714490487164,0.1558864229244296,0.3691509694352349,0.1500271586042145
1630245,Ayo Dosunmu,2025-26,MIN,1881.0433333333333,0.1408685366793537,0.0,0.0534567616997965,0.2493389171396444,0.0719819909525996,0.1788003456540272,0.1095300703932779,0.1960233774813003
1628389,Bam Adebayo,2025-26,MIA,2364.685,0.224229152366281,0.3941415964737451,0.0426718637330589,0.0,0.0,0.133311426250179,0.1744220553947433,0.0312239057819924
1631248,Baylor Scheierman,2025-26,BOS,1429.3033333333333,0.560553804670994,0.0363953882330189,0.0466224966547286,0.1205915106734712,0.0,0.229857316013811,0.0018075626127458,0.0041719211412302
1642879,Ben Saraf,2025-26,BKN,916.3183333333334,0.0,0.0,0.0515363003089554,0.5571648833426155,0.0,0.0,0.0,0.391298816348429
1641767,Ben Sheppard,2025-26,IND,1390.4766666666667,0.3075083918323901,0.0,0.080421545659408,0.078549450508745,0.0,0.3741574645600216,0.0,0.1593631474394353
1631097,Bennedict Mathurin,2025-26,LAC,1620.015,0.0,0.0414490758608986,0.0075353970177182,0.4195394415877311,0.0851244036105671,0.2306368073248936,0.1423292608277152,0.0733856137704761
1643016,Bez Mbeng,2025-26,UTA,492.185,0.0,0.0,0.0,0.0,0.0,0.0,0.0,1.0
1641731,Bilal Coulibaly,2025-26,WAS,1467.605,0.0689251952381335,0.0,0.2127023261824554,0.2856085818125269,0.0,0.1209796696532526,0.0878994881140944,0.2238847389995371
1631104,Blake Wesley,2025-26,POR,360.8183333333333,0.0560149359586689,0.0,0.0622721138012739,0.4627763033477918,0.0,0.0,0.0721288344716472,0.3468078124206178
1626171,Bobby Portis Jr.,2025-26,MIL,1619.3133333333333,0.3008162215024181,0.4880978322383096,0.0,0.0,0.0,0.1331063573606906,0.0779795888985816,0.0
203992,Bogdan Bogdanović,2025-26,LAC,452.06,0.2119087940425777,0.0,0.0,0.6453091184191145,0.0310819140211691,0.1117001735171386,0.0,0.0
1630538,Bones Hyland,2025-26,MIN,1176.9183333333333,0.1728379224274469,0.0,0.0,0.3651049042924215,0.0,0.231247434225564,0.1617832494944819,0.0690264895600854
1642382,Branden Carlson,2025-26,OKC,488.2033333333333,0.2324611613448469,0.1750493857983563,0.3466891592117224,0.0,0.0594066134412726,0.1863936802038016,0.0,0.0
1641764,Brandin Podziemski,2025-26,GSW,2332.673333333333,0.063751358330418,0.002636727878189,0.0515198439122242,0.3366301159071211,0.0,0.3084796168089901,0.1204004161663551,0.1165819209967022
1627742,Brandon Ingram,2025-26,TOR,2603.8633333333332,0.0,0.1690749767419718,0.0,0.2347673982301844,0.0,0.3161969876885445,0.279960637339299,0.0
1641706,Brandon Miller,2025-26,CHA,1968.3116666666667,0.0130976078562238,0.0936364524748416,0.0439571880774377,0.3803723181279752,0.0,0.3166752844989081,0.1522611489646135,0.0
1630314,Brandon Williams,2025-26,DAL,1462.645,0.0,0.0,0.069105634041654,0.4520731993666316,0.0,0.0,0.2330456213562118,0.2457755452355025
1641729,Brice Sensabaugh,2025-26,UTA,1761.8666666666666,0.0,0.0898727968747261,0.0088981168338671,0.2944412120799066,0.0,0.4994492994537599,0.0241959784047659,0.0831425963529742
1642355,Bronny James,2025-26,LAL,375.4916666666667,0.1433673981835881,0.0,0.0,0.4142702922977478,0.0,0.0,0.0,0.442362309518664
201572,Brook Lopez,2025-26,LAC,1635.2733333333333,0.4958234380178538,0.4820940675480507,0.0159826350291191,0.0,0.0,0.0060998594049763,0.0,0.0
1642964,Brooks Barnhizer,2025-26,OKC,347.88166666666666,0.1512268940671826,0.0,0.1548084595611303,0.2371267773115162,0.0,0.0167937522501452,0.0,0.4400441168100255
1628971,Bruce Brown,2025-26,DEN,1997.7883333333336,0.1168281991599506,0.0,0.2313336178010639,0.2417846537740136,0.0,0.0442935940586528,0.005434513503674,0.3603254217026449
1631121,Bryce McGowens,2025-26,NOP,879.9333333333333,0.1778609423207294,0.0,0.0969348121145892,0.0353012251831288,0.0069188846358644,0.3054287547681615,0.0822828458745374,0.2952725351029889
1642267,Bub Carrington,2025-26,WAS,2270.65,0.1370976508771589,0.0,0.0,0.8384621249360233,0.0076446809002642,0.0167955432865536,0.0,0.0
1627741,Buddy Hield,2025-26,ATL,819.2716666666666,0.1881383984961244,0.0,0.0142789301347045,0.0857102550703967,0.0,0.4848376589889628,0.0325707139837869,0.1944640433260246
203468,CJ McCollum,2025-26,ATL,2263.3716666666664,0.0,0.0,0.0071453321201046,0.5024925760621235,0.0,0.3267560867608142,0.1636060050569577,0.0
1630595,Cade Cunningham,2025-26,DET,2171.6716666666666,0.0,0.0416336735485719,0.0325051444900218,0.4343417361415044,0.0,0.0,0.4429516126723396,0.0485678331475621
1631126,Caleb Love,2025-26,POR,1012.6083333333332,0.1916129757253744,0.0,0.0001427894706498,0.6085418613878631,0.0,0.167223152996983,0.0,0.0324792204191294
1628997,Caleb Martin,2025-26,DAL,856.2116666666667,0.2687007483190632,0.0,0.1450612862054082,0.2345569598216038,0.0,0.0,0.0388919636777083,0.3127890419762164
1642353,Cam Christie,2025-26,LAC,479.75,0.0,0.0792036589345159,0.0315645546063329,0.1344832989983332,0.0,0.1431294402826017,0.0,0.611619047178216
1642285,Cam Spencer,2025-26,MEM,1714.4516666666666,0.0981118781208172,0.0,0.0,0.4234451072823762,0.0,0.3138297825920432,0.1646132320047633,0.0
1630560,Cam Thomas,2025-26,MIL,880.5266666666666,0.0,0.0293684642123496,0.0,0.8051720466739919,0.0,0.0574282335222759,0.1080312555913825,0.0
1641715,Cam Whitmore,2025-26,WAS,353.98333333333335,0.0704032181683553,0.0179143106984312,0.1052683466631857,0.201349107780986,0.0769138304348357,0.1483996402791146,0.1048615997660398,0.2748899462090514
1629661,Cameron Johnson,2025-26,DEN,1647.0316666666668,0.1439721573780787,0.0,0.0795735503316421,0.124524443426116,0.0639553798577014,0.5613734986066538,0.0,0.0266009703998077
1626166,Cameron Payne,2025-26,PHI,374.33666666666664,0.1618032452927758,0.0,0.0,0.3012082432432372,0.0,0.0,0.2311977068773226,0.3057908045866642
1627747,Caris LeVert,2025-26,DET,1154.415,0.1690880525421053,0.0,0.0714899768316406,0.4259657308140704,0.0368600462172634,0.013193752924216,0.0706099850013968,0.2127924556693071
1642868,Carter Bryant,2025-26,SAS,817.865,0.5489716189622105,0.020033362345408,0.2369061875887647,0.1208010066855439,0.0,0.0732878244180728,0.0,0.0
1641717,Cason Wallace,2025-26,OKC,2046.07,0.295123216625304,0.0,0.043348799525966,0.0454587817267703,0.0,0.0692212247264896,0.1283918799858435,0.4184560974096265
1642907,Cedric Coward,2025-26,MEM,1597.9466666666667,0.1170957267115929,0.0890608423368704,0.1471603143329975,0.3126916207676476,0.0029248660715349,0.2122696838580917,0.0681161687267257,0.0506807771945388
1643052,Chaney Johnson,2025-26,BKN,347.5833333333333,0.1030391584907757,0.0213838702998921,0.0236963009725288,0.0,0.1391503773513007,0.0,0.219224423455184,0.4935058694303186
1631096,Chet Holmgren,2025-26,OKC,1997.2683333333337,0.1069303160787028,0.2699323833212035,0.2125020010427132,0.0,0.1023572430021781,0.1584787591137278,0.1497992974414743,0.0
1631128,Christian Braun,2025-26,DEN,1399.138333333333,0.1718748838582187,0.0,0.1499428465062572,0.0449975888383685,0.1451797722487077,0.2882897640629966,0.0,0.1997151444854509
1631132,Christian Koloko,2025-26,ATL,356.66833333333335,0.0595800485448203,0.0534145199949382,0.5574326595641816,0.0,0.0,0.0,0.0,0.3295727718960597
203991,Clint Capela,2025-26,HOU,925.6616666666666,0.0,4.2246837044141884e-14,0.9999999999999284,0.0,0.0,0.0,2.9420237936559803e-14,0.0
1629632,Coby White,2025-26,CHA,1249.7883333333334,0.013554717826805,0.0,0.0,0.6805108047054893,0.0737509439480257,0.1384369835460517,0.0937465499736281,0.0
1642262,Cody Williams,2025-26,UTA,1630.5416666666667,0.0564171710793036,0.0,0.2254169775762594,0.210678306893771,0.0,0.2048671487161819,0.0,0.3026203957344839
1630175,Cole Anthony,2025-26,MIL,526.635,0.0,0.0,0.0221424120970095,0.8675017022973242,0.0,0.0,0.0,0.1103558856056661
1631221,Collin Gillespie,2025-26,PHX,2281.8016666666667,0.1499795742556625,0.0,0.0,0.511533087256603,0.0,0.2759023018699909,0.0625850366177434,0.0
1642867,Collin Murray-Boyles,2025-26,TOR,1245.6,0.1112523967447843,0.0942526812824333,0.34254164720811,0.0,0.2014793617976477,0.0842528566691658,0.0097131162154324,0.1565079400824264
1629012,Collin Sexton,2025-26,CHI,1613.2033333333334,0.0365610525087787,0.0,0.0100432174727505,0.3748285925008569,0.0217928249898932,0.0484697157828741,0.2329043275747191,0.2754002691701274
1642843,Cooper Flagg,2025-26,DAL,2343.858333333333,0.0,0.0922832593452288,0.1221937804074958,0.3458499647675027,0.0,0.0864564500290726,0.3086284513156254,0.0445880941350745
1630557,Corey Kispert,2025-26,ATL,1079.6066666666666,0.0527405737792339,0.0,0.0508626972261969,0.0570120830959423,0.0445473908385169,0.742008930987109,0.0,0.0528283240730008
1641854,Craig Porter Jr.,2025-26,CLE,1147.6616666666666,0.1523272529066597,0.0,0.1633909923846054,0.3766878938618638,0.0,0.0,0.0438170175430626,0.2637768433038084
1626156,D'Angelo Russell,2025-26,WAS,494.775,0.0,0.0,0.0,1.0,0.0,0.0,0.0,0.0
1631342,Daeqwon Plowden,2025-26,SAC,844.3683333333333,0.4057201631058652,0.0213956603915827,0.0566537260790754,0.0865465674486169,0.0,0.2976348362954536,0.0,0.1320490466794059
1631207,Dalen Terry,2025-26,PHI,551.0266666666666,0.3244092629399239,0.0,0.1288616232418792,0.1564110806490029,0.0,0.0,0.0206077478703004,0.3697102852988933
1642261,Dalton Knecht,2025-26,LAL,552.9283333333333,0.171836966217274,0.0169116328312568,0.0455297570656686,0.1765172418058268,0.0,0.5216607742518975,0.0,0.067543627828076
1629655,Daniel Gafford,2025-26,DAL,1194.4383333333333,0.0,0.2401305736301922,0.0,0.0,0.6616674969788191,0.0,0.0058739081287478,0.0923280212622406
1642450,Daniss Jenkins,2025-26,DET,1455.3,0.0,0.0,0.048990643615891,0.601298621671457,0.0,0.0,0.1047550447091018,0.24495569000355
1642874,Danny Wolf,2025-26,BKN,1187.1616666666666,0.2361494067943629,0.1374279586700703,0.2048953131074624,0.2793935701424592,0.0,0.1421337512856451,0.0,0.0
1629636,Darius Garland,2025-26,LAC,1344.2766666666666,0.0,0.0,0.0,0.7605895105518204,0.0129671292441388,0.0254678678700998,0.1441315333022318,0.0568439590317089
1630558,Davion Mitchell,2025-26,MIA,2000.255,0.2091295834835042,0.0,0.0,0.3272388539829836,0.0,0.0,0.1672096547365491,0.2964219077969628
1630549,Day'Ron Sharpe,2025-26,BKN,1159.915,0.0,0.2155737269328241,0.4488287429562174,0.0,0.0690568347385832,0.0,0.0603074176446475,0.2062332777277276
1628368,De'Aaron Fox,2025-26,SAS,2231.065,0.0,0.0,0.0043158754916257,0.4404629321452764,0.0,0.1373350582301871,0.2706431321467379,0.1472430019861726
1629631,De'Andre Hunter,2025-26,SAC,1175.486666666667,0.0251428062245505,0.0588599837063803,0.0608229446830071,0.3974796862618284,0.0,0.4215993645663129,0.0,0.0360952145579206
1629001,De'Anthony Melton,2025-26,GSW,1125.256666666667,0.0387562000274173,0.0,0.0195078716765355,0.3487727009189528,0.0,0.0768507593134283,0.1070442988765793,0.4090681691870865
201942,DeMar DeRozan,2025-26,SAC,2405.515,0.0,0.1321036693525442,0.0,0.2237433158543028,0.0,0.2447324099593281,0.3994206048338248,0.0
1629731,Dean Wade,2025-26,CLE,1317.6833333333334,0.6161817290141679,0.0,0.1880016150873535,0.0,0.0281922911652743,0.167624364733204,0.0,0.0
1629028,Deandre Ayton,2025-26,LAL,1958.385,0.0,0.437937121938594,0.0,0.0,0.4957571163221406,0.0382413528438279,0.0,0.0280644088954374
1627749,Dejounte Murray,2025-26,NOP,389.4166666666667,0.0,0.0,0.0,0.3982252142669579,0.0,0.0,0.3499637191052317,0.2518110666278104
1630166,Deni Avdija,2025-26,POR,2199.385,0.0,0.0767445215665875,0.085760402999604,0.4035052856426369,0.057717608347067,0.0788502901330723,0.2974218913110322,0.0
203471,Dennis Schröder,2025-26,CLE,1696.2983333333334,0.0,0.0,0.0,0.7349017787645722,0.0,0.0,0.1117355476860723,0.1533626735493555
1642852,Derik Queen,2025-26,NOP,2023.38,0.0,0.1884544736770153,0.2927850091808417,0.2082190236360593,0.0,0.0,0.1484245187381844,0.1621169747678991
1627884,Derrick Jones Jr.,2025-26,LAC,1349.5083333333334,0.3223834138750014,0.0,0.2922424713184001,0.0,0.0533765786082352,0.1538261988300638,0.0382240110617634,0.1399473263065359
1628401,Derrick White,2025-26,BOS,2624.9566666666665,0.095064737078709,0.0,0.0457434216594897,0.4255774790211606,0.0,0.2910745473770204,0.1425398148636201,0.0
1630217,Desmond Bane,2025-26,ORL,2756.045,0.0,0.0,0.1006105718335308,0.2371767154710526,0.0043701131008817,0.3581682128772013,0.2058917773957824,0.0937826093215511
1626164,Devin Booker,2025-26,PHX,2146.43,0.0,0.0280686183751975,0.0,0.4073220189216515,0.0,0.1322658748148079,0.432343487888343,0.0
1642269,Devin Carter,2025-26,SAC,699.8683333333333,0.0,0.0,0.0949650948389519,0.5336240718276845,0.0,0.0,0.0732519633622278,0.2981588699711358
1630170,Devin Vassell,2025-26,SAS,2044.2316666666663,0.0946956000613415,0.0,0.0122356646065713,0.158022151741533,0.0,0.6825335040573413,0.0525130795332127,0.0
1628415,Dillon Brooks,2025-26,PHX,1701.5833333333333,0.0618314282902471,0.1671805628306072,0.0,0.4084821561604335,0.0,0.1558864854570451,0.206619367261667,0.0
1627734,Domantas Sabonis,2025-26,SAC,563.5883333333334,0.0,0.5722271679737613,0.209367545484241,0.0147345099491103,0.0,0.0,0.0,0.2036707765928873
1631230,Dominick Barlow,2025-26,PHI,1688.5183333333334,0.2407649628174165,0.0,0.4499152978650807,0.0,0.084622278463642,0.063658577666723,0.0055824693570587,0.155456413830079
1642270,Donovan Clingan,2025-26,POR,2093.6366666666668,0.1705659065365649,0.1882642343847817,0.4491084719092084,0.0,0.1510588663187535,0.0371703210049686,0.0038321998457229,0.0
1628378,Donovan Mitchell,2025-26,CLE,2342.0633333333335,0.0,0.0,0.0,0.3245142735125136,0.0,0.1719795948452391,0.4467824144343906,0.0567237172078566
1628978,Donte DiVincenzo,2025-26,MIN,2494.036666666667,0.173745204428443,0.0,0.0,0.1325902696473198,0.0,0.5977557187488036,0.0,0.0959088071754335
1627827,Dorian Finney-Smith,2025-26,HOU,620.3116666666666,0.7077827305913087,0.0,0.1752952732387887,0.1099331996917355,0.0,0.0,0.0,0.0069887964781671
203926,Doug McDermott,2025-26,SAC,439.1983333333333,0.1066759929280028,0.0,0.0,0.0,0.0,0.8933240070719971,0.0,0.0
1642962,Drake Powell,2025-26,BKN,1319.513333333333,0.2807487985942203,0.0,0.0289634714011863,0.4837228053268768,0.0,0.0636366809036201,0.0,0.1429282437740962
203110,Draymond Green,2025-26,GSW,1868.888333333333,0.4640799254341454,0.0718516396290423,0.1232171339237698,0.1730185074691116,0.0,0.0,0.0,0.1678327935439307
1629234,Drew Eubanks,2025-26,SAC,552.27,0.0,0.2012405686460331,0.534150268569972,0.0,0.0,0.0540573001390642,0.0,0.2105518626449305
1630696,Dru Smith,2025-26,MIA,1141.3083333333334,0.17043640353499,0.0,0.0577188449189195,0.0,0.0,0.0,0.1963171616204485,0.5755275899256419
1629130,Duncan Robinson,2025-26,DET,2113.1583333333333,0.1082312579551603,0.0,0.0285505225816887,0.0,0.0,0.8632182194631508,0.0,0.0
203939,Dwight Powell,2025-26,DAL,904.4116666666666,0.0,0.0,0.2879016192379254,0.0,0.4202657523201167,0.0,0.0,0.291832628441958
1642928,Dylan Cardwell,2025-26,SAC,906.5383333333332,0.0,0.0319460031152722,0.7903196021370478,0.0,0.0630340097496314,0.0,0.0,0.1147003849980484
1642844,Dylan Harper,2025-26,SAS,1557.9566666666667,0.0939176308764592,0.0,0.1664238980901163,0.4082276623876262,0.0,0.0249268070965527,0.1832692645800107,0.1232347369692347
1630700,Dyson Daniels,2025-26,ATL,2519.54,0.0,0.0,0.3076763390096391,0.1474339294796473,0.0,0.006549449423507,0.0837881286753379,0.4545521534118685
1630604,E.J. Liddell,2025-26,BKN,349.19,0.3180525315358986,0.1332736934616215,0.1843528015285313,0.1583056876281796,0.0,0.1033465553451603,0.0,0.1026687305006085
1642856,Egor Dëmin,2025-26,BKN,1308.2083333333333,0.3072045002875223,0.0,0.0,0.4811157706030636,0.0356050258610895,0.1760747032483245,0.0,0.0
1641989,Elijah Harkless,2025-26,UTA,544.8133333333334,0.2357121754219666,0.0,0.0,0.3512567007512422,0.0,0.0,0.0,0.413031123826791
1630679,Ethan Thompson,2025-26,IND,653.2316666666667,0.0,0.0,0.0046240585755659,0.1274040559428116,0.0,0.4868604248538541,0.0,0.3811114606277682
1630596,Evan Mobley,2025-26,CLE,2074.2883333333334,0.0943834165821647,0.3334036313367489,0.2477268480554939,0.0,0.0598555284951089,0.1287051451080207,0.1359254304224628,0.0
1630532,Franz Wagner,2025-26,ORL,1019.0033333333332,0.0,0.2265707924837292,0.0562996788563786,0.0933339987925848,0.0,0.2225422749496155,0.2479326507622131,0.1533206041554786
1641713,GG Jackson,2025-26,MEM,1177.765,0.1841596004860629,0.0999289682569336,0.1811839541477914,0.2028334357890729,0.0576825718778023,0.1668730037472147,0.0728517307213808,0.0344867349737411
1629216,Gabe Vincent,2025-26,ATL,879.0783333333334,0.2743605103562665,0.0,0.0,0.2511793482752232,0.0,0.4424009136697502,0.0,0.03205922769876
203914,Gary Harris,2025-26,MIL,660.7683333333333,0.5724449720628385,0.0,0.0,0.1144347773528722,0.0,0.0694088321759559,0.0,0.2437114184083332
1627780,Gary Payton II,2025-26,GSW,1142.28,0.2099715386030473,0.0,0.2916894267641258,0.0,0.0959166448177531,0.0398973724801064,0.0729934771971365,0.2895315401378308
1629018,Gary Trent Jr.,2025-26,MIL,1377.381666666667,0.2536531054338767,0.0,0.0,0.2396128089134569,0.0,0.5067340856526664,0.0,0.0
203507,Giannis Antetokounmpo,2025-26,MIL,1039.23,0.0,0.5234471273524324,0.0,0.0,0.0235233358941459,0.0,0.4530295367534216,0.0
1629048,Goga Bitadze,2025-26,ORL,972.0066666666668,0.0355543431948594,0.0744632629741966,0.4949760408561722,0.0,0.3699468635354663,0.0,0.0250594894393054,0.0
1641711,Gradey Dick,2025-26,TOR,1066.6883333333333,0.1374530798960025,0.0,0.1062592845676353,0.0,0.0,0.5138700300060629,0.0,0.2424176055302992
1629684,Grant Williams,2025-26,CHA,711.4533333333334,0.630619841187708,0.1110673231643005,0.0955434420757471,0.0080665490900309,0.0023900947815309,0.081755805945537,0.0705569437551455,0.0
1628960,Grayson Allen,2025-26,PHX,1467.2783333333334,0.13313484036977,0.0,0.0,0.2808550144715487,0.0,0.3261186604500846,0.1440139880090844,0.1158774966995121
1627824,Guerschon Yabusele,2025-26,CHI,1007.0566666666666,0.5494482130639252,0.2330900329115189,0.1288530766734405,0.0044216479265108,0.0,0.0841870294246044,0.0,0.0
1630611,Gui Santos,2025-26,GSW,1395.3633333333332,0.2880491703839127,0.1133965154930508,0.068303633619097,0.054697193823414,0.0736631586501957,0.0751820630754444,0.061368489147593,0.265339775807292
203084,Harrison Barnes,2025-26,SAS,1986.475,0.4117044499508676,0.0256365593608237,0.0894575545498411,0.0245824793635316,0.0,0.3191770425060977,0.0611659717595235,0.0682759425093146
1630529,Herbert Jones,2025-26,NOP,1588.381666666667,0.3833615406908834,0.0,0.0985692443932173,0.2677894038995616,0.0,0.0,0.0,0.2502798110163375
1642864,Hugo González,2025-26,BOS,1083.93,0.4072359960968178,0.0,0.2739351217770868,0.0457205862124476,0.0,0.0686994774412284,0.0,0.2044088184724192
1630193,Immanuel Quickley,2025-26,TOR,2231.3083333333334,0.0743394756875074,0.0,0.0,0.3617170350177942,0.0,0.2727985284199899,0.1744370566463338,0.1167079042283744
1630171,Isaac Okoro,2025-26,CHI,1694.89,0.3758679937599351,0.0,0.1604881086971986,0.0245172932419732,0.0527588055023288,0.1762897830666802,0.0,0.210078015731884
1642268,Isaiah Collier,2025-26,UTA,1516.92,0.0,0.0,0.0,0.392470362546466,0.0,0.0,0.2014887184915821,0.4060409189619517
1628392,Isaiah Hartenstein,2025-26,OKC,1137.425,0.0,0.1656756408906571,0.077123387052281,0.0,0.5624145575438169,0.0,0.0751666910073642,0.1196197235058805
1630543,Isaiah Jackson,2025-26,LAC,908.3116666666666,0.0,0.0926161909857773,0.1884938075575287,0.0,0.531847261888067,0.0,0.0067204779531579,0.1803222616154691
1630198,Isaiah Joe,2025-26,OKC,1507.445,0.1969053678048363,0.0,0.0,0.0,0.0135516609436585,0.7559971685902102,0.0335458026612948,0.0
1630587,Isaiah Livers,2025-26,PHX,347.36,0.342015425405606,0.0,0.0971639456254443,0.1270525899622447,0.0,0.0,0.0,0.4337680390067047
1630191,Isaiah Stewart,2025-26,DET,1317.135,0.2381962305412625,0.3054005363730178,0.2925580023891011,0.0,0.1385872198256709,0.0252580108709476,0.0,0.0
1627826,Ivica Zubac,2025-26,IND,1446.6983333333333,0.0,0.7418731680804266,0.0,0.0,0.2581268319195735,0.0,0.0,0.0
1629630,Ja Morant,2025-26,MEM,568.5,0.0,0.0,0.0,0.730268505298799,0.0,0.0,0.2404390643718143,0.0292924303293866
1642266,Ja'Kobe Walter,2025-26,TOR,1473.575,0.4282169174558238,0.0,0.0969905765929962,0.0,0.0016703225273235,0.292049275759451,0.0211798764574137,0.1598930312069914
1631095,Jabari Smith Jr.,2025-26,HOU,2705.365,0.3273542619909549,0.205271513979198,0.0732090538651613,0.054342927878144,0.0,0.2724601659381229,0.0673620763484187,0.0
1631133,Jabari Walker,2025-26,PHI,761.6683333333333,0.3559660040355894,0.0,0.4630212976166695,0.0778534603412071,0.0037044891389888,0.0994547488675449,0.0,0.0
1630702,Jaden Hardy,2025-26,WAS,898.0966666666667,0.2525275603256856,0.0186677129964082,0.0,0.5886547281612905,0.0,0.1401499985166156,0.0,0.0
1631093,Jaden Ivey,2025-26,CHI,670.255,0.286247607707879,0.0234590474608503,0.0705018377464004,0.3206403294118042,0.0,0.1235166550923566,0.0787414143233168,0.0968931082573924
1630183,Jaden McDaniels,2025-26,MIN,2316.4133333333334,0.1472305886805335,0.06441748994428,0.1426773140392696,0.1176618127062083,0.003884591909328,0.2248188264156817,0.1089656739516034,0.1903437023530951
1630256,Jae'Sean Tate,2025-26,HOU,404.72333333333336,0.0802620458090417,0.0371214393423838,0.1188584544187812,0.1384420093247286,0.0,0.0792829718796561,0.0,0.5460330792254084
1642942,Jahmai Mashack,2025-26,MEM,673.1516666666666,0.0,0.0,0.1094235055981086,0.2351076916508743,0.0,0.0,0.0,0.6554688027510169
1631170,Jaime Jaquez Jr.,2025-26,MIA,2121.21,0.0647859907803369,0.1888027100291716,0.0569119685466854,0.2519768777220729,0.0,0.0,0.1571580339789077,0.2803644189428253
1631222,Jake LaRavia,2025-26,LAL,2061.47,0.3811620727776319,0.0161115860454305,0.2088314584688041,0.0,0.0,0.0447718196741343,0.05222592870679,0.296897134327209
1627751,Jakob Poeltl,2025-26,TOR,1149.06,0.0,0.1211171169376884,0.0,0.0,0.6949324246301927,0.0,0.0733150557008085,0.1106354027313104
1628973,Jalen Brunson,2025-26,NYK,2589.806666666667,0.0,0.0,0.0,0.4900085586650858,0.0,0.0877200440729381,0.4222713972619761,0.0
1631105,Jalen Duren,2025-26,DET,1975.8533333333332,0.0,0.3203520618024975,0.0,0.0,0.4780979036789161,0.0,0.2015500345185863,0.0
1630224,Jalen Green,2025-26,PHX,828.325,0.0,0.0,0.0242832697021806,0.6325676801065857,0.0,0.1400189754902805,0.1996482684731724,0.0034818062277806
1630552,Jalen Johnson,2025-26,ATL,2531.598333333334,0.0,0.2032662364424836,0.0858034969313853,0.3892053817160226,0.0,0.0404600873227285,0.2258388211672393,0.0554259764201405
1629618,Jalen Pickett,2025-26,DEN,806.48,0.2719765265617677,0.0,0.0,0.5890307948677422,0.0369709951884367,0.1001578653640548,0.0,0.0018638180179983
1641771,Jalen Slawson,2025-26,IND,310.55,0.455955742397309,0.0,0.1089878731971159,0.0,0.0251992066649021,0.0,0.0566868130188988,0.3531703647217739
1630188,Jalen Smith,2025-26,CHI,1095.388333333333,0.345780708835103,0.1772036334827916,0.2592280094032083,0.0,0.0256257856692257,0.1921618626096713,0.0,0.0
1630591,Jalen Suggs,2025-26,ORL,1573.57,0.2131727854069589,0.0,0.0050335006846433,0.3514306574215022,0.0,0.0,0.2105654957052031,0.2197975607816923
1631114,Jalen Williams,2025-26,OKC,935.9633333333334,0.0,0.0,0.0959671354910875,0.4106161461070977,0.0,0.0,0.3585601014102305,0.1348566169915844
1630592,Jalen Wilson,2025-26,BKN,859.2216666666667,0.2674708207549063,0.0305686405099403,0.0620645034527207,0.3228047516599099,0.0,0.1514246240392788,0.0,0.1656666595832438
1631288,Jamal Cain,2025-26,ORL,485.9683333333333,0.2323488149471342,0.0,0.1640935846943065,0.1785809367760059,0.0770108488000558,0.3082402500681566,0.0,0.0397255647143409
1627750,Jamal Murray,2025-26,DEN,2651.891666666667,0.0,0.0,0.0,0.379990112869134,0.0,0.2378229737199713,0.3821869134108946,0.0
1642347,Jamal Shead,2025-26,TOR,1852.2383333333332,0.1197820963998575,0.0,0.0,0.6230164360337415,0.0,0.0,0.0,0.2572014675664009
1631123,Jamaree Bouyea,2025-26,PHX,644.0583333333333,0.0,0.0,0.0327231840610346,0.4422330226509285,0.0,0.0620885172314783,0.1525836461432726,0.310371629913286
201935,James Harden,2025-26,CLE,2438.495,0.0098614293909569,0.0,0.0,0.3191622150553921,0.0,0.0,0.5990711459221848,0.0719052096314661
1642364,Jamir Watkins,2025-26,WAS,1032.1766666666667,0.3102442045286471,0.0,0.2341766007620554,0.0845893990364285,0.0,0.1585660470513914,0.0,0.2124237486214774
1642419,Jamison Battle,2025-26,TOR,516.7783333333333,0.3134743274912448,0.0830721108849285,0.0,0.0,0.0612953108927882,0.264248337682942,0.0,0.2779099130480964
1641716,Jarace Walker,2025-26,IND,1953.3833333333337,0.1928589802502693,0.097079830131658,0.0714896098810832,0.3706809073484022,0.0,0.1705864627091837,0.0,0.0973042096794034
1642272,Jared McCain,2025-26,OKC,1159.6666666666667,0.0043600554850193,0.0,0.0,0.4899228436095529,0.0,0.4686082931895882,0.0,0.0371088077158394
1628991,Jaren Jackson Jr.,2025-26,UTA,1454.6483333333333,0.1830854907916528,0.5138116044046845,0.0,0.0,0.0,0.0437755239049045,0.1376363670448072,0.1216910138539508
1629020,Jarred Vanderbilt,2025-26,LAL,1127.7416666666666,0.4066224715233346,0.0,0.3837121682109048,0.0,0.0,0.0,0.0,0.2096653602657604
1628386,Jarrett Allen,2025-26,CLE,1519.12,0.0,0.299242629126268,0.4085159187776079,0.0,0.111342606989667,0.065309323079084,0.0587060899049599,0.0568834321224131
1642859,Jase Richardson,2025-26,ORL,586.7483333333333,0.0606996814706344,0.0,0.0100820711940272,0.3451816758348421,0.0,0.2505057188226322,0.0,0.3335308526778638
1642914,Javon Small,2025-26,MEM,829.9083333333333,0.1431138531590237,0.0,0.0,0.4142058706505311,0.072053375385304,0.0,0.173891380658478,0.196735520146663
1629750,Javonte Green,2025-26,DET,1445.9616666666666,0.4304919319615679,0.0,0.1581923311865032,0.0,0.0,0.1093935440109563,0.0736379937106451,0.2282841991303273
1629637,Jaxson Hayes,2025-26,LAL,1206.5783333333334,0.0,0.0879416990950841,0.2501274401257841,0.0,0.5321508293255429,0.1297800314535889,0.0,0.0
1630643,Jay Huff,2025-26,IND,1719.243333333333,0.4210177326610276,0.2147317922352877,0.1550265647613638,0.0,0.0737154400896062,0.1355084702527146,0.0,0.0
1627759,Jaylen Brown,2025-26,BOS,2442.838333333333,0.0,0.1178027104720592,0.0,0.3042115679039323,0.0,0.0920311324746206,0.4859545891493877,0.0
1641740,Jaylen Clark,2025-26,MIN,887.7033333333334,0.3605202461299704,0.0,0.1986845409741778,0.0473691181209926,0.0,0.0622039982312407,0.0316077968949658,0.2996142996486524
1642377,Jaylen Wells,2025-26,MEM,1820.6416666666669,0.2202070193922797,0.0219202155224223,0.0850018378824418,0.2448097486990939,0.0,0.3524163487918011,0.0115073636670941,0.0641374660448668
1631119,Jaylin Williams,2025-26,OKC,1277.375,0.6249650470274162,0.1731548972023118,0.1150765042608231,0.0,0.0160928360475852,0.0451099508442774,0.025600764617586,0.0
1642281,Jaylon Tyson,2025-26,CLE,1777.4833333333331,0.2819171556405939,0.0743062915666342,0.2241704320673624,0.0945878727991602,0.0,0.1941276992312766,0.0408733887036516,0.0900171599913209
1628369,Jayson Tatum,2025-26,BOS,521.85,0.1579115291131642,0.0743048347602273,0.0257921416178321,0.2460437794790611,0.0,0.0,0.4959477150297153,0.0
203924,Jerami Grant,2025-26,POR,1695.1016666666667,0.1556238320333575,0.0589424634163247,0.1223417926295806,0.1815599785678616,0.0,0.2959603523175251,0.1505025688522202,0.03506901218313
1642847,Jeremiah Fears,2025-26,NOP,2111.903333333333,0.0,0.0,0.0764513920930209,0.5278123059926089,0.0,0.0074935023150408,0.1208775493322589,0.2673652502670705
1630526,Jeremiah Robinson-Earl,2025-26,DAL,360.615,0.2089192883077623,0.0,0.3722951879526408,0.1688761804805502,0.0,0.0584897598583347,0.0,0.1914195834007118
1631110,Jeremy Sochan,2025-26,NYK,468.5516666666667,0.308569574342152,0.0392167289321587,0.2791686035378359,0.0021409007494996,0.0394230442291041,0.0747925279253602,0.0,0.2566886202838891
1630579,Jericho Sims,2025-26,MIL,1317.835,0.0,0.0,0.0,0.0403269823360422,0.8169882780954764,0.0,0.0,0.1426847395684814
1641724,Jett Howard,2025-26,ORL,695.32,0.2307151047448402,0.0061296175483828,0.1168883694569323,0.1552971538371092,0.0,0.4909697544127354,0.0,0.0
1628975,Jevon Carter,2025-26,ORL,867.4416666666667,0.4495842765860796,0.0,0.0,0.4252960490538636,0.0,0.1029408188608598,0.0221788554991969,0.0
202710,Jimmy Butler III,2025-26,GSW,1181.6766666666667,0.0,0.0429319302221082,0.1905495647383301,0.0,0.0,0.0676485735877697,0.4892387385940725,0.2096311928577193
1642866,Joan Beringer,2025-26,MIN,314.13166666666666,0.0,0.0,0.0,0.0,0.622129955511766,0.051167604912501,0.1177537250066329,0.2089487145690999
1629111,Jock Landale,2025-26,ATL,1506.0766666666666,0.2143492322152733,0.4351713087992792,0.2241540557505373,0.0,0.0040796667220325,0.1222457365128775,0.0,0.0
203954,Joel Embiid,2025-26,PHI,1200.638333333333,0.0,0.5785849256803511,0.0,0.0,0.0,0.0758778554903396,0.3455372188293091,0.0
1628381,John Collins,2025-26,LAC,1871.4783333333332,0.2880788467290612,0.3434892013739101,0.1445461868024074,0.0,0.0062803578063748,0.096947131069956,0.0224571572750773,0.0982011189432128
1629723,John Konchar,2025-26,UTA,1114.6766666666667,0.4436906870630002,0.0,0.1134778435144383,0.0,0.0,0.0,0.0254874106977054,0.417344058724856
1642277,Johnny Furphy,2025-26,IND,643.0533333333333,0.4135045629074559,0.0312630586840021,0.2423044977769118,0.0270369349329897,0.0103771472213312,0.021740719704198,0.0,0.2537730787731111
202685,Jonas Valanciunas,2025-26,DEN,871.065,8.749263918469784e-15,0.9999999999999178,3.9726154279063215e-14,0.0,7.958428863058302e-15,0.0,0.0,2.5645602860366025e-14
1628371,Jonathan Isaac,2025-26,ORL,520.8933333333333,0.3325214298018171,0.0,0.6166492450109438,0.0358312907912649,0.0,0.0149980343959741,0.0,0.0
1630228,Jonathan Kuminga,2025-26,ATL,830.4966666666667,0.0963986349570833,0.1934253762513533,0.1397553246492014,0.3328130788024123,0.0,0.0,0.1032445307609532,0.1343630545789961
203903,Jordan Clarkson,2025-26,NYK,1279.4616666666666,0.0980070049705952,0.0190122887168903,0.1348617784233889,0.4130394110130671,0.0,0.223271785597244,0.0,0.1118077312788141
1630692,Jordan Goodwin,2025-26,PHX,1571.7766666666666,0.4327638317105246,0.0,0.1560796258693007,0.1120708210086682,0.0,0.0,0.1344819250306732,0.1646037963808331
1641722,Jordan Hawkins,2025-26,NOP,691.975,0.0490490414795118,0.0,0.0,0.4094871287108834,0.0,0.5414638298096047,0.0,0.0
1641757,Jordan Miller,2025-26,LAC,1324.78,0.0273732101026186,0.0,0.1821649632149994,0.179811403960949,0.0,0.1341472441663683,0.1947002829543149,0.2818028956007496
1629673,Jordan Poole,2025-26,NOP,933.2366666666668,0.0,0.0,0.0,0.6032487308347966,0.0168674698601463,0.3665683045518211,0.0,0.0133154947532357
1641775,Jordan Walsh,2025-26,BOS,1211.97,0.4747318866853585,0.0,0.3050490337641733,0.0,0.058306420639192,0.0483711107230358,0.0360643845125739,0.0774771636756662
1630631,Jose Alvarado,2025-26,NYK,1370.236666666667,0.2671197989611698,0.0,0.0,0.4338499572119569,0.0,0.0584203994063036,0.0152530262092199,0.2253568182113497
1630581,Josh Giddey,2025-26,CHI,1731.3566666666666,0.0,0.0,0.1218816659381029,0.6752946500569109,0.0564231916900469,0.0,0.0872231502440819,0.0591773420708574
1630182,Josh Green,2025-26,CHA,907.9283333333332,0.7843082569886456,0.0,0.0,0.0,0.0288888192967958,0.0,0.0101435688610985,0.1766593548534599
1628404,Josh Hart,2025-26,NYK,1993.575,0.3637770281187443,0.0381735369828246,0.0870655281819261,0.1690877925311926,0.0723993362211492,0.0,0.1282427590233662,0.1412540189407967
1631169,Josh Minott,2025-26,BKN,833.7316666666667,0.4086691820932788,0.0,0.1548736441644133,0.0102437975109796,0.0941025731358557,0.1740887621523036,0.0998613240044729,0.0581607169386959
1629006,Josh Okogie,2025-26,HOU,1353.8116666666667,0.494140687992794,0.0,0.2136170288876735,0.0189404173386341,0.0,0.0308184747430949,0.0,0.2424833910378033
201950,Jrue Holiday,2025-26,POR,1560.4016666666666,0.1329760914746096,0.0,0.0,0.5211366745558076,0.0279017261255783,0.0,0.2160732548403935,0.1019122530036109
1630577,Julian Champagnie,2025-26,SAS,2265.963333333333,0.3797286592132816,0.0,0.1420789257806556,0.0,0.0,0.4781924150060627,0.0,0.0
1641763,Julian Phillips,2025-26,MIN,427.01666666666665,0.2219001795976759,0.0,0.0825136279509158,0.0,0.0,0.1720916460837424,0.0,0.5234945463676657
1642882,Julian Reese,2025-26,WAS,401.5,0.0,0.2643690685026989,0.0,0.026302847888126,0.1774684817708787,0.0,0.0497046252407911,0.4821549765975053
1631124,Julian Strawther,2025-26,DEN,860.6733333333333,0.0,0.0251990169046106,0.0457830641634789,0.2711104914713091,0.0,0.4935881572972623,0.0,0.1643192701633388
203944,Julius Randle,2025-26,MIN,2610.2966666666666,0.0751957695172691,0.2945696777489192,0.0,0.1688762755649169,0.0,0.0682392816053995,0.2848299955771089,0.1082889999863862
1630551,Justin Champagnie,2025-26,WAS,1377.4533333333334,0.1371273370720209,0.0,0.4524211214019795,0.0,0.0,0.2696611598476289,0.0580020733680189,0.0827883083103517
1642348,Justin Edwards,2025-26,PHI,977.0183333333332,0.4226386259164508,0.0,0.0005112809905542,0.1266464733245295,0.0,0.1087103384276821,0.098515112633476,0.2429781687073071
203994,Jusuf Nurkić,2025-26,UTA,1083.0683333333334,0.0,0.4681094805361899,0.1995242226761057,0.0,0.0,0.0,0.0,0.3323662967877042
1642880,Kam Jones,2025-26,IND,616.325,0.1024701630662745,0.0,0.0,0.524034819311517,0.0,0.0,0.0,0.3734950176222084
1626157,Karl-Anthony Towns,2025-26,NYK,2321.7816666666668,0.1319467022275272,0.4598825976648061,0.1675824543822856,0.0,0.0,0.0865412531550495,0.1540469925703315,0.0
1631255,Karlo Matković,2025-26,NOP,911.7566666666668,0.3813942948857011,0.023510750732865,0.3336612395491923,0.0,0.2286989843937364,0.0327347304385049,0.0,0.0
1642857,Kasparas Jakučionis,2025-26,MIA,944.6283333333332,0.5152332344105832,0.0,0.0434093391469754,0.1983615022647661,0.0229310747741036,0.0,0.0764854151833619,0.1435794342202096
202695,Kawhi Leonard,2025-26,LAC,2084.7283333333335,0.0,0.0793929169473205,0.0,0.0,0.0,0.2152321710729871,0.6708911848032041,0.0344837271764881
1630811,Keaton Wallace,2025-26,ATL,535.99,0.2911615982608971,0.0,0.0,0.6603239724185935,0.0,0.0,0.0,0.0485144293205092
1631099,Keegan Murray,2025-26,SAC,793.0966666666667,0.0,0.0713823962185136,0.160051030407883,0.2507656533983508,0.0,0.5178009199752526,0.0,0.0
1642276,Kel'el Ware,2025-26,MIA,1703.8216666666667,0.2916293718140388,0.1962057036638193,0.3562482187252368,0.0,0.1020686706546561,0.0538480351422489,0.0,0.0
1629640,Keldon Johnson,2025-26,SAS,1911.4666666666667,0.0515783705669424,0.0758522234803616,0.2537725140943411,0.0393688321727223,0.0,0.4210388381731234,0.0595922609210149,0.098796960591494
203482,Kelly Olynyk,2025-26,SAS,360.2133333333333,0.2012775423168408,0.0738253210114797,0.0229163682613552,0.1354209753778982,0.0716685042541648,0.0,0.0660064761056553,0.4288848126726057
1626162,Kelly Oubre Jr.,2025-26,PHI,1574.3116666666667,0.2522063272682643,0.0,0.1768954479580482,0.0918011401935307,0.0,0.1284065653946781,0.1531171639337359,0.1975733552517427
1631113,Kennedy Chandler,2025-26,UTA,355.2266666666667,0.0,0.0531762155423263,0.0,0.4219887386100263,0.0,0.0,0.0,0.5248350458476473
1629026,Kenrich Williams,2025-26,OKC,855.1633333333333,0.3712054894127864,0.0188920852733427,0.2067829089237425,0.1937831197979075,0.0,0.0249627724440044,0.1467733275624821,0.0376002965857342
203484,Kentavious Caldwell-Pope,2025-26,MEM,1087.5583333333334,0.1216019430037711,0.0,0.0,0.4102840638452673,0.0,0.3075051548165448,0.0,0.1606088383344169
1631165,Keon Ellis,2025-26,CLE,1478.638333333333,0.5526877618567463,0.0,0.0092575714642475,0.0,0.0,0.0834895548992902,0.080332548421937,0.274232563357779
201142,Kevin Durant,2025-26,HOU,2839.8233333333333,0.0,0.1397912224789024,0.0,0.1191886816543788,0.0,0.255764108589194,0.4852559872775245,0.0
1628989,Kevin Huerter,2025-26,DET,1549.0766666666666,0.1368538565231613,0.0,0.1291691118934657,0.1506006373261078,0.0,0.4550887781905773,0.0,0.1282876160666876
201567,Kevin Love,2025-26,UTA,612.8,0.5198764046957356,0.157445348596262,0.1971696276282722,0.0629102416278501,0.0,0.0625983774518799,0.0,0.0
1629645,Kevin Porter Jr.,2025-26,MIL,1261.015,0.0,0.0,0.0177673839223847,0.4257656043532847,0.0,0.0,0.3260673335204213,0.2303996782039091
1626172,Kevon Looney,2025-26,NOP,307.4866666666667,0.0626882865988457,0.0,0.73231391935026,0.2049977940508942,0.0,0.0,0.0,0.0
1641718,Keyonte George,2025-26,UTA,1786.1083333333331,0.0,0.014541333422521,0.0,0.4273075461055615,0.0010130663676891,0.2330077651337279,0.2688409570822966,0.0552893318882038
1642863,Khaman Maluach,2025-26,PHX,411.025,0.2012415261470667,0.0776784971715483,0.3235032361953752,0.0363826782741029,0.1838948470923021,0.0,0.0,0.1772992151196046
203114,Khris Middleton,2025-26,DAL,1439.0866666666666,0.0,0.2117975181850864,0.0,0.6063469086488341,0.0,0.1818555731660793,0.0,0.0
1630165,Killian Hayes,2025-26,SAC,405.52666666666664,0.0,0.0,0.0,0.7567460116156354,0.0,0.0,0.0,0.2432539883843646
202691,Klay Thompson,2025-26,DAL,1496.83,0.0,0.0,0.0,0.0,0.0,1.0,0.0,0.0
1641738,Kobe Brown,2025-26,IND,962.3766666666668,0.453042564143457,0.1600937433011353,0.0487272379076795,0.1542935979636757,0.0286902404880531,0.0,0.0,0.1551526161959993
1642920,Kobe Sanders,2025-26,LAC,1351.4166666666667,0.3792582842362501,0.0583461015794264,0.0188540300494578,0.3347378563916762,0.0290485609596812,0.0552285207160709,0.0,0.124526646067437
1642851,Kon Knueppel,2025-26,CHA,2550.7466666666664,0.0555197048016916,0.0678082018061974,0.0728974969578503,0.2200174726223245,0.0,0.5326800097887473,0.0510771140231888,0.0
1627739,Kris Dunn,2025-26,LAC,2230.0,0.2641476383625628,0.0,0.0477512137236369,0.176067410739793,0.0,0.0,0.0439782681767614,0.4680554689972458
1631200,Kris Murray,2025-26,POR,1333.21,0.4784813747190297,0.0,0.2732217602243888,0.0,0.0173101868872478,0.0,0.0,0.2309866781693336
204001,Kristaps Porziņģis,2025-26,GSW,768.8916666666667,0.0,0.5607630168222077,0.0,0.0,0.0,0.3451865455476917,0.0940504376301004,0.0
203937,Kyle Anderson,2025-26,MIN,853.2366666666667,0.0,0.0,0.3382616176187883,0.0,0.0,0.0,0.1936926465727414,0.4680457358084702
1642271,Kyle Filipowski,2025-26,UTA,1800.9433333333334,0.1857584302612937,0.2426044303695088,0.2404569294177684,0.0633387106335163,0.0,0.0794380133771154,0.0128187599818399,0.1755847259589572
1628398,Kyle Kuzma,2025-26,MIL,1805.7416666666663,0.1554146316642463,0.157688178713687,0.1475541938105433,0.2724157751439048,0.0148746694607871,0.1141442902459752,0.0,0.137908260960856
1642273,Kyshawn George,2025-26,WAS,1390.9633333333334,0.0820459364118945,0.1192836830619262,0.0539958560045881,0.6211782112608323,0.0031759960207843,0.0625242986140306,0.0436195449596072,0.0141764736663364
1630163,LaMelo Ball,2025-26,CHA,2017.4466666666667,0.1080106677823564,0.0,0.0,0.5835101235735972,0.0,0.0,0.3084792086440463,0.0
1642950,Lachlan Olbrich,2025-26,CHI,344.2216666666667,0.0094161509435787,0.0,0.3015277609605564,0.1098179827008714,0.0,0.0302883693489994,0.0,0.548949736045994
1629013,Landry Shamet,2025-26,NYK,1171.055,0.4598803219128523,0.0,0.0464587938064007,0.0365270775070713,0.0,0.443372714139604,0.0137610926340716,0.0
1626204,Larry Nance Jr.,2025-26,CLE,448.77,0.4225313878699549,0.0,0.3075531233673848,0.0336413792473285,0.0,0.0135461571139603,0.0,0.2227279524013712
1628374,Lauri Markkanen,2025-26,UTA,1442.5966666666666,0.0,0.2647591153197521,0.0534381885562294,0.0,0.0,0.6124408151801147,0.0693618809439036,0.0
2544,LeBron James,2025-26,LAL,1989.055,0.0195589446466535,0.3001703056898402,0.0,0.0841210491077411,0.0,0.0733742171660174,0.342039042304152,0.1807364410855957
1641778,Leaky Black,2025-26,WAS,433.07666666666665,0.4959494926402775,0.0,0.0530538366216317,0.2646529810421715,0.0,0.0,0.0,0.1863436896959192
1631159,Leonard Miller,2025-26,CHI,718.6616666666666,0.3551757672794203,0.0803307966976867,0.1274327552316282,0.0,0.0971529039710189,0.1179470900328092,0.0515991340815319,0.1703615527059045
1642862,Liam McNeeley,2025-26,CHA,367.52166666666665,0.4357984421899802,0.1105644896218989,0.0521907227336141,0.0591460251234611,0.0,0.1879069431105421,0.0,0.1543933772205033
1628366,Lonzo Ball,2025-26,CLE,727.7433333333333,0.4785840041611862,0.0,0.0,0.3115542842010125,0.0,0.0,0.0,0.2098617116378012
1629652,Luguentz Dort,2025-26,OKC,1848.7416666666663,0.6200403475197438,0.0035487891081534,0.0543051978921884,0.1662996596940091,0.0,0.1558060057859051,0.0,0.0
1629029,Luka Dončić,2025-26,LAL,2288.6016666666665,0.0,0.0714491707211708,0.0,0.1831471462441685,0.0,0.0378676034076717,0.7075360796269887,0.0
1630568,Luka Garza,2025-26,BOS,1117.9083333333333,0.1320571343162014,0.2418521209166496,0.2721772032723641,0.0,0.1581717291482003,0.1727677256181461,0.0229740867284385,0.0
1628379,Luke Kennard,2025-26,LAL,1680.4766666666667,0.0977010569481106,0.0,0.0,0.0,0.0208870610426608,0.6985038300287822,0.0454169441713162,0.1374911078091298
1628436,Luke Kornet,2025-26,SAS,1430.08,0.0,0.0,0.0660151169085977,0.0,0.8620779021556089,0.0471600180402966,0.0247469628954966,0.0
1641869,Malachi Smith,2025-26,BKN,358.82,0.1586533410461793,0.0462434829257798,0.0,0.167424854463163,0.016535338296974,0.0552676985807155,0.0674816956912158,0.4883935889959724
1628370,Malik Monk,2025-26,SAC,1363.6433333333334,0.0070860169840859,0.0079435716423946,0.002888173220184,0.5080014928866541,0.0,0.2898491684568953,0.091858224932803,0.0923733518769829
1631204,Marcus Sasser,2025-26,DET,456.5033333333334,0.1294087278512975,0.0,0.0,0.5160589309682609,0.0,0.2153433269688369,0.0,0.1391890142116046
203935,Marcus Smart,2025-26,LAL,1768.9783333333332,0.3978474755068422,0.0344968457393088,0.0,0.2473661837424212,0.0,0.0,0.0480346176951347,0.272254877316293
1631109,Mark Williams,2025-26,PHX,1416.05,0.005093568260843,0.100137036527223,0.6902399448042662,0.0,0.1402713285714093,0.030656998411643,0.0336011234246152,0.0
1628963,Marvin Bagley III,2025-26,DAL,1200.9033333333334,0.0,0.2588892832622154,0.08052175378652,0.0,0.1201255420175438,0.0851333594011988,0.0988316809951304,0.3564983805373913
1641824,Matas Buzelis,2025-26,CHI,2248.2483333333334,0.2728367086186064,0.0239644046221698,0.1797675002649576,0.2657336172564184,0.0944248308279342,0.1191997101922888,0.0440732282176246,0.0
1629680,Matisse Thybulle,2025-26,POR,479.65,0.4734453054412866,0.0,0.0,0.0,0.0,0.0,0.0816619740510869,0.4448927205076264
1631108,Max Christie,2025-26,DAL,2244.48,0.2115221338433064,0.0,0.0504310504373678,0.2416698860937163,0.014404702504476,0.4220723662944398,0.0,0.0598998608266935
1628467,Maxi Kleber,2025-26,LAL,461.01,0.2773722724203397,0.1044306475027856,0.2314562977625672,0.0,0.0186449021662406,0.0,0.0,0.3680958801480667
1642875,Maxime Raynaud,2025-26,SAC,1963.88,0.0013424034021028,0.5128224159581211,0.230423666073293,0.0,0.0,0.1030483118490466,0.0,0.1523632027174362
1642877,Micah Peavy,2025-26,NOP,912.935,0.2722146636712994,0.0,0.1957081798820726,0.0916172156783336,0.0,0.1367913642089576,0.0,0.3036685765593366
1630695,Micah Potter,2025-26,IND,908.3166666666668,0.2863665612711287,0.2800422398762827,0.0807467870803588,0.0,0.1048250801850453,0.1716640008463886,0.0,0.0763553307407956
1629008,Michael Porter Jr.,2025-26,BKN,1688.6033333333332,0.0,0.1275793422352227,0.0,0.0228151085894971,0.0,0.6664200107339835,0.1831855384412965,0.0
1628969,Mikal Bridges,2025-26,NYK,2691.935,0.2810594932637457,0.014963907856865,0.1298554277837045,0.0,0.0,0.3095070264004629,0.1837502847249336,0.080863859970288
201144,Mike Conley,2025-26,MIN,991.2983333333332,0.296844242345145,0.0,0.0,0.2451062587834565,0.0,0.3137325635073207,0.0,0.1443169353640777
1628970,Miles Bridges,2025-26,CHA,2387.2316666666666,0.1534402856257911,0.2144800175447847,0.0873853468693917,0.198886429614146,0.0,0.2146427707292103,0.087352380692695,0.0438127689239811
1630540,Miles McBride,2025-26,NYK,1080.035,0.2241410126655215,0.0,0.0,0.3217526027675046,0.0,0.3899761582129686,0.0641302263540051,0.0
1629011,Mitchell Robinson,2025-26,NYK,1174.5016666666668,0.0,0.0,0.2769464582162885,0.0,0.7230535417837114,0.0,0.0,0.0
1642885,Mohamed Diawara,2025-26,NYK,634.1516666666666,0.293659933709206,0.0738996251160918,0.0365007524619017,0.1607771171976029,0.0,0.1595597035426849,0.0,0.2756028679725125
1629021,Moritz Wagner,2025-26,ORL,426.595,0.106196290605231,0.5155894232519678,0.0032478787337015,0.0,0.0,0.150542704075264,0.0,0.2244237033338356
1630541,Moses Moody,2025-26,GSW,1539.8983333333333,0.2223984513503298,0.0,0.0695582617174605,0.0,0.0,0.5918894980672494,0.0584032378914251,0.0577505509735351
1631243,Mouhamed Gueye,2025-26,ATL,1178.8366666666666,0.4710221001154605,0.0,0.4513914615537162,0.0,0.0,0.0296868153554253,0.0082671535532781,0.0396324694221197
1630619,Moussa Cisse,2025-26,DAL,529.58,0.0,0.0,0.4176877359757744,0.0021324506676961,0.5801798133565294,0.0,0.0,0.0
1631217,Moussa Diabaté,2025-26,CHA,1898.9566666666667,0.0,0.1234922241986578,0.5582108058384214,0.0,0.2119508292607537,0.0111679455767907,0.0,0.0951781951253763
1626167,Myles Turner,2025-26,MIL,1911.8033333333333,0.4258382496380831,0.3190614285507317,0.1137770838809662,0.0,0.0,0.1413232379302189,0.0,0.0
1642066,Myron Gardner,2025-26,MIA,410.505,0.2584619605699963,0.0129783553915325,0.1236054868827477,0.0,0.0,0.0656035345309712,0.1343530451579023,0.4049976174668497
1641772,Nae'Qwan Tomlin,2025-26,CLE,1003.6383333333332,0.3362005408877731,0.0,0.437707288622008,0.0,0.0311585369518017,0.1118187133660074,0.0002560863686992,0.0828588338037103
1630230,Naji Marshall,2025-26,DAL,2183.74,0.0139662512292237,0.0469195952620614,0.1151092930463784,0.1991740388263057,0.0,0.1411696157031409,0.154706518200599,0.3289546877322907
1629675,Naz Reid,2025-26,MIN,2007.35,0.2229901047155479,0.2838353083145029,0.0700057940988158,0.0173769170434891,0.0,0.2918786958524868,0.0395576101635713,0.0743555698115859
1629674,Neemias Queta,2025-26,BOS,1926.2066666666667,0.0,0.1962702485287976,0.4957997816169021,0.0,0.2580682300457535,0.0498617398085468,0.0,0.0
1629651,Nic Claxton,2025-26,BKN,1920.3666666666663,0.0,0.2437932349719423,0.3619353135930682,0.036333000516731,0.0690506201158057,0.0,0.1319711606828825,0.1569166701195701
1630208,Nick Richards,2025-26,CHI,700.71,0.0,0.0608283461954635,0.6455154585712134,0.1096872890969417,0.129712207341461,0.0,0.0,0.0542566987949203
1641733,Nick Smith Jr.,2025-26,LAL,374.87666666666667,0.1784085778417734,0.0,0.0,0.7200964342118399,0.0,0.0042951423919982,0.0734923934065268,0.0237074521478615
1629638,Nickeil Alexander-Walker,2025-26,ATL,2603.1766666666667,0.0338672466321941,0.0,0.0564966154355331,0.1738836936111464,0.0,0.475028342833468,0.1500528571830879,0.1106712443045704
201587,Nicolas Batum,2025-26,LAC,1294.595,1.0,0.0,0.0,0.0,0.0,0.0,0.0,0.0
203999,Nikola Jokić,2025-26,DEN,2264.855,0.00132946257064,0.6051779761158478,0.0,0.0,0.0,0.0,0.3934925613135122,0.0
1631107,Nikola Jović,2025-26,MIA,808.0183333333333,0.3552139293116237,0.1776173224373015,0.040592292421316,0.2107574194141721,0.0,0.0,0.0,0.2158190364155865
202696,Nikola Vučević,2025-26,BOS,1818.118333333333,0.155407105888888,0.6405479314574858,0.0007262254677688,0.0,0.0,0.1830167325440219,0.0,0.0203020046418352
1642363,Nique Clifford,2025-26,SAC,1881.925,0.1749655257373517,0.0044564924431995,0.1020650728626365,0.4769355966624324,0.0,0.0303498020799215,0.0,0.2112275102144582
1641730,Noah Clowney,2025-26,BKN,1780.0633333333333,0.2284659788041516,0.0244977142960211,0.1477000572596079,0.2347748755851759,0.0,0.3541089539095909,0.0,0.0104524201454523
1642869,Noah Penda,2025-26,ORL,757.275,0.3497995244876262,0.0,0.3023281047901766,0.2404854897008438,0.0,0.0,0.0,0.1073868810213533
1642849,Nolan Traore,2025-26,BKN,1243.3916666666669,0.0,0.0,0.0,0.6511352216945336,0.0,0.0,0.0,0.3488647783054664
1626181,Norman Powell,2025-26,MIA,1716.9366666666667,0.0,0.0114809269665665,0.0,0.0298703844905923,0.0,0.5190601651282007,0.2643187059085727,0.1752698175060675
1628384,OG Anunoby,2025-26,NYK,2223.8716666666664,0.3600011985377078,0.001277926788049,0.185323978615402,0.0,0.0,0.189117022052715,0.1801097867789594,0.0841700872271666
1630167,Obi Toppin,2025-26,IND,423.725,0.2601231290427358,0.3153503971676597,0.0,0.0,0.0,0.3168539024555044,0.1076725713340999,0.0
1630534,Ochai Agbaji,2025-26,BKN,973.2033333333334,0.3162467129117472,0.0,0.2593440813016854,0.0603362926082345,0.012200110838264,0.1685954950304134,0.0,0.1832773073096553
1641765,Olivier-Maxence Prosper,2025-26,MEM,983.5916666666668,0.2842849124070989,0.0656915968962308,0.1800041895444085,0.0,0.0874906669373004,0.1676354867259474,0.0818813011919557,0.1330118462970582
1630168,Onyeka Okongwu,2025-26,ATL,2296.9683333333332,0.2367368111926764,0.2771959044987364,0.187448200476712,0.0,0.0,0.2072641698609446,0.0041855370635826,0.0871693769073479
1631131,Oscar Tshiebwe,2025-26,UTA,448.42,0.0,0.1611488643932908,0.1099454696534249,0.0414434116877986,0.5125285448065058,0.0,0.0168877960413856,0.158045913417594
1642345,Oso Ighodaro,2025-26,PHX,1808.37,0.0,0.0488395418580571,0.0,0.0,0.5723439042768073,0.0,0.0750820096449321,0.3037345442202032
1631172,Ousmane Dieng,2025-26,MIL,1099.4716666666666,0.2451088766267255,0.0381469598522227,0.011234505552968,0.6514143395988997,0.0213276426031427,0.0,0.0327676757660414,0.0
1629023,P.J. Washington,2025-26,DAL,1735.62,0.1778020136662065,0.1782581718709929,0.2281033373786983,0.1756292555358211,0.0,0.0969053204255155,0.0,0.1433019011227655
1631094,Paolo Banchero,2025-26,ORL,2501.685,0.0,0.3065817719418534,0.0494265134484227,0.2912440659210771,0.0,0.0562404642388227,0.2655715496823926,0.0309356347674312
1627783,Pascal Siakam,2025-26,IND,2056.651666666666,0.0,0.3529877001671856,0.0,0.2076619099218314,0.0,0.1590864616551115,0.2411922378272664,0.039071690428605
1630311,Pat Spencer,2025-26,GSW,1228.9266666666667,0.0,0.0,0.0297980581547412,0.7550739876489617,0.0025616404322002,0.0,0.0,0.2125663137640966
1630172,Patrick Williams,2025-26,CHI,1473.78,0.3788241794123499,0.0565613928078119,0.0851710865029007,0.3402779647914951,0.0,0.0011391160979495,0.0,0.1380262603874927
202331,Paul George,2025-26,PHI,1135.0316666666668,0.1239469510735088,0.0027938731238583,0.0,0.0789282337801445,0.0,0.3390938899879788,0.3846509520396621,0.0705860999948474
1630194,Paul Reed,2025-26,DET,900.6283333333333,0.0433593376172079,0.1130061995864615,0.5531207594851495,0.0,0.076381669496418,0.0,0.1754453035204663,0.0386867302942964
1630202,Payton Pritchard,2025-26,BOS,2555.5233333333335,0.0626781001963467,0.0,0.0,0.4791357396120966,0.0,0.2419809041908091,0.2162052560007473,0.0
1641796,Pelle Larsson,2025-26,MIA,1849.1433333333337,0.1502286493714368,0.0784212153505512,0.051394945528706,0.1259112243069636,0.0730783024132017,0.1389063508237237,0.0579443051801779,0.3241150070252386
1631250,Pete Nance,2025-26,MIL,737.0983333333334,0.5874512452592974,0.1871696895847618,0.0556133417411507,0.0,0.1045333080910109,0.065232415323779,0.0,0.0
1631212,Peyton Watson,2025-26,DEN,1597.7583333333334,0.0996950727599835,0.0304521823043421,0.2497047916513421,0.2023430644196816,0.0307542467686021,0.2171185591292589,0.096076033482784,0.0738560494840053
1630173,Precious Achiuwa,2025-26,SAC,1745.185,0.0,0.1345799182786734,0.4507858528511235,0.0260042896738767,0.0,0.0961122243749013,0.0428016956882001,0.2497160191332247
1629656,Quentin Grimes,2025-26,PHI,2205.721666666667,0.1578195496896093,0.0,0.0410294981423623,0.2595325090887221,0.0479911117596343,0.291051878630967,0.066731948554617,0.1358435041340877
1631245,Quenton Jackson,2025-26,IND,897.425,0.0,0.0,0.0453338087875152,0.4200259479695032,0.0658253851991317,0.209590684096313,0.0102185962765775,0.2490055776709591
1642366,Quinten Post,2025-26,GSW,1159.1983333333333,0.4620336557076414,0.2688513555230973,0.1223078306906135,0.0,0.0,0.1468071580786479,0.0,0.0
1629628,RJ Barrett,2025-26,TOR,1725.76,0.0,0.1300486512787028,0.1380302478299682,0.2412152574396699,0.0,0.3232308500388982,0.0723057156349557,0.095169277777805
1642853,Rasheer Fleming,2025-26,PHX,673.4016666666666,0.5795650055166356,0.0,0.3255807528294515,0.0340209899493919,0.0,0.060833251704521,0.0,0.0
1641712,Rayan Rupert,2025-26,MEM,1072.545,0.3326693726792654,0.0,0.1462242802673987,0.2080070553220817,0.0,0.0,0.0,0.3130992917312541
1642263,Reed Sheppard,2025-26,HOU,2146.923333333333,0.1939032044939422,0.0,0.0,0.3453288112043819,0.0,0.2070692159355855,0.1899094570570129,0.0637893113090773
1642265,Rob Dillingham,2025-26,CHI,969.9533333333334,0.0,0.0,0.0,0.6705690543558799,0.0,0.0,0.0,0.3294309456441203
1629057,Robert Williams III,2025-26,POR,1008.2133333333334,0.0842095810318617,0.0,0.6218554519414865,0.0,0.2939349670266518,0.0,0.0,0.0
1631199,Ron Harper Jr.,2025-26,BOS,317.52666666666664,0.6178906229282864,0.0,0.0920892330379785,0.1452254447870077,0.0,0.0505983456591686,0.0941963535875587,0.0
1626220,Royce O'Neale,2025-26,PHX,2213.0533333333333,0.6081406042609842,0.0148230026794588,0.0139365147623955,0.1631686932247196,0.0036757221096018,0.1363288737288286,0.0103305337537246,0.0495960554802867
203497,Rudy Gobert,2025-26,MIN,2380.0466666666666,0.0,0.0,0.2391227346326686,0.0,0.7347485095193483,0.0,0.0261287558479831,0.0
1629060,Rui Hachimura,2025-26,LAL,1926.565,0.3173298265295498,0.219621168636575,0.0,0.0,0.0,0.4345991077250344,0.0284498971088408,0.0
201566,Russell Westbrook,2025-26,SAC,1852.57,0.0,0.0663727043381213,0.0,0.5480971799373046,0.0,0.0,0.1444671068009715,0.2410630089236025
1642346,Ryan Dunn,2025-26,PHX,1355.245,0.4666622358348255,0.0,0.3404268262559521,0.066072114734375,0.0,0.0,0.0,0.1268388231748473
1641750,Ryan Kalkbrenner,2025-26,CHA,1479.131666666667,0.0,3.0597494968209556e-14,0.0,0.0,0.9999999999999148,0.0,5.4542362238318935e-14,0.0
1642948,Ryan Nembhard,2025-26,DAL,1170.88,0.0,0.0,0.0,1.0,0.0,0.0,0.0,0.0
1631157,Ryan Rollins,2025-26,MIL,2375.483333333333,0.0693865235614813,0.0,0.0,0.5975322092496592,0.0173252077885609,0.0,0.1856121714451177,0.1301438879551809
1630180,Saddiq Bey,2025-26,NOP,2245.575,0.14594106134877,0.3150684807796246,0.0,0.0342418394785888,0.0,0.3063003571375561,0.1229839282106456,0.0754643330448146
1630573,Sam Hauser,2025-26,BOS,1934.15,0.3079586660159273,0.0,0.0079350154699417,0.0,0.0,0.684106318514131,0.0,0.0
1630241,Sam Merrill,2025-26,CLE,1377.0733333333333,0.2673243563367838,0.0136113775538477,0.0,0.0307149256602558,0.0248556622888622,0.6634936781602505,0.0,0.0
1630572,Sandro Mamukelashvili,2025-26,TOR,1750.6916666666666,0.3199403901158482,0.1300143028089796,0.2256074702001638,0.0,0.0632318064848983,0.1819204420549713,0.0792855883351384,0.0
1630583,Santi Aldama,2025-26,MEM,1198.0783333333334,0.3752152100811701,0.2570390274394653,0.1687046318367859,0.0,0.0,0.1063493536165812,0.0741050196686225,0.018586757357375
1630703,Scoot Henderson,2025-26,POR,747.83,0.0856666473404472,0.0,0.0,0.6772559057193244,0.0230816414355531,0.0021288175777475,0.0776345779431487,0.134232409983779
1630567,Scottie Barnes,2025-26,TOR,2680.776666666666,0.1175036553131733,0.2772054965486903,0.1142005695538096,0.0851024714500056,0.0,0.0,0.2759752109794674,0.1300125961548535
1631101,Shaedon Sharpe,2025-26,POR,1471.3016666666667,0.0,0.0,0.0102482665168435,0.4784445439836601,0.02746065282959,0.1068707068789011,0.236496265737133,0.1404795640538721
1628983,Shai Gilgeous-Alexander,2025-26,OKC,2258.9466666666667,0.0,0.0,0.0,0.0,0.0,0.0,1.0,0.0
1630536,Sharife Cooper,2025-26,WAS,699.9983333333333,0.0,0.0,0.0,0.675064695795623,0.0592442598116864,0.0,0.0999885889259994,0.165702455466691
1631321,Sidy Cissoko,2025-26,POR,1435.055,0.5047084844964685,0.0,0.1293940380444558,0.1210480246675448,0.0,0.0,0.0,0.2448494527915308
1631323,Simone Fontecchio,2025-26,MIA,1172.47,0.3197933148185605,0.0117473693947982,0.1071509098233552,0.0,0.0,0.4878492356600717,0.0357028110615538,0.0377563592416602
1642883,Sion James,2025-26,CHA,1843.28,0.4766577542539278,0.0,0.139715721816756,0.2581785926004004,0.0,0.0198983059192526,0.0,0.1055496254096632
1642461,Spencer Jones,2025-26,DEN,1416.79,0.5217668263462184,0.0,0.2196062358706189,0.0,0.0878488761471377,0.0720956697843207,0.0,0.0986823918517041
201939,Stephen Curry,2025-26,GSW,1328.7283333333332,0.0,0.0,0.0,0.0657080507550771,0.0,0.5855581973535311,0.3487337518913917,0.0
1642264,Stephon Castle,2025-26,SAS,2037.743333333333,0.0,0.0,0.1606772922942306,0.4717347278086498,0.0,0.0,0.1906873240697912,0.1769006558273282
203500,Steven Adams,2025-26,HOU,730.365,0.0,0.0,0.3979450556101165,0.1022023587140927,0.4998525856757907,0.0,0.0,0.0
1629004,Svi Mykhailiuk,2025-26,UTA,1155.611666666667,0.2811093771239986,0.0,0.0175092236540133,0.0960230349098328,0.0436385147361319,0.4753964999734508,0.0,0.0863233496025724
204456,T.J. McConnell,2025-26,IND,962.505,0.0,0.0,0.0,0.5905233193602559,0.0,0.0,0.3153449145470052,0.0941317660927389
1643007,Taelon Peter,2025-26,IND,492.23,0.3652032022371217,0.0,0.0,0.0394673801346397,0.0,0.3840919682228125,0.0,0.2112374494054258
1631106,Tari Eason,2025-26,HOU,1549.105,0.3866547384506381,0.0,0.2825102693826604,0.2554668956835854,0.0,0.0,0.0301972395430111,0.045170856940105
1627752,Taurean Prince,2025-26,MIL,611.3033333333333,0.4899912180988857,0.0,0.0,0.2163982295051906,0.0,0.2936105523959236,0.0,0.0
1641707,Taylor Hendricks,2025-26,MEM,1118.465,0.4515906125165831,0.0636219063068108,0.274321252695136,0.0,0.0,0.0717990892733295,0.0,0.1386671392081405
1629611,Terance Mann,2025-26,BKN,1529.0166666666669,0.2294367529044147,0.0,0.0975392168322012,0.4556234441869594,0.0650378945996568,0.0,0.0,0.1523626914767677
1630545,Terrence Shannon Jr.,2025-26,MIN,537.675,0.1118601817458515,0.0,0.0,0.34023134147601,0.1109972410807128,0.2151292816799908,0.0523838175283109,0.1693981364891236
1628418,Thomas Bryant,2025-26,CLE,731.8166666666667,0.2653625859500699,0.2644454270775882,0.2480819895358097,0.0,0.0492664085854325,0.1728435888510995,0.0,0.0
1642275,Tidjane Salaün,2025-26,CHA,575.38,0.498057974961227,0.1371125488425303,0.1305291178812409,0.0,0.070138199851565,0.074014946961104,0.0,0.0901472115023326
203501,Tim Hardaway Jr.,2025-26,DEN,2127.3,0.0,0.0,0.0,0.0,0.0,0.9999999999999548,4.522297979944945e-14,0.0
202699,Tobias Harris,2025-26,DET,1745.45,0.219654005485528,0.3929535177258821,0.0,0.0,0.0,0.1503346252029226,0.1362095768823094,0.1008482747033579
1628396,Tony Bradley,2025-26,ATL,450.68666666666667,0.0414291219328874,0.1812468318173437,0.5524410683693088,0.0,0.0324366870084271,0.0968425164711327,0.0,0.0956037744009001
1641739,Toumani Camara,2025-26,POR,2731.2366666666667,0.4965797409345797,0.0252783927494827,0.0954451154513427,0.159488019174913,0.0482848326142048,0.0836964476950321,0.0198075019916563,0.0714199493887885
1629027,Trae Young,2025-26,WAS,383.7533333333334,0.0,0.0,0.0,0.6613771522896494,0.0,0.0022809770344065,0.3298992137297949,0.006442656946149
1631218,Trayce Jackson-Davis,2025-26,TOR,496.0366666666667,0.0,0.0437701499064226,0.5238471019312343,0.0,0.2678371723676079,0.0354920913785635,0.008837163021823,0.1202163213943483
1642848,Tre Johnson,2025-26,WAS,1442.8166666666666,0.0,0.0258167020950198,0.0,0.5256601400052447,0.0,0.4438181049816239,0.0,0.0047050529181115
1630200,Tre Jones,2025-26,CHI,1752.3733333333332,0.0,0.0,0.0318908653023792,0.1921680409810526,0.0572458940632077,0.0963042037011527,0.2189130229214854,0.4034779730307223
1630544,Tre Mann,2025-26,CHA,668.4583333333334,0.0545879117635565,0.0,0.0,0.793964081049653,0.0,0.0544413350930331,0.0,0.0970066720937574
1630570,Trendon Watford,2025-26,PHI,863.7166666666667,0.0069302159427054,0.3379014410928159,0.0702255609065363,0.2697511176902468,0.013197176930253,0.0,0.0,0.3019944874374423
1630530,Trey Murphy III,2025-26,NOP,2340.6383333333333,0.0613930475087406,0.0,0.0638846571710898,0.0414459338562138,0.0236315185260569,0.511023811513999,0.1938194935711433,0.1048015378527562
1641774,Tristan Vukcevic,2025-26,WAS,670.98,0.2814437601551822,0.3495355264803911,0.1178045437391315,0.0148115526840571,0.0,0.079782783242402,0.1566218336988357,0.0
1641783,Tristan da Silva,2025-26,ORL,1899.4566666666667,0.2439404272575361,0.0174283048533728,0.160926131848325,0.1131123321743188,0.0,0.3266655153488146,0.0137620579595882,0.1241652305580442
1629660,Ty Jerome,2025-26,MEM,338.68833333333333,0.0259354627029573,0.0,0.0,0.3198174616299314,0.0,0.0,0.6370213180652416,0.0172257576018695
1631174,Tyler Burton,2025-26,MEM,306.74333333333334,0.4393696737900773,0.0540746764697669,0.0395685055061711,0.1534719998313106,0.0,0.1442394123390788,0.0,0.1692757320635951
1629639,Tyler Herro,2025-26,MIA,1032.6533333333334,0.1014987836784684,0.0715530571635066,0.0,0.2648515829711402,0.0,0.2934734829439458,0.2501653199804607,0.0184577732624783
1642278,Tyler Kolek,2025-26,NYK,727.1616666666666,0.0992439064988661,0.0,0.0,0.7181647803166058,0.0074031008860235,0.0,0.0,0.1751882122985043
1631213,Tyrese Martin,2025-26,PHI,776.61,0.2821931561243891,0.0,0.0485699538816972,0.4383509851138719,0.0,0.1211134378261486,0.0,0.1097724670538931
1630178,Tyrese Maxey,2025-26,PHI,2661.1183333333333,0.0,0.0,0.0,0.1724730373164841,0.0,0.2046536716246107,0.4768795935705128,0.1459936974883923
1642878,Tyrese Proctor,2025-26,CLE,545.0866666666667,0.2023859662397888,0.0,0.0,0.5118223965350075,0.0,0.023961114077825,0.0820735982553464,0.179756924892032
1630623,Tyson Etienne,2025-26,BKN,380.01666666666665,0.1937849351384722,0.0,0.0,0.3376885764147128,0.0,0.4685264884468149,0.0,0.0
1626145,Tyus Jones,2025-26,DEN,978.5783333333334,0.3818170981113442,0.0,0.0,0.4182767722721026,0.0,0.0,0.0,0.1999061296165531
1642845,VJ Edgecombe,2025-26,PHI,2623.305,0.1018377434044854,0.0,0.0967095504852327,0.3940458223625435,0.0,0.1406544332695229,0.135424106020089,0.1313283444581263
1641705,Victor Wembanyama,2025-26,SAS,1865.6483333333333,0.0,0.3282847910330114,0.1815485853161283,0.0,0.0149926433366828,0.1020415729133148,0.3731324074008625,0.0
1631246,Vince Williams Jr.,2025-26,UTA,819.395,0.249967348731001,0.0,0.0735430297252977,0.6000628837749254,0.0,0.0,0.0,0.0764267377687759
1630249,Vít Krejčí,2025-26,POR,1392.1,0.2242304263138095,0.0,0.0,0.0,0.0,0.6883910672643838,0.0,0.0873785064218067
1642383,Walter Clayton Jr.,2025-26,MEM,1410.535,0.0443655680132153,0.0,0.0,0.6669252718280373,0.0251232344036884,0.0648477110721918,0.0,0.1987382146828671
1628976,Wendell Carter Jr.,2025-26,ORL,2288.3516666666665,0.2593534457681994,0.2343242463546161,0.2563114693692711,2.5237848299750732e-05,0.0843345792364948,0.1484137989830922,0.0172372224400265,0.0
1642954,Will Richard,2025-26,GSW,1376.805,0.4192408827528561,0.0,0.074246207125267,0.0,0.0088334526564532,0.1609724006376575,0.0128042820882308,0.3239027747395352
1642860,Will Riley,2025-26,WAS,1632.4716666666666,0.0,0.0195953675499502,0.101017565232406,0.4509724865126026,0.0147582608050827,0.2600484998450525,0.0,0.1536078200549057
1642949,Yanic Konan Niederhäuser,2025-26,LAC,423.67833333333334,0.0,0.1883465346573749,0.4656448321087633,0.0,0.2817176825351212,0.0642909506987406,0.0,0.0
1642274,Yves Missi,2025-26,NOP,1297.0366666666666,0.0,0.0,0.3184049975996932,0.1066291848268177,0.5749658175734889,0.0,0.0,0.0
1642258,Zaccharie Risacher,2025-26,ATL,1503.253333333333,0.1970687773404458,0.0,0.2250382163764998,0.0568548485227484,0.0,0.4159755830869792,0.0,0.1050625746733267
203897,Zach LaVine,2025-26,SAC,1224.263333333333,0.0,0.0117684416166327,0.0,0.3043933860881677,0.0482251005278477,0.4936013735815182,0.1043307691199046,0.0376809290659287
1630192,Zeke Nnaji,2025-26,DEN,625.9883333333333,0.332056909597733,0.0250533001420854,0.401738383795775,0.0329083075118402,0.1064603857918275,0.0848397441090445,0.0,0.0169429690516941
1630533,Ziaire Williams,2025-26,BKN,1281.2666666666669,0.2457514057375372,0.0,0.0836781947399711,0.0330407415335892,0.0,0.3398033902570078,0.0404985199993254,0.257227747732569
1629627,Zion Williamson,2025-26,NOP,1841.0633333333333,0.0,0.248719656303409,0.1636245170944488,0.0,0.0262281552846796,0.0,0.3665860603719403,0.1948416109455221
1630639,A.J. Lawson,2023-24,DAL,310.9,0.09892866884146144,0.0,0.15070846388404793,0.09950361236924457,0.0,0.1769968414341606,0.0,0.4738624134710855
1631260,AJ Green,2023-24,MIL,614.2816666666666,0.2787817756423889,0.0,0.0,0.0,0.0,0.721218224357611,0.0,0.0
203932,Aaron Gordon,2023-24,DEN,2296.81,0.08279499838367127,0.26403688363356936,0.032698869379932355,0.0,0.07684362955448268,0.09596362948871918,0.13540436506991463,0.3122576244897105
1628988,Aaron Holiday,2023-24,HOU,1269.2966666666666,0.0,0.0,0.0,0.4902629529931168,0.0,0.21653349835313762,0.061411433520978026,0.2317921151327674
1630174,Aaron Nesmith,2023-24,IND,1994.655,0.0454869762511607,0.0,0.12359142989278211,0.0,0.03528825498972305,0.48859044721902445,0.02264621899075577,0.28439667265655383
1630598,Aaron Wiggins,2023-24,OKC,1227.9383333333333,0.24598792033506983,0.0,0.1335506635613283,0.0,0.13222121147577393,0.14508464837538093,0.08765726046743946,0.25549829578500755
201143,Al Horford,2023-24,BOS,1739.7966666666666,0.5843885886003686,0.28102869124627705,0.017682874444245256,0.0,0.05622909227811563,0.06067075343099342,0.0,0.0
202692,Alec Burks,2023-24,NYK,1211.545,0.0,0.0,0.010015858667930616,0.3938712639404635,0.0,0.5535651734211414,0.042547703970464576,0.0
1630197,Aleksej Pokusevski,2023-24,CHA,405.3833333333333,0.35225955150473953,0.0906182654110086,0.2360846664328798,0.13721107034127306,0.0,0.08558476258392597,0.0,0.09824168372617303
1627936,Alex Caruso,2023-24,CHI,2040.3433333333332,0.32966939546704066,0.0,0.08790869381136884,0.0,0.0,0.0,0.1996671678275562,0.3827547428940345
203458,Alex Len,2023-24,SAC,444.245,0.0,0.015223884800334488,0.0,0.02521324620678331,0.49324522199267407,0.0,0.04362578521860962,0.4226918617815986
1630578,Alperen Sengun,2023-24,HOU,2045.635,0.0,0.6336921211553974,0.012495993719852215,0.0,0.0,0.0,0.18872787359364201,0.16508401153110838
1641708,Amen Thompson,2023-24,HOU,1388.5316666666668,0.0,0.0,0.3696575545771992,0.025692174347607608,0.0,0.0,0.2315064543029039,0.37314381677228914
1629599,Amir Coffey,2023-24,LAC,1460.5966666666666,0.4852364083512771,0.05194968225362058,0.05544838852877361,0.011217663939655651,0.0,0.19097524196691545,0.044954734699997285,0.16021788025976028
203083,Andre Drummond,2023-24,CHI,1351.2516666666668,0.0,0.43065144597769417,0.19176438213295294,0.0,0.3775841718893529,0.0,0.0,0.0
1641748,Andre Jackson Jr.,2023-24,MIL,572.3283333333334,0.41790276063287024,0.0,0.21352419746151713,0.14342098223862518,0.049198270078436544,0.0,0.0,0.17595378958855085
1629614,Andrew Nembhard,2023-24,IND,1696.685,0.11820491090692016,0.0,0.011102677771304317,0.6163579902293791,0.012441255137489756,0.0,0.015950314218209725,0.22594285173669698
203952,Andrew Wiggins,2023-24,GSW,1920.4483333333333,0.019953328608916913,0.25344348078266754,0.07286005868587991,0.21966660332782742,0.0,0.34454285652195255,0.0,0.08953367207275566
1629014,Anfernee Simons,2023-24,POR,1581.7433333333333,0.0,0.0,0.0,0.6577086834540986,0.0,0.11211165497493775,0.23017966157096367,0.0
1641710,Anthony Black,2023-24,ORL,1164.21,0.30740811191389494,0.0,0.11747035686782019,0.2629249562301917,0.10115568040162518,0.01336262608060375,0.0,0.19767826850586417
203076,Anthony Davis,2023-24,LAL,2700.2433333333333,0.0,0.6187357571450088,0.15958803925810006,0.0,0.0,0.05018104961704153,0.1714951539798496,0.0
1630162,Anthony Edwards,2023-24,MIN,2770.383333333333,0.0,0.03805552459993987,0.019740646349902455,0.31915865174284086,0.0,0.12373698127366274,0.4497748415365493,0.0495333544971048
1630264,Anthony Gill,2023-24,WAS,466.49666666666667,0.0,0.11847895312295334,0.12455285370307584,0.06300170578155202,0.0,0.14493501714131507,0.0,0.5490314702511037
1630204,Ashton Hagans,2023-24,POR,315.57166666666666,0.0839860092126776,0.0,0.05874118830963696,0.3859164214592496,0.0,0.0,0.0,0.47135638101843574
1641709,Ausar Thompson,2023-24,DET,1582.805,0.1704481687173661,0.0,0.42543942811343366,0.1913256101482382,0.0,0.03802859835962448,0.0,0.1747581946613376
1630559,Austin Reaves,2023-24,LAL,2628.95,0.08423697014037558,0.0,0.0,0.561491097169221,0.10629233686194497,0.09638534867521546,0.11305129325327856,0.038542953899964434
1630245,Ayo Dosunmu,2023-24,CHI,2212.4683333333332,0.3272700411787201,0.0,0.0862449053873597,0.2741808354446855,0.05044071638836754,0.06515566957038943,0.05028770668711194,0.14642012534336574
1628389,Bam Adebayo,2023-24,MIA,2416.4733333333334,0.0,0.7114796202126329,0.0,0.0,0.0,0.0,0.19015285342728108,0.09836752636008612
1641767,Ben Sheppard,2023-24,IND,814.26,0.5137987405836384,0.0,0.048397247458385216,0.032952591145771065,0.0,0.17411678265582992,0.0,0.23073463815637543
1627732,Ben Simmons,2023-24,BKN,358.9166666666667,0.0,0.0,0.0,0.1321156457159117,0.506763755157053,0.0,0.06650848095200974,0.29461211817502564
1631097,Bennedict Mathurin,2023-24,IND,1538.39,0.0,0.0979253850519629,0.022597929629953353,0.39756935993297193,0.0857395347885654,0.2659441913910329,0.012324838390413345,0.11789876081510013
1641731,Bilal Coulibaly,2023-24,WAS,1715.25,0.3030318985913007,0.0,0.22679181307082785,0.21083081533976195,0.012799681060893894,0.048963404381601176,0.0,0.19758238755561458
202687,Bismack Biyombo,2023-24,OKC,791.4616666666667,0.0,0.07060319731753287,0.09388484650870012,0.0,0.54609324119258,0.0,0.0,0.2894187149811871
1631104,Blake Wesley,2023-24,SAS,875.925,0.009256161634781114,0.0,0.07019615201592332,0.43621649610485386,0.010940497260781657,0.0,0.0,0.47339069298365993
1626171,Bobby Portis,2023-24,MIL,2008.1666666666667,0.2577437311402407,0.6483648446094806,0.0,0.0,0.0,0.03883063228428553,0.055060791965993276,0.0
203992,Bogdan Bogdanović,2023-24,ATL,2401.4083333333333,0.0002433887196963452,0.0,0.020810187493318963,0.19874163428025876,0.0,0.6342272080790242,0.05818477200420993,0.08779280942349177
202711,Bojan Bogdanovic,2023-24,NYK,1478.0033333333333,0.0,0.11808258816010687,0.0,0.27374567120004095,0.0,0.5923482109402756,1.9421985744650415e-05,0.015804107713831957
1629626,Bol Bol,2023-24,PHX,469.0283333333333,0.4140627517028783,0.19703372964933724,0.20315063567268837,0.0,0.1136409515444039,0.022626669095951225,0.04948526233474099,0.0
1630538,Bones Hyland,2023-24,LAC,540.21,0.0,0.0,0.0,0.6387959333176023,0.0,0.0,0.08152034480543156,0.27968372187696605
203078,Bradley Beal,2023-24,PHX,1766.7333333333333,0.042537196861675036,0.0,0.09241545905094238,0.4789190072362048,0.017638189715334044,0.18064013601800727,0.16034812810753357,0.0275018830103028
1641764,Brandin Podziemski,2023-24,GSW,1968.2533333333333,0.06374493216651561,0.009095812913340091,0.14795177833853052,0.355416526059148,0.0,0.21474680890392733,0.0,0.20904414161853851
1630527,Brandon Boston,2023-24,LAC,345.1716666666667,0.009128869259707201,0.03262032067688798,0.10265403341844444,0.61633779013802,0.0,0.159564209852255,0.0,0.07969477665468534
1627742,Brandon Ingram,2023-24,NOP,2102.68,0.0,0.11164625958294648,0.0,0.398033918405916,0.0,0.16718724803647173,0.32313257397466577,0.0
1641706,Brandon Miller,2023-24,CHA,2382.963333333333,0.0,0.043094083266845155,0.05912064569189959,0.42467278768598477,0.0,0.37100444150373596,0.05240698465064409,0.04970105720089041
1641729,Brice Sensabaugh,2023-24,UTA,584.3633333333333,0.2047798301351694,0.04423444133740532,0.012244883819013848,0.5305351438390907,0.0,0.08262173458265082,0.0,0.1255839662866699
201572,Brook Lopez,2023-24,MIL,2411.1516666666666,0.2993754014919039,0.30083662188409266,0.17566198973250594,0.0,0.04449195165438956,0.17534300590815277,0.00429102932895513,0.0
1628971,Bruce Brown,2023-24,TOR,1865.3666666666666,0.01061151073688009,0.019315932034000925,0.1416018037221208,0.34720750697478164,0.0,0.20297369645025318,0.0012413922468315288,0.2770481578351319
1628981,Bruno Fernando,2023-24,ATL,682.3033333333333,0.0,0.2535121525735367,0.0,0.0,0.537835114387528,0.0,0.0,0.20865273303893536
1631121,Bryce McGowens,2023-24,CHA,881.595,0.229126732961675,0.0,0.1438860262520996,0.22640442912221617,0.017890702304500638,0.20451252384925214,0.0,0.1781795855102565
1627741,Buddy Hield,2023-24,PHI,2159.8883333333333,0.2904155144234905,0.0,0.07719294433029299,0.12949984937630593,0.0,0.44416982192055937,0.03502788820060686,0.02369398174874431
203468,CJ McCollum,2023-24,NOP,2158.536666666667,0.03511245680661096,0.0,0.022240707427920562,0.35252554020851756,0.0,0.3810874189452403,0.20903387661171058,0.0
1630595,Cade Cunningham,2023-24,DET,2074.225,0.0,0.0726643017821134,0.0,0.7245835009937857,0.0,0.0,0.20275219722410084,0.0
1631216,Caleb Houstan,2023-24,ORL,815.335,0.5420982122489522,0.0,0.0,0.0,0.0,0.45790178775104784,0.0,0.0
1628997,Caleb Martin,2023-24,MIA,1756.5533333333333,0.2684317416384412,0.0,0.1749086823216091,0.3682377962703451,0.0,0.12241273475841528,0.0034735534067344407,0.06253549160445498
1629629,Cam Reddish,2023-24,LAL,984.0616666666666,0.3734959902217879,0.0,0.1367286995010088,0.05162344554782705,0.0,0.11527213704999052,0.0,0.3228797276793856
1630560,Cam Thomas,2023-24,BKN,2074.85,0.0,0.0015605555593639412,0.0,0.5166518507599455,0.0,0.2386773434709183,0.24311025020977237,0.0
1641715,Cam Whitmore,2023-24,HOU,880.3333333333334,0.10101708393051276,0.02928403405284802,0.1975675127569944,0.15439771838807012,0.0,0.39238116101616366,0.1100756401906152,0.015276849664795814
1629661,Cameron Johnson,2023-24,BKN,1599.0383333333334,0.19332150413087942,0.0,0.10849982739574678,0.15399346063744435,0.0,0.47794492181384324,0.06624028602208622,0.0
1626166,Cameron Payne,2023-24,PHI,1304.0766666666666,0.04326363980964597,0.0,0.0,0.5097937868397084,0.0,0.15467121063079187,0.05169412799962282,0.24057723472023085
1627747,Caris LeVert,2023-24,CLE,1958.0833333333333,0.02840122622816749,0.0,0.08638681905521198,0.4598910008820468,0.0,0.11218608289196048,0.1478024345611961,0.1653324363814172
1641717,Cason Wallace,2023-24,OKC,1691.9216666666666,0.3947401692465725,0.0,0.11100056355262441,0.0,0.0,0.2296514664439687,0.08200159451423035,0.1826062062426041
1626224,Cedi Osman,2023-24,SAS,1268.7516666666668,0.4160208393172914,0.03811632659913117,0.007000663507995173,0.14587814691751788,0.06377706130378502,0.19377601091977112,0.0,0.13543095143450817
1631096,Chet Holmgren,2023-24,OKC,2412.7966666666666,0.13291865660010224,0.23854865296406144,0.2624513231844134,0.0,0.04614562639350011,0.20258391695027547,0.1173518239076473,0.0
1629002,Chimezie Metu,2023-24,DET,858.9066666666666,0.37566123012010305,0.2477398902264447,0.05914461609103897,0.0,0.07800818112050446,0.0,0.0,0.23944608244190888
1628449,Chris Boucher,2023-24,TOR,704.8833333333333,0.1483809264299145,0.06018472385045079,0.4087025958452699,0.0351955948084605,0.10398627459115677,0.23614987054795056,0.0033369567975877474,0.004063057129209214
1630537,Chris Duarte,2023-24,SAC,719.5183333333333,0.3064972828543881,0.0,0.07715960293831839,0.25452183569616305,0.0,0.2511890233126116,0.0,0.11063225519851885
101108,Chris Paul,2023-24,GSW,1530.89,0.1003322466519891,0.0,0.0,0.7640624875341001,0.0,0.0,0.1356052658139108,0.0
1631128,Christian Braun,2023-24,DEN,1655.565,0.0,0.0,0.2391501461109086,0.16420049631208675,0.03606912404259838,0.2594305134796187,0.0009395577006582966,0.30021016235412934
1626174,Christian Wood,2023-24,LAL,871.9433333333334,0.368093055951783,0.27694655913839483,0.24010508569129585,0.05656277768710636,0.0,0.058292521531419936,0.0,0.0
1629643,Chuma Okeke,2023-24,ORL,431.73,0.4077104053109228,0.0,0.07748954463857481,0.11288906852282646,0.0,0.11360226902188268,0.0,0.2883087125057932
203991,Clint Capela,2023-24,ATL,1883.0866666666666,0.0,0.18923807606697077,0.26468044786618233,0.0,0.546081476066847,0.0,0.0,0.0
1629632,Coby White,2023-24,CHI,2881.3566666666666,0.0,0.0,0.03165987172408151,0.5526178348056582,0.04940817289878701,0.16706063992841916,0.09086968442790025,0.10838379621515394
1628998,Cody Martin,2023-24,CHA,752.9916666666667,0.18534935302314093,0.0,0.07536403921495852,0.545961439618633,0.0,0.0,0.0,0.19332516814326758
203469,Cody Zeller,2023-24,NOP,319.70666666666665,0.0,0.09472806779797364,0.28763447828093275,0.10822993296150074,0.03070643188334439,0.0,0.0,0.47870108907624837
1630175,Cole Anthony,2023-24,ORL,1817.3116666666667,0.0,0.0,0.11705474204403113,0.6190759637521641,0.0,0.09236175451493936,0.12907112259135528,0.04243641709751008
1629012,Collin Sexton,2023-24,UTA,2074.7633333333333,0.0,0.009585666957891497,0.05419283663190451,0.35738349565189753,0.0,0.14024498270516253,0.2824452500522805,0.15614776800086339
1630557,Corey Kispert,2023-24,WAS,2067.435,0.07027690271461604,0.030709563636188868,0.029873339710122085,0.04043429870051151,0.01773900531561678,0.7133897460048996,0.0,0.09757714391804523
1641854,Craig Porter Jr.,2023-24,CLE,649.355,0.0,0.0,0.11520596257761309,0.6869748673391267,0.025603052101146648,0.0,0.09009750564445544,0.08211861233765803
1626156,D'Angelo Russell,2023-24,LAL,2484.1283333333336,0.09712944438839567,0.001466119570749888,0.0,0.5885291562493686,0.03691137812280538,0.12059895491085848,0.1311661035385788,0.024198843219243177
1630625,Dalano Banton,2023-24,POR,1046.8466666666666,0.0,0.0,0.18315614323452029,0.5550788192683643,0.0,0.11792957610892671,0.06629311594176646,0.07754234544642213
1631207,Dalen Terry,2023-24,CHI,680.71,0.38957497936683405,0.0,0.20814862140195778,0.17957969574895175,0.0,0.0,0.0,0.22269670348225648
203081,Damian Lillard,2023-24,MIL,2578.4283333333333,0.0,0.0,0.0,0.5494601847015189,0.0,0.14326907845984652,0.3072707368386346,0.0
1629655,Daniel Gafford,2023-24,DAL,1814.355,0.0,0.13686366782065668,0.06793142392539862,0.0,0.7554928901818373,0.0,0.03971201807210732,0.0
1628464,Daniel Theis,2023-24,LAC,1014.84,0.16258043667279223,0.1427929136387042,0.4498427347193378,0.005939292537137737,0.0972426587060006,0.14160196372602737,0.0,0.0
201568,Danilo Gallinari,2023-24,MIL,629.29,0.27480118796069714,0.3861372541175079,0.0,0.04083664587842327,0.0,0.1758877072910388,0.1223372047523329,0.0
203957,Dante Exum,2023-24,DAL,1087.6216666666667,0.2775299395455082,0.013117814628098771,0.08225563040269845,0.23496485007906673,0.08544164333187716,0.025558093182891265,0.08258884500414722,0.19854318382571223
1627863,Danuel House Jr.,2023-24,PHI,509.055,0.33558479642179295,0.0,0.11075712335513786,0.042688555761370234,0.05384959585444363,0.1251447832584095,0.0,0.33197514534884576
203967,Dario Saric,2023-24,GSW,1097.7516666666668,0.36470435219171266,0.4945174322675257,0.0,0.07048866985057965,0.0,0.02160955245020728,0.0,0.0486799932399746
1629636,Darius Garland,2023-24,CLE,1900.4383333333333,0.0,0.0,0.0,0.7213562560244765,0.0,0.04831082410605278,0.11367625935129233,0.11665666051817843
1631223,David Roddy,2023-24,PHX,1176.9816666666666,0.0,0.02879645901371913,0.17719739507567944,0.23229886895935864,0.0,0.2336177583428166,0.0,0.3280895186084264
1630558,Davion Mitchell,2023-24,SAC,1101.1,0.2641768167223619,0.0,0.007543867086945426,0.5130067010280246,0.0,0.13458798935372754,0.0,0.08068462580894044
202722,Davis Bertans,2023-24,CHA,674.0716666666667,0.11515065429474365,0.0,0.0,0.0,0.0,0.8848493457052563,0.0,0.0
1630549,Day'Ron Sharpe,2023-24,BKN,920.575,0.0,0.3457452984585026,0.3028202780181193,0.006271802183435739,0.11675653224756022,0.0,0.0,0.22840608909238222
1628368,De'Aaron Fox,2023-24,SAC,2658.7633333333333,0.0,0.0,0.0,0.42702546011303816,0.0,0.05155215799424433,0.39138132544439747,0.13004105644832015
1629631,De'Andre Hunter,2023-24,ATL,1681.0933333333332,0.0,0.1854282990233601,0.002318937220713506,0.13755354065694078,0.0,0.5065464101410488,0.04798096079381484,0.12017185216412175
1629001,De'Anthony Melton,2023-24,PHI,1023.3316666666667,0.17640182749377578,0.0,0.0,0.1436310647149265,0.0,0.2737527055741096,0.11611628697754105,0.29009811523964724
201599,DeAndre Jordan,2023-24,DEN,395.71666666666664,0.0,0.0340310519105069,0.22549051094864322,0.06869985672270491,0.671778580418145,0.0,0.0,0.0
201942,DeMar DeRozan,2023-24,CHI,2988.568333333333,0.0,0.12742492678435488,0.0,0.3337519796949128,0.0,0.10920644528813224,0.4296166482326001,0.0
1629731,Dean Wade,2023-24,CLE,1108.08,0.7907542519683601,0.015245597866632836,0.07802999570904551,0.0,0.0,0.09741529014701394,0.0185548643089475,0.0
1629028,Deandre Ayton,2023-24,POR,1783.4983333333332,0.0249182397578442,0.6716668473798378,0.13401412943460758,0.0,0.0,0.12990858304834,0.029801005050235196,0.009691195329135364
1627749,Dejounte Murray,2023-24,ATL,2783.3433333333332,0.02831508623869823,0.0,0.023502092518277284,0.5319785083306314,0.0,0.05868378269058487,0.30578887627523704,0.05173165394657108
1626153,Delon Wright,2023-24,MIA,741.5666666666667,0.1721104612005297,0.0,0.0,0.06797707102741177,0.0,0.0,0.21539413653153683,0.5445183312405216
1630166,Deni Avdija,2023-24,WAS,2256.6433333333334,0.08213974888877018,0.14770744134836336,0.09826251167927771,0.30881678218720426,0.10641346633302569,0.0715847555239435,0.025839768179415135,0.1592355258600003
203471,Dennis Schröder,2023-24,BKN,2485.945,0.0,0.0,0.0,0.7781129915464102,0.008466931963890974,0.10077840429961361,0.052157728170333664,0.060483944019751545
1628372,Dennis Smith Jr.,2023-24,BKN,1058.6583333333333,0.08611607698664671,0.0,0.03654811122333076,0.31068630717487195,0.0,0.0,0.10028446682067042,0.4663650377944803
1641726,Dereck Lively II,2023-24,DAL,1294.2816666666668,0.03924410384025281,0.0,0.07917109074447219,0.0,0.7431982611657781,0.0,0.0,0.13838654424949698
1627884,Derrick Jones Jr.,2023-24,DAL,1782.8566666666666,0.4760918261558612,0.0,0.26556750235598914,0.0,0.029001471169596813,0.12965739557124928,0.007633870036354299,0.0920479347109493
201565,Derrick Rose,2023-24,MEM,399.33666666666664,0.0,0.008461167246640805,0.0627182237393003,0.6949775612804554,0.0,0.0,0.03235326854524189,0.20148977918836153
1628401,Derrick White,2023-24,BOS,2380.985,0.27415202435754304,0.0,0.08992468189522695,0.2784434640764272,0.0060630900107869305,0.17201298592818187,0.16976771535757296,0.009636038374261057
1630217,Desmond Bane,2023-24,MEM,1442.8483333333334,0.0,0.0,0.00033408374416576297,0.43577111800297297,0.061800643344429175,0.2898668123771127,0.21222734253131945,0.0
1626164,Devin Booker,2023-24,PHX,2446.6566666666668,0.0,0.029368350852175772,0.0,0.3475787532257081,0.0,0.16626479032289468,0.4567881055992215,0.0
1630170,Devin Vassell,2023-24,SAS,2247.7433333333333,0.0,0.0,0.010991443555812637,0.41405424923658124,0.0,0.4628575488438303,0.11209675836377582,0.0
1628984,Devonte' Graham,2023-24,SAS,312.92333333333335,0.1928855849842822,0.0,0.0,0.4783937177619584,0.0,0.1562845850382942,0.0,0.1724361122154654
1628415,Dillon Brooks,2023-24,HOU,2226.7383333333332,0.15699638606504476,0.15378347970665865,0.0,0.17852718540731521,0.0,0.32656050344615406,0.0,0.18413244537482737
1627734,Domantas Sabonis,2023-24,SAC,2928.0216666666665,0.0,0.5339324733422742,0.12703289337850832,0.015605232585758995,0.09495158500967897,0.0,0.12556062569837312,0.10291718998540646
1631230,Dominick Barlow,2023-24,SAS,419.54,0.0,0.05183459628307277,0.5381917658290959,0.02873106987330947,0.0,0.17463786047374485,0.06381990191016959,0.1427848056306075
1628378,Donovan Mitchell,2023-24,CLE,1942.65,0.0,0.0,0.0,0.3514825665317715,0.0,0.1483813423065733,0.436834802402512,0.06330128875914308
1628978,Donte DiVincenzo,2023-24,NYK,2360.3933333333334,0.2634872419989844,0.0,0.040997955131174935,0.11749414685111405,0.0,0.4503706857041592,0.09312135899930629,0.0345286113152611
1627827,Dorian Finney-Smith,2023-24,BKN,1934.5933333333332,0.5870926934704395,0.0,0.23501992550632794,0.04502210980886268,0.0,0.13286527121436995,0.0,0.0
203926,Doug McDermott,2023-24,IND,904.4783333333334,0.1464914134081472,0.0,0.0,0.0,0.0,0.8535085865918528,0.0,0.0
203110,Draymond Green,2023-24,GSW,1490.1833333333334,0.1989662344819822,0.16107640408990065,0.14992417654296816,0.11752536921512918,0.0828615560130147,0.0,0.0,0.2896462596570051
1629234,Drew Eubanks,2023-24,PHX,1168.705,0.019557335671457236,0.10667042723738873,0.6148932326569542,0.0,0.137813990875804,0.0,0.0,0.12106501355839602
1629130,Duncan Robinson,2023-24,MIA,1905.4483333333333,0.11916492811071525,0.0,0.0,0.19277151157597933,0.007885662855630594,0.6082305238300584,0.0,0.07194737362761634
1641871,Duop Reath,2023-24,POR,1214.115,0.2825429534026785,0.2509636615174,0.2568783668621182,0.0,0.0,0.2096150182178033,0.0,0.0
203939,Dwight Powell,2023-24,DAL,836.3033333333333,0.0,0.0,0.4182197594729222,0.0,0.4167033781501312,0.0,0.0,0.16507686237694646
1630700,Dyson Daniels,2023-24,NOP,1358.525,0.13817775565630983,0.0,0.1642201045871148,0.16433235437728955,0.0,0.0,0.037827715892106845,0.495442069487179
201569,Eric Gordon,2023-24,PHX,1892.63,0.41831680415340705,0.0,0.0,0.17129343433470143,0.0,0.22598354395132178,0.014170145476007076,0.1702360720845626
1630647,Eugene Omoruyi,2023-24,WAS,393.3066666666667,0.0,0.043233921286539675,0.07728731918585419,0.0,0.0,0.09146796022467756,0.11653243230336911,0.6714783669995595
203095,Evan Fournier,2023-24,DET,579.6733333333333,0.2906514160175114,0.0,0.0,0.324735542356743,0.0,0.3419707841111605,0.0,0.04264225751458522
1630596,Evan Mobley,2023-24,CLE,1532.35,0.008806046112363783,0.2590240847606833,0.39431027624170145,0.0,0.08892362409975832,0.06921485703146145,0.10141305074517817,0.07830806100885351
1630532,Franz Wagner,2023-24,ORL,2337.4166666666665,0.0,0.11001851748654594,0.12154827873245895,0.23599764611699497,0.011706657775856439,0.19512941284508437,0.19129670946916577,0.13430277757389358
1627832,Fred VanVleet,2023-24,HOU,2684.4266666666667,0.037344365752521896,0.0,0.0,0.5673709199334327,0.0,0.14778894310780613,0.206422010543271,0.0410737606629683
1641713,GG Jackson,2023-24,MEM,1233.165,0.20870283547431612,0.04528307340026223,0.1415220571487806,0.26233618118975666,0.025361576447938523,0.276358168132241,0.0404361082067049,0.0
1629726,Garrison Mathews,2023-24,ATL,992.1216666666667,0.1719618770350709,0.0,0.0,0.0,0.0,0.6994269483689309,0.0,0.1286111745959981
203914,Gary Harris,2023-24,ORL,1297.3466666666666,0.27307219555154605,0.0,0.022899170477186148,0.0,0.0,0.5460274247201824,0.0,0.1580012092510854
1627780,Gary Payton II,2023-24,GSW,679.9,0.23660714789132,0.0,0.31404232071882293,0.0,0.08696223785327446,0.024241180336788463,0.0,0.3381471131997942
1629018,Gary Trent Jr.,2023-24,TOR,1993.5983333333334,0.058127786179868905,0.0,9.492586047449522e-05,0.2431391158596497,0.0,0.6236002963966071,0.01588121036452092,0.05915666533887893
1627777,Georges Niang,2023-24,CLE,1831.125,0.13671835715131844,0.0951433638503814,0.049127908576942984,0.04757013837035307,0.0,0.43138357618562573,0.0,0.24005665586537828
203507,Giannis Antetokounmpo,2023-24,MIL,2567.2433333333333,0.0,0.34920899302300695,0.0,0.0,0.15225481593703338,0.0,0.49597290825883317,0.0025632827811264895
1629048,Goga Bitadze,2023-24,ORL,957.0866666666667,0.05445356812671769,0.1206254158126854,0.5508894868186622,0.0,0.2740315292419347,0.0,0.0,0.0
202330,Gordon Hayward,2023-24,OKC,1245.25,0.0,0.1329689470979623,0.05988622618072039,0.34062884789651454,0.0,0.2745286377958497,0.032427702927855476,0.1595596381010975
1641711,Gradey Dick,2023-24,TOR,1267.6683333333333,0.0,0.0,0.021123449466382303,0.0,0.0,0.6895078055278925,0.0,0.28936874500572524
1629684,Grant Williams,2023-24,CHA,2129.56,0.4598351546262476,0.31564066934924856,0.005071138262835635,0.05067051244147917,0.0,0.05436652753430575,0.0,0.11441599778588317
1628960,Grayson Allen,2023-24,PHX,2513.3,0.5023611351007339,0.0,0.0,0.04089911875444017,0.1042306564724264,0.20761279649312123,0.09404372429748784,0.050852568881790496
203084,Harrison Barnes,2023-24,SAC,2380.87,0.21808360346017888,0.11905917830962592,0.04905768253311633,0.06497916534963304,0.0,0.4556085115062352,0.0,0.09321185884121057
1629312,Haywood Highsmith,2023-24,MIA,1365.835,0.5373590809790779,0.0,0.21290047300624998,0.0,0.0,0.10628778300792138,0.026977698302048693,0.11647496470470198
1630529,Herbert Jones,2023-24,NOP,2321.4283333333333,0.43097838120947646,0.0,0.14094992811698334,0.0,0.048790723396945776,0.06303748877059544,0.1128059119355903,0.20343756657040865
1630193,Immanuel Quickley,2023-24,TOR,1985.3366666666666,0.0,0.0,0.013338142589935178,0.49118554222645033,0.0,0.27377925761716715,0.17147082671902136,0.05022623084742612
1630171,Isaac Okoro,2023-24,CLE,1887.0566666666666,0.3345342015317991,0.0,0.1563506677930072,0.0,0.038066943728131034,0.24600219001344212,0.003667210615535131,0.22137878631808536
1628392,Isaiah Hartenstein,2023-24,NYK,1896.3483333333334,0.0,0.15089663649680532,0.4370873842942253,0.0,0.2983060589474403,0.0,0.043935210603772784,0.06977470965775649
1630543,Isaiah Jackson,2023-24,IND,770.905,0.0,0.10283869997034319,0.15751650933004635,0.0,0.6143775941510832,0.0,0.06223665311122433,0.06303054343730281
1630198,Isaiah Joe,2023-24,OKC,1444.8666666666666,0.2851803722123215,0.012161500516211598,0.02797496710467393,0.03260160737171958,0.0,0.6267399781435631,0.015341574651510424,0.0
1630587,Isaiah Livers,2023-24,DET,469.39666666666665,0.5730884684469504,0.0,0.008661879691553173,0.12224545249590973,0.0,0.07652378586574142,0.0,0.2194804134998453
1630191,Isaiah Stewart,2023-24,DET,1422.8166666666666,0.46808741643625495,0.3630172805983221,0.08117021741700611,0.0,0.0,0.006655154258998579,0.0,0.08106993128941833
202397,Ish Smith,2023-24,CHA,740.8466666666667,0.0,0.0,0.0,0.7872016476126211,0.0,0.0,0.0,0.2127983523873789
1627826,Ivica Zubac,2023-24,LAC,1794.4483333333333,0.0,0.44404212358899126,0.0,0.0,0.5559578764110087,0.0,0.0,0.0
1630550,JT Thor,2023-24,CHA,780.6266666666667,0.5151145917063916,0.0,0.33849871755034555,0.0233034630086761,0.0,0.12308322773458655,0.0,0.0
1629630,Ja Morant,2023-24,MEM,317.925,0.0,0.0,0.04555072893082095,0.4834346880803288,0.014819883878351195,0.0,0.3811601250810572,0.07503457402944182
201580,JaVale McGee,2023-24,SAC,339.3616666666667,0.0,0.2791132459357786,0.17881544110914607,0.0,0.07189442938056781,0.0,0.01762878492595662,0.4525480986485508
1631095,Jabari Smith Jr.,2023-24,HOU,2423.845,0.2426227239231348,0.266032383109061,0.09084691470667187,0.03140631650154263,0.0,0.3178962820709914,0.05119537968859811,0.0
1631133,Jabari Walker,2023-24,POR,1700.5733333333333,0.17815639274594808,0.07883019047238009,0.44497813669781877,0.11342354318777918,0.0,0.15979954318901676,0.0,0.024812193707057117
1631367,Jacob Gilyard,2023-24,BKN,698.405,0.35009796597864246,0.0,0.0,0.4983779413051319,0.0,0.0,0.0,0.15152409271622547
1630702,Jaden Hardy,2023-24,DAL,989.2133333333334,0.0,0.0,0.0413153217219811,0.6138393202924934,0.0,0.2635608813003579,0.02322556220141135,0.05805891448375604
1631093,Jaden Ivey,2023-24,DET,2217.4766666666665,0.0,0.02350554693104565,0.11414724916158482,0.6466869402037048,0.0,0.11756407880024988,0.0,0.0980961849034149
1630183,Jaden McDaniels,2023-24,MIN,2105.4533333333334,0.38699730321224807,0.06414280597180158,0.14225094825272896,0.13157943769201744,0.0,0.13979167736975356,0.0,0.13523782750145036
1630531,Jaden Springer,2023-24,BOS,506.995,0.12952617802382818,0.0,0.14879349189603946,0.1403160109366047,0.0,0.0,0.06620975481724306,0.5151545643262845
203109,Jae Crowder,2023-24,MIL,1155.6983333333333,0.4920509724108172,0.0,0.10359946877205507,0.023693166450287892,0.0,0.2769216238734209,0.0,0.10373476849341884
1630256,Jae'Sean Tate,2023-24,HOU,1031.4566666666667,0.2873259457608808,0.07791110785624035,0.20147917767442505,0.04120600241687866,0.0,0.0,0.0,0.3920777662915752
1631170,Jaime Jaquez Jr.,2023-24,MIA,2113.195,0.08121335102855669,0.15490944351779337,0.08743548137618114,0.16939851346762186,0.0,0.11226325688809803,0.04015864457897129,0.35462130914277756
1631222,Jake LaRavia,2023-24,MEM,805.55,0.06190784097577676,0.0,0.14989297232490165,0.24483538157199694,0.0,0.40226106996475736,0.0,0.14110273516256727
1627751,Jakob Poeltl,2023-24,TOR,1319.1083333333333,0.0,0.3512915652356186,0.0,0.0,0.4361307025818985,0.0,0.02368551751548964,0.1888922146669933
1628973,Jalen Brunson,2023-24,NYK,2726.3033333333333,0.0,0.0,0.0,0.43929040166346617,0.0,0.05715588923267448,0.5035537091038594,0.0
1631105,Jalen Duren,2023-24,DET,1777.4816666666666,0.0,0.36809293726226766,0.0,0.03317448739792769,0.3848430280528698,0.0,0.037842063028021164,0.17604748425891373
1630224,Jalen Green,2023-24,HOU,2601.3816666666667,0.0,0.0,0.0,0.6195784387762914,0.06357729031990034,0.18207018098622313,0.13477408991758516,0.0
1630552,Jalen Johnson,2023-24,ATL,1888.8666666666666,0.006428200315885818,0.14670624103064966,0.25194211250097526,0.027172208093030174,0.0,0.21895256314658623,0.08143177844270058,0.2673668964701723
1629667,Jalen McDaniels,2023-24,TOR,538.0066666666667,0.1512084157673284,0.0,0.18775956109003025,0.2665223107092814,0.0,0.07117375247156885,0.0,0.32333595996179115
1630188,Jalen Smith,2023-24,IND,1046.625,0.22982331114780977,0.32187097315035534,0.18143043617499752,0.0,0.07961745136812676,0.16982976058110594,0.017428067577604834,0.0
1630591,Jalen Suggs,2023-24,ORL,2024.59,0.2940305748922584,0.0,0.04528670401849874,0.14169895663145307,0.0,0.10104166686264944,0.18504318188690289,0.23289891570823737
1631114,Jalen Williams,2023-24,OKC,2223.5983333333334,0.0,0.004782589647911414,0.07092725355716917,0.27104648910227747,0.0,0.09713384444943546,0.3665858367763539,0.18952398646685248
1630592,Jalen Wilson,2023-24,BKN,664.5366666666666,0.3181654605600124,0.02741246704586663,0.24504645046354576,0.20797736826785737,0.0,0.1321007173868317,0.0,0.06929753627588622
1627750,Jamal Murray,2023-24,DEN,1861.37,0.0,0.040209811433024475,0.0,0.4570979759109732,0.0,0.17144431804621782,0.3312478946097844,0.0
201935,James Harden,2023-24,LAC,2469.6683333333335,0.16508148337486367,0.0,0.0,0.38471565225746057,0.036820695766587946,0.0,0.40898833460182643,0.004393833999261319
1630164,James Wiseman,2023-24,DET,1091.0433333333333,0.0,0.42273666006967653,0.0,0.024658874096467054,0.4434536280157701,0.0,0.0,0.10915083781808622
1641716,Jarace Walker,2023-24,IND,340.42333333333335,0.424295374084155,0.005464309418219732,0.0927005434756409,0.28422650428746327,0.0,0.0,0.07906691776376622,0.11424635097075495
1630215,Jared Butler,2023-24,WAS,565.6516666666666,0.0,0.0,0.0,0.47636880994075004,0.0,0.0,0.10916508143887933,0.41446610862037064
1628991,Jaren Jackson Jr.,2023-24,MEM,2124.18,0.06782824064149615,0.4256740493922133,0.0,0.0,0.0,0.1175038422713436,0.21360396708949614,0.1753899006054508
1629020,Jarred Vanderbilt,2023-24,LAL,581.2366666666667,0.14599125755985676,0.0,0.30146875348158325,0.0,0.07231756869646025,0.0,0.0,0.48022242026209966
1628386,Jarrett Allen,2023-24,CLE,2442.0616666666665,0.0,0.1947956655958472,0.08057510833584901,0.0,0.5697044130678349,0.026721605574072087,0.10653295208868065,0.02167025533771607
1631241,Javon Freeman-Liberty,2023-24,TOR,403.03833333333336,0.11808664733496803,0.019167635121593293,0.1695712484679745,0.424187989126566,0.008793079492650341,0.0,0.0,0.2601934004562479
1629637,Jaxson Hayes,2023-24,LAL,877.1333333333333,0.0,0.0,0.0,0.0,0.7543872931141301,0.0,0.0,0.24561270688586992
1627759,Jaylen Brown,2023-24,BOS,2342.5216666666665,0.0,0.2006724794218376,0.0,0.1840123645678255,0.0,0.2100855771046449,0.2614589392144835,0.1437706396912085
1631119,Jaylin Williams,2023-24,OKC,896.9466666666667,0.5587442993664545,0.12964245664497553,0.23957849065258907,0.0015760368136341447,0.0,0.06625130457675177,0.004207411945594743,0.0
1628369,Jayson Tatum,2023-24,BOS,2645.213333333333,0.12439110231414278,0.17970094061490724,0.0,0.07205417338507947,0.0,0.07351267140915825,0.5503411122767121,0.0
201145,Jeff Green,2023-24,HOU,1307.3383333333334,0.2951788166774237,0.3216065708129196,0.11611452576819245,0.0,0.0,0.1931574432455005,0.0,0.07394264349596374
203924,Jerami Grant,2023-24,POR,1830.1866666666667,0.0,0.16375497928286237,0.020934788824336623,0.1166551181434858,0.0,0.3694093931910481,0.21708171827400677,0.11216400228426039
1630526,Jeremiah Robinson-Earl,2023-24,NOP,334.31333333333333,0.20295351883624535,0.07912994230969392,0.1196458487305839,0.04847761692006524,0.0,0.10629533213471978,0.0,0.4434977410686917
1631110,Jeremy Sochan,2023-24,SAS,2193.095,0.18817064653117058,0.14943864807900537,0.2075414481977578,0.31198553610859975,0.0,0.0,0.0,0.14286372108346646
1630579,Jericho Sims,2023-24,NYK,584.7833333333333,0.0,0.0,0.0,0.01639904922009315,0.820284110050389,0.0,0.0,0.16331684072951777
1628975,Jevon Carter,2023-24,CHI,1003.6016666666667,0.387634646630574,0.0,0.0,0.413099762355227,0.0,0.1992655910141991,0.0,0.0
202710,Jimmy Butler III,2023-24,MIA,2042.0583333333334,0.0,0.19607266196722192,0.06347698741775813,0.0,0.0,0.07574390829731702,0.43008505834544075,0.23462138397226215
1629111,Jock Landale,2023-24,HOU,763.46,0.09674537278105033,0.36117035459624697,0.4072736477421567,0.0,0.0,0.12122338418398543,0.0,0.013587240696560698
204060,Joe Ingles,2023-24,ORL,1169.0316666666668,0.39978729270991026,0.0,0.0,0.3887984847952934,0.027284436611059983,0.0,0.0,0.18412978588373632
203954,Joel Embiid,2023-24,PHI,1309.3716666666667,0.0,0.4338749731839038,0.0,0.0,0.0,0.0,0.5661250268160962,0.0
1628381,John Collins,2023-24,UTA,1901.06,0.17679873718906344,0.3228748005503734,0.23586784688447454,0.0,0.0,0.2518512783742537,0.0,0.012607337001834931
1629723,John Konchar,2023-24,MEM,1173.5733333333333,0.5317523027991397,0.0,0.2659172455362928,0.021701093355443252,0.0,0.0,0.0,0.18062935830912422
1631098,Johnny Davis,2023-24,WAS,613.48,0.15642610472970309,0.0,0.19645038551942484,0.1914264901665133,0.0,0.11476819162802025,0.0,0.3409288279563386
1630548,Johnny Juzang,2023-24,UTA,371.80333333333334,0.37270686983932083,0.02089689669881583,0.0,0.0,0.0,0.46122532390101717,0.0,0.14517090956084622
202685,Jonas Valančiūnas,2023-24,NOP,1924.8316666666667,0.12511823519593385,0.79329100733034,0.081590757473726,0.0,0.0,0.0,0.0,0.0
1628371,Jonathan Isaac,2023-24,ORL,914.61,0.2589240714229774,0.0,0.5281317585366769,0.0,0.0,0.056830719592012836,0.1561134504483328,0.0
1630228,Jonathan Kuminga,2023-24,GSW,1949.5133333333333,0.0,0.3916484568861092,0.011820603545333621,0.021587584806292782,0.0,0.18092739446362974,0.12683258978593942,0.2671833705126952
1629007,Jontay Porter,2023-24,DET,359.73833333333334,0.4469064971331055,0.049185954725041975,0.36507106250324717,0.08002485807045251,0.0,0.0,0.058811627568152815,0.0
203903,Jordan Clarkson,2023-24,UTA,1682.3416666666667,0.0,0.04657550520866964,0.0,0.6635529264098137,0.0,0.13572751569086697,0.05135903700790352,0.10278501568274621
1630692,Jordan Goodwin,2023-24,MEM,1055.77,0.14863043199156606,0.0,0.23454520864590322,0.6168243593625307,0.0,0.0,0.0,0.0
1641722,Jordan Hawkins,2023-24,NOP,1160.58,0.1035704417800043,0.0,0.0,0.16669241822451508,0.0,0.7297371399954805,0.0,0.0
1629162,Jordan McLaughlin,2023-24,MIN,626.12,0.32985555970988933,0.0,0.0,0.0,0.0,0.030356075044472842,0.16113747504391046,0.4786508902017274
1629670,Jordan Nwora,2023-24,TOR,711.3933333333333,0.16431135416768616,0.04919710677404004,0.09547215787180353,0.2899386251500354,0.028832875024369948,0.2097436728554961,0.0,0.16250420815656888
1629673,Jordan Poole,2023-24,WAS,2345.555,0.0,0.0,0.0,0.5970665894058971,0.0,0.2740553953826473,0.04727114232799943,0.08160687288345626
1630631,Jose Alvarado,2023-24,NOP,1028.37,0.3543072213551141,0.0,0.0,0.18865415318241635,0.0,0.069741130641328,0.08402001115083091,0.3032774836703108
1630581,Josh Giddey,2023-24,OKC,2011.5583333333334,0.11689747692817627,0.10503602278839741,0.2585286029875499,0.44105262446359206,0.0,0.0,0.021861113287393173,0.05662415954489129
1630182,Josh Green,2023-24,DAL,1504.72,0.3868148293734003,0.0,0.08783681232762285,0.09632144320834811,0.0,0.17953851932356085,0.0,0.2494883957670679
1628404,Josh Hart,2023-24,NYK,2706.7716666666665,0.30578833209088124,0.01486733815993728,0.206437231140228,0.3369110444696973,0.0,0.015673971963691368,0.0,0.12032208217556485
1629006,Josh Okogie,2023-24,PHX,959.715,0.411053804970735,0.0,0.31947304489819917,0.0,0.0,0.00914465822230699,0.04246729221526097,0.21786119969349785
1626196,Josh Richardson,2023-24,MIA,1102.83,0.23355975503993268,0.0,0.06170583192771194,0.3568090132223902,0.0,0.3479253998099651,0.0,0.0
201950,Jrue Holiday,2023-24,BOS,2263.278333333333,0.29903577160280964,0.1521038567279859,0.0,0.31110048518596334,0.05516913330301045,0.0,0.09629630899079049,0.08629444418944024
1630577,Julian Champagnie,2023-24,SAS,1467.875,0.5053366719000325,0.0,0.0787803294305647,0.01103867909280107,0.025130356057362066,0.26116260663444246,0.0,0.11855135688479718
1641763,Julian Phillips,2023-24,CHI,322.55,0.24812402226297287,0.0,0.1617230750346832,0.0,0.0,0.1876235964613862,0.0,0.4025293062409577
1631124,Julian Strawther,2023-24,DEN,545.415,0.0,0.0,0.0,0.1622864604083536,0.0,0.7134263961764161,0.0,0.12428714341523027
203944,Julius Randle,2023-24,NYK,1630.095,0.007831337118851376,0.4552140319654674,0.0,0.32938353203613774,0.0,0.07559044151771527,0.13198065736182837,0.0
203200,Justin Holiday,2023-24,DEN,862.0133333333333,0.46396041503262797,0.0,0.0,0.0,0.0,0.4612788704884501,0.0,0.07476071447892203
1631303,Justin Minaya,2023-24,POR,380.98333333333335,0.5234941359552385,0.0,0.19825670217762792,0.18694073000974343,0.0,0.0,0.0,0.09130843185739015
203994,Jusuf Nurkić,2023-24,PHX,2078.035,0.0034114270231682224,0.5178197116948402,0.1699270730692482,0.0,0.06680586750871516,0.0,0.0,0.2420359207040281
1630231,KJ Martin,2023-24,PHI,746.495,0.06898093290530996,0.0,0.3650580775810749,0.0,0.07548802027500626,0.1672409541175193,0.0,0.3232320151210896
1626157,Karl-Anthony Towns,2023-24,MIN,2025.565,0.09979892240461442,0.4926232178467,0.0,0.0,0.0,0.27122590903701976,0.13635195071166578,0.0
202695,Kawhi Leonard,2023-24,LAC,2330.04,0.050079485112149345,0.154542610947114,0.0,0.0,0.0,0.23213041798813727,0.5173486509710903,0.045898834981509214
1631099,Keegan Murray,2023-24,SAC,2588.5666666666666,0.010100727985618074,0.0,0.1290586235454913,0.1443415511572994,0.0,0.7164990973115912,0.0,0.0
1628966,Keita Bates-Diop,2023-24,BKN,664.59,0.43639781869379946,0.0,0.2555344402425808,0.0,0.0,0.07243611102740956,0.04711755898657973,0.18851407104963044
1629640,Keldon Johnson,2023-24,SAS,2038.3616666666667,0.0581896836475402,0.047569919466196,0.17005722138584353,0.37484299646849845,0.0,0.27746127933632736,0.0,0.07187889969559448
203482,Kelly Olynyk,2023-24,TOR,1758.73,0.16372148296107597,0.24743872212902274,0.04611340015531802,0.13611479777288898,0.1246298366678446,0.0,0.08981831066848846,0.1921634496453613
1626162,Kelly Oubre Jr.,2023-24,PHI,2055.32,0.0,0.0,0.25263925443965723,0.2582065980191226,0.0,0.350627634308894,0.037168397973222675,0.10135811525910353
1629026,Kenrich Williams,2023-24,OKC,1029.0066666666667,0.4762918049283209,0.02330067917705217,0.20460160688444984,0.060365595462569754,0.01719147106754027,0.12085671003398606,0.00505985101815855,0.09233228142792241
203484,Kentavious Caldwell-Pope,2023-24,DEN,2401.7566666666667,0.16606971845834378,0.0,0.033718014211128924,0.13237473965105745,0.00618072048258057,0.5105882800498387,0.0,0.15106852714705063
1631165,Keon Ellis,2023-24,SAC,978.485,0.4805341271275403,0.0,0.0,0.10052751910382506,0.0,0.18841347376267192,0.04820514292515541,0.18231973708080723
201142,Kevin Durant,2023-24,PHX,2790.6366666666668,0.0,0.22144859334925426,0.0,0.0969622579208281,0.0,0.23885401624889813,0.44273513248101964,0.0
1628989,Kevin Huerter,2023-24,SAC,1562.2266666666667,0.0,0.0,0.07699267654190826,0.16714262498682253,0.0,0.7334729457441092,0.0,0.022391752727160173
1628995,Kevin Knox II,2023-24,POR,560.2333333333333,0.37121439495005326,0.053504548009653236,0.11675685574148216,0.09929214493714658,0.0,0.24220625453072384,0.0,0.117025801830941
201567,Kevin Love,2023-24,MIA,924.2633333333333,0.4028632980099611,0.34225814697433427,0.03840166005980548,0.0,0.0,0.16924882701080657,0.047228067945092524,0.0
1626172,Kevon Looney,2023-24,GSW,1194.4283333333333,0.0,0.13057539418445419,0.07119299889895925,0.05940188553152996,0.42590732214692334,0.0,0.033096865142528464,0.2798255340956047
1641718,Keyonte George,2023-24,UTA,2022.5766666666666,0.0,0.0,0.0,0.7818877941599822,0.015487039160623758,0.1422306556963779,0.0,0.060394510983016084
203114,Khris Middleton,2023-24,MIL,1487.27,0.09525941825492658,0.14800529155479614,0.0,0.5237211265114082,0.0,0.025676602598004854,0.20733756108086415,0.0
1630165,Killian Hayes,2023-24,DET,1007.6583333333333,0.012117056054221089,0.0,0.02931028247754949,0.8292814246486355,0.0,0.0,0.0,0.1292912368195939
202691,Klay Thompson,2023-24,GSW,2284.1683333333335,0.0,0.0,0.0,0.0,0.0,0.978630573084441,0.021369426915559084,0.0
1641738,Kobe Brown,2023-24,LAC,393.99833333333333,0.28303315024084835,0.0,0.09717492586767819,0.05836001259606186,0.0,0.14192556797179837,0.0,0.41950634332361325
1627739,Kris Dunn,2023-24,UTA,1249.1766666666667,0.07588665778437292,0.0,0.06424191084686387,0.3776688505910043,0.0,0.0,0.0,0.4822025807777589
1631200,Kris Murray,2023-24,POR,1348.2716666666668,0.36361064953319316,0.0,0.23902883120125465,0.16147179052565325,0.0,0.08364467657142316,0.0,0.1522440521684758
204001,Kristaps Porziņģis,2023-24,BOS,1689.9483333333333,0.11101598269017178,0.609362407298825,0.0,0.0,0.010832672387023913,0.16640242764475757,0.10238650997922183,0.0
203937,Kyle Anderson,2023-24,MIN,1781.8816666666667,0.0,0.044320420139681606,0.244996381837712,0.24517185642025768,0.0,0.0,0.10498506756955996,0.3605262740327886
1628398,Kyle Kuzma,2023-24,WAS,2281.141666666667,0.0,0.2470460637747931,0.03870681152601826,0.4407129627520751,0.0,0.2044078930131532,0.06912626893396027,0.0
200768,Kyle Lowry,2023-24,PHI,1689.7666666666667,0.34113734047333555,0.0,0.0,0.4442831560125368,0.016757991456592635,0.054257260768719735,0.0,0.1435642512888152
202681,Kyrie Irving,2023-24,DAL,2029.6083333333333,0.0,0.0,0.011871437283840365,0.22718993321522146,0.0,0.25476660921240646,0.47078523882852086,0.03538678146001096
1630163,LaMelo Ball,2023-24,CHA,711.35,0.0,0.0,0.0050670727046143015,0.5287479476341105,0.0,0.0,0.31624947822396665,0.1499355014373085
1630205,Lamar Stevens,2023-24,MEM,559.0133333333333,0.10960758398427169,0.009560392529271948,0.3981972301237349,0.19912232274857622,0.0,0.06126914296587334,0.15423514530787413,0.06800818234039763
1629013,Landry Shamet,2023-24,WAS,726.4966666666667,0.0,0.0,0.0,0.04908382328134445,0.0,0.7532371525327392,0.0,0.19767902418591643
1626204,Larry Nance Jr.,2023-24,NOP,1216.1383333333333,0.23659001377747244,0.0665256032881755,0.3327442660622823,0.0,0.1541612941943475,0.0,0.004500846458096583,0.20547797621962582
1628374,Lauri Markkanen,2023-24,UTA,1819.7466666666667,0.0,0.25987775838830024,0.05177202207601694,0.0,0.0,0.6344147111492096,0.05393550838647311,0.0
2544,LeBron James,2023-24,LAL,2503.6833333333334,0.04660568261885129,0.25886642949939515,0.0,0.12039661368755102,0.01612693270176041,0.02938739289272594,0.4237560845680251,0.10486086403169108
1631311,Lester Quinones,2023-24,GSW,394.455,0.07570110999048375,0.05637524730912123,0.05361335458138339,0.22161911581502192,0.0,0.37931663125978027,0.0,0.21337454104420936
1629022,Lonnie Walker IV,2023-24,BKN,1011.14,0.1744286500968312,0.0,0.03216921457757332,0.409158783132431,0.0,0.3024488785105162,0.0817944736826483,0.0
1629652,Luguentz Dort,2023-24,OKC,2245.971666666667,0.39169712147884317,0.0,0.12404325890715158,0.11533948776712419,0.014342757990119142,0.2823893307868404,0.01877604588568122,0.053411997184240355
1629029,Luka Dončić,2023-24,DAL,2624.04,0.0,0.035693160725888,0.0,0.23057652175540366,0.0,0.0,0.7337303175187083,0.0
1629677,Luka Samanic,2023-24,UTA,404.37666666666667,0.03913752102283194,0.1316966959658473,0.12786078412615992,0.1376086665149866,0.0,0.1154033112933167,0.0,0.44829302107685765
1628379,Luke Kennard,2023-24,MEM,999.0466666666666,0.13370174758454528,0.0,0.0,0.17835518989233817,0.0,0.6879430625231164,0.0,0.0
1628436,Luke Kornet,2023-24,BOS,983.31,0.0,0.013140219916590142,0.3735231946771345,0.0,0.527840069345909,0.0854965160603663,0.0,0.0
1630201,Malachi Flynn,2023-24,DET,876.9216666666666,0.1020276230486823,0.0,0.0,0.7349359042625809,0.0,0.0,0.01913344644346232,0.14390302624527432
1631103,Malaki Branham,2023-24,SAS,1594.3266666666666,0.1064501073460353,0.0,0.04610576077904243,0.45425117048273866,0.0,0.2792722162489153,0.0,0.11392074514326846
1627763,Malcolm Brogdon,2023-24,POR,1120.8166666666666,0.0,0.0,0.0530977368824173,0.6015770808482176,0.0,0.13243126281859657,0.20822113173926515,0.004672787711503376
1627736,Malik Beasley,2023-24,MIL,2337.3716666666664,0.15263683570033001,0.0,0.0,0.0,0.0,0.6121948006395733,0.0,0.23516836366009664
1628370,Malik Monk,2023-24,SAC,1872.3066666666666,0.0,0.0,0.010071635850170216,0.6609061453136844,0.03171158216133142,0.2294833392660749,0.06782729740873905,0.0
1630699,MarJon Beauchamp,2023-24,MIL,607.6883333333334,0.2863271491653913,0.0,0.14371791078987586,0.26075538723521063,0.06718719128832465,0.227175273518295,0.0,0.014837088002902647
202694,Marcus Morris Sr.,2023-24,CLE,816.9766666666667,0.14800912786507903,0.28450298028086557,0.0,0.31375620579540636,0.0,0.2247217832705832,0.029009902788065842,0.0
1631204,Marcus Sasser,2023-24,DET,1351.11,0.08968535770051722,0.0,0.0,0.8673094747634571,0.0001037132327722165,0.0,0.009854626921536007,0.033046827381717485
203935,Marcus Smart,2023-24,MEM,604.845,0.1314509812115361,0.0,0.0,0.5106344977504091,0.0,0.0,0.06865483997438769,0.28925968106366706
1631109,Mark Williams,2023-24,CHA,508.39166666666665,0.0,0.17409904929104625,0.12902723563576107,0.0,0.6583449780524091,0.0,0.03852873702078361,0.0
1628365,Markelle Fultz,2023-24,ORL,909.9383333333334,0.0,0.05733164648760866,0.24006274973813863,0.4175628510000369,0.0,0.0,0.014153458875010804,0.27088929389920513
1628963,Marvin Bagley III,2023-24,WAS,1053.3516666666667,0.0,0.3564158918479087,0.3791862226237845,0.0,0.08828355702481745,0.13254747953249685,0.04356684897099248,0.0
203486,Mason Plumlee,2023-24,LAC,673.9266666666666,0.0,0.18304850147606805,0.19404737215046858,0.0,0.4789245266521501,0.0,0.0,0.14397959972131322
1629680,Matisse Thybulle,2023-24,POR,1487.3833333333334,0.647604835349213,0.0,0.018658567331378835,0.0,0.0,0.0,0.023334665401143845,0.3104019319182644
1630346,Matt Ryan,2023-24,NOP,390.385,0.5532266891555633,0.0,0.0,0.09087847188022359,0.0,0.35589483896421303,0.0,0.0
1631108,Max Christie,2023-24,LAL,944.3183333333334,0.36571762239905226,0.0,0.11667798097192239,0.36066581489782606,0.0,0.1068536127791017,0.0,0.05008496895209751
1629622,Max Strus,2023-24,CLE,2239.175,0.00394636032590917,0.0,0.09681794768670615,0.11584172786114649,0.0,0.5834944643386734,0.0,0.1998994997875647
1628467,Maxi Kleber,2023-24,DAL,871.4116666666666,0.6464597460433102,0.10010916111928583,0.15275090440447212,0.03573951203644811,0.020118201514806623,0.044822474881677093,0.0,0.0
1629008,Michael Porter Jr.,2023-24,DEN,2564.605,0.05676990701391579,0.11629474849502668,0.07568084432761746,0.0,0.0,0.7414851323533169,0.00976936781012317,0.0
1628969,Mikal Bridges,2023-24,BKN,2854.24,0.0,0.008842988877522488,0.08176812726575641,0.40215832617722863,0.0,0.33802053977230134,0.12104867932117436,0.04816133858601669
201144,Mike Conley,2023-24,MIN,2193.4583333333335,0.0920897418506179,0.0,0.0,0.39017669263189597,0.0,0.34690399194100835,0.0660022226834218,0.10482735089305585
203488,Mike Muscala,2023-24,OKC,600.18,0.4582037042496155,0.03512387081152428,0.30159459791275556,0.13938960176136747,0.0,0.06568822526473712,0.0,0.0
1628970,Miles Bridges,2023-24,CHA,2581.116666666667,0.11111292334024882,0.15900770542727793,0.06038091499108735,0.26245294510674544,0.0,0.2645643996453124,0.1007054076167669,0.041775703872561146
1630540,Miles McBride,2023-24,NYK,1327.74,0.33065872693903675,0.0,0.0,0.26425920738105924,0.0,0.22731226289380838,0.11980060555496595,0.0579691972311297
1629011,Mitchell Robinson,2023-24,NYK,768.11,0.0,0.0,0.4527832294448898,0.0,0.5472167705551101,0.0,0.0,0.0
1628964,Mo Bamba,2023-24,PHI,740.3516666666667,0.21001209054911585,0.18897249399954372,0.48680965102149937,0.0,0.11420576442984098,0.0,0.0,0.0
1628420,Monte Morris,2023-24,MIN,476.04333333333335,0.14819681651105382,0.0,0.0037755114268811095,0.4090418336560231,0.0,0.08494461490146737,0.20230805708630067,0.15173316641827383
1629021,Moritz Wagner,2023-24,ORL,1414.7366666666667,0.09868453283385528,0.3096050443873917,0.2008616417961848,0.0,0.19426127316667974,0.13387357468872757,0.023589996893068715,0.03912393623409219
1630541,Moses Moody,2023-24,GSW,1155.885,0.14988610786313114,0.00554609359934082,0.18488899613040086,0.0030171181616498303,0.0,0.45537463233336745,0.07730193077332258,0.12398512113878725
1626167,Myles Turner,2023-24,IND,2076.4366666666665,0.1690078237365776,0.5096338009906286,0.11058273655531109,0.0,0.0,0.19771534846706498,0.013060290250417784,0.0
1630230,Naji Marshall,2023-24,NOP,1257.1233333333332,0.3206464271311851,0.0,0.17224522358724223,0.2569748265979175,0.0,0.025553067375451974,0.03554121865780167,0.18903923665040157
1629642,Nassir Little,2023-24,PHX,458.28333333333336,0.43265906985125857,0.0048084251827239105,0.11527693810173717,0.08738332434723706,0.0,0.2621693839527808,0.0,0.09770285856426245
1641877,Nathan Mensah,2023-24,CHA,306.64166666666665,0.0,0.0,0.060332954410307636,0.0,0.34563401908360086,0.0,0.0,0.5940330265060914
1629675,Naz Reid,2023-24,MIN,1963.8283333333334,0.0721898465635285,0.32248453339538957,0.08831532498888611,0.0,0.0,0.31760791814139366,0.020587396510034515,0.17881498040076774
1629674,Neemias Queta,2023-24,BOS,333.21666666666664,0.0,0.24756517333778372,0.09747780484241725,0.0,0.6121409336628566,0.0,0.02772920187835851,0.0150868862785838
1629651,Nic Claxton,2023-24,BKN,2115.6633333333334,0.051340057801640394,0.1466931527393466,0.64611595603145,0.0,0.12505393909406826,0.009950260982180473,0.02084663335131433,0.0
1630208,Nick Richards,2023-24,CHA,1758.7366666666667,0.0,0.19074171307572188,0.0,0.026141942715540004,0.7736904556778611,0.009425888530877063,0.0,0.0
1641733,Nick Smith Jr.,2023-24,CHA,728.71,0.23506077895677097,0.0,0.0,0.6620507204864843,0.0,0.10288850055674476,0.0,0.0
1629638,Nickeil Alexander-Walker,2023-24,MIN,1920.9183333333333,0.47932190924913354,0.0,0.051305023653632736,0.22254646420837784,0.0,0.13476251327767055,0.01378761397758012,0.09827647563360523
201587,Nicolas Batum,2023-24,PHI,1529.5866666666666,0.46427676504443754,0.0,0.09580880876448968,0.030985117190842563,0.0684215260448737,0.13934836338530077,0.0,0.20115941957005573
203999,Nikola Jokić,2023-24,DEN,2736.5333333333333,0.0,0.6751013722965565,0.0,0.0,0.0,0.0,0.32489862770344335,0.0
1631107,Nikola Jović,2023-24,MIA,896.2366666666667,0.5166799386837635,0.10901240932463674,0.14289475458315337,0.06453796276300904,0.016720293076378758,0.04370984097778119,0.05918562606011861,0.04725917453115863
202696,Nikola Vučević,2023-24,CHI,2609.5016666666666,0.06935898123512974,0.6912795766373994,0.05992173476701017,0.0,0.0,0.1794397073604608,0.0,0.0
1641730,Noah Clowney,2023-24,BKN,369.85833333333335,0.3408881903827333,0.0,0.4126222850313615,0.0,0.1626935556452238,0.08379596894068138,0.0,0.0
1626181,Norman Powell,2023-24,LAC,1990.3783333333333,0.04796976261224188,0.02014387361767826,0.03788267433214798,0.1385661964537774,0.0,0.6332624203672148,0.044627781126608444,0.07754729149033125
1628384,OG Anunoby,2023-24,NYK,1702.035,0.2814617690920686,0.0,0.14560188017139666,0.029939958410964394,0.0,0.29776445796202644,0.08359335003583414,0.1616385843277097
1630167,Obi Toppin,2023-24,IND,1730.6016666666667,0.14353976446968567,0.08968661899804818,0.081094960554518,0.0,0.2011096992605693,0.30472050292844927,0.008550652085477064,0.17129780170325243
1630534,Ochai Agbaji,2023-24,TOR,1641.6116666666667,0.22717572236392924,0.0,0.2058478029080961,0.0,0.0,0.3409009590308901,0.0,0.22607551569708442
1641765,Olivier-Maxence Prosper,2023-24,DAL,336.21166666666664,0.09260405242192697,0.0,0.2228238131558636,0.0838035240360315,0.0,0.2925494640184758,0.0,0.30821914636770215
1630209,Omer Yurtseven,2023-24,UTA,545.1016666666667,0.05858464548665952,0.3780601176349303,0.4844467521232618,0.0,0.0,0.0,0.0,0.07890848475514843
1630168,Onyeka Okongwu,2023-24,ATL,1404.7366666666667,0.15147662652435068,0.0607010327120141,0.486870116600076,0.0,0.20160470119241947,0.09934752297113968,0.0,0.0
1631115,Orlando Robinson,2023-24,MIA,303.69,0.03909906775683952,0.17476489161757994,0.10619773916136503,0.14393038877010458,0.07461577640634905,0.0,0.0,0.46139213628776204
1629052,Oshae Brissett,2023-24,BOS,630.165,0.1979958431389895,0.0,0.4209987791542883,0.09143142842254703,0.0,0.1597465254136517,0.0,0.12982742387052348
1631172,Ousmane Dieng,2023-24,OKC,364.9533333333333,0.5154690203456487,0.043705152536873175,0.06809077756529337,0.189154075151063,0.0363962842491077,0.062032157071597115,0.0,0.08515253308041704
200782,P.J. Tucker,2023-24,LAC,486.31333333333333,0.7971922401794019,0.0,0.0687518615389457,0.0,0.0,0.0,0.0,0.1340558982816523
1629023,P.J. Washington,2023-24,DAL,2220.6783333333333,0.32571799356853076,0.1429550638324988,0.16263690147789092,0.029603788244591416,0.0,0.2253198206449864,0.0,0.11376643223150171
1631094,Paolo Banchero,2023-24,ORL,2798.701666666667,0.0,0.30718616992870884,0.0,0.40554834244792703,0.0,0.0,0.2872654876233641,0.0
1627783,Pascal Siakam,2023-24,IND,2657.8883333333333,0.0,0.40898817713521735,0.0,0.10621112199232473,0.0,0.21853429753656162,0.17046271976941785,0.09580368356647843
1626192,Pat Connaughton,2023-24,MIL,1676.28,0.5080921952799448,0.0,0.1528439442324299,0.12882456237720322,0.0,0.1734083686795727,0.0,0.03683092943084942
1631116,Patrick Baldwin Jr.,2023-24,WAS,493.5083333333333,0.35479443986897596,0.0,0.23303857527606492,0.07075508941023567,0.0,0.34141189544472333,0.0,0.0
201976,Patrick Beverley,2023-24,MIL,1462.5116666666668,0.20979845053315804,0.0,0.08867651052746772,0.4976845475538485,0.0,0.0,0.0,0.20384049138552582
1630172,Patrick Williams,2023-24,CHI,1174.085,0.13547673845189045,0.0,0.19473553546851985,0.30626765595456956,0.023601441785914883,0.13181888382363252,0.023850485480371914,0.18424925903510073
201988,Patty Mills,2023-24,MIA,415.315,0.3062406173703785,0.0,0.0,0.3755827920063464,0.0,0.202806271363264,0.0,0.11537031926001108
202331,Paul George,2023-24,LAC,2501.766666666667,0.14168839241619888,0.0545724282233562,0.0,0.025155654350818707,0.0,0.33541989000736117,0.4384317827521529,0.004731852250112128
1630194,Paul Reed,2023-24,PHI,1589.5016666666668,0.12072900947450745,0.16339736708749455,0.5404167428486917,0.0,0.05023005485483175,0.029105287253003116,0.06631684468089424,0.029804693800577365
1630202,Payton Pritchard,2023-24,BOS,1825.7333333333333,0.12787606606362428,0.0,0.017646788519876187,0.4121225710739264,0.0,0.24467689350151767,0.10047085579262315,0.09720682504843231
1631212,Peyton Watson,2023-24,DEN,1487.8366666666666,0.2785144443505443,0.004285947344598541,0.3564855590416381,0.11854799774128809,0.03595891701231256,0.15100486501339402,0.0,0.0552022694962244
1630173,Precious Achiuwa,2023-24,NYK,1623.7533333333333,0.23173776352225475,0.08743984999982793,0.5586264012564992,0.10573197853487354,0.010984310232708879,0.0,0.00547969645383581,0.0
1629656,Quentin Grimes,2023-24,DET,1024.9433333333334,0.4098470364570625,0.0,0.006193450182687387,0.1145776221988466,0.0,0.34766587074116334,0.0,0.12171602042024
1629628,RJ Barrett,2023-24,TOR,1838.1333333333334,0.0,0.1416706266568397,0.13244996481432073,0.3354427156741713,0.0,0.3072139031288472,0.011401881650626155,0.07182090807519494
1641712,Rayan Rupert,2023-24,POR,633.225,0.2942484906714553,0.0,0.0804204887690211,0.3877514101452465,0.0,0.0,0.0,0.237579610414277
203493,Reggie Bullock Jr.,2023-24,HOU,417.47333333333336,0.5132213294433422,0.0,0.0,0.0,0.0,0.1997883066881527,0.0,0.286990363868505
202704,Reggie Jackson,2023-24,DEN,1816.82,0.0,0.0,0.05043923114401485,0.7502065493104338,0.0,0.10960550793787938,0.0,0.08974871160767185
1626158,Richaun Holmes,2023-24,WAS,554.11,0.0,0.04370375046258357,0.8066574383306859,0.0,0.026390638382240775,0.08478391418835537,0.0,0.03846425863613443
203496,Robert Covington,2023-24,PHI,488.415,0.48860732712582683,0.0,0.09691214306828158,0.0,0.0,0.0,0.06887466379897023,0.3456058660069212
1626220,Royce O'Neale,2023-24,PHX,1954.2416666666666,0.5919238347568235,0.0053228849740582515,0.07458608789437611,0.16884200154245502,0.0,0.15932519083228727,0.0,0.0
203497,Rudy Gobert,2023-24,MIN,2593.1133333333332,0.0,0.3072177092623491,0.031430935258845674,0.0,0.6176943393566611,0.0,0.03360342241089024,0.010053593711253882
1629060,Rui Hachimura,2023-24,LAL,1825.4933333333333,0.2825637522829833,0.2871276437489945,0.05852506450077215,0.0,0.01189914453929265,0.2660353560810714,0.056287519755635326,0.03756151909125048
201566,Russell Westbrook,2023-24,LAC,1528.8166666666666,0.0,0.09867164448196636,0.06516012914139126,0.26390414092273107,0.0,0.0,0.18805333349871936,0.384210751955192
1630180,Saddiq Bey,2023-24,ATL,2061.6583333333333,0.2449296303463916,0.12748555549528298,0.09837040874969052,0.08046484317414214,0.0,0.3377880932493612,0.0,0.11096146898513155
1630573,Sam Hauser,2023-24,BOS,1740.585,0.3856981699114318,0.0,0.013083954537482232,0.0,0.0,0.6012178755510859,0.0,0.0
1630241,Sam Merrill,2023-24,CLE,1068.9183333333333,0.07006157955877232,0.0,0.0,0.0,0.0,0.9299384204412277,0.0,0.0
1630572,Sandro Mamukelashvili,2023-24,SAS,450.9583333333333,0.17442071705128842,0.1359654255528187,0.1997750356421124,0.14456563751279564,0.0,0.1417252670586139,0.0,0.20354791718237086
1630583,Santi Aldama,2023-24,MEM,1618.0566666666666,0.4035898841120275,0.11919152359370165,0.2124352438395576,0.07158864120373437,0.0,0.17532970472692702,0.017865002524051828,0.0
1628426,Sasha Vezenkov,2023-24,SAC,511.0733333333333,0.337865612889857,0.0,0.21480246465758673,0.0,0.0,0.4473319224525562,0.0,0.0
1630703,Scoot Henderson,2023-24,POR,1765.3933333333334,0.0,0.0,0.0,0.9057752471885891,0.04490678865462783,0.0,0.0,0.04931796415678294
1630567,Scottie Barnes,2023-24,TOR,2094.2483333333334,0.13359956600682077,0.24945991945899468,0.11597461191977941,0.22688496827069604,0.0,0.007380312273269172,0.209242119357978,0.05745850271246187
1630590,Scotty Pippen Jr.,2023-24,MEM,526.8283333333334,0.02089764330336613,0.0,0.0,0.37239655196317567,0.0,0.0,0.19136822587839616,0.41533757885506206
203552,Seth Curry,2023-24,CHA,615.4133333333333,0.009890337667536523,0.0,0.0,0.39764409985091137,0.0,0.592465562481552,0.0,0.0
1631101,Shaedon Sharpe,2023-24,POR,1059.0183333333334,0.0,0.0,0.08580239071512731,0.5536342055538702,0.04992326598577341,0.2905692312623648,0.0,0.02007090648286412
1628983,Shai Gilgeous-Alexander,2023-24,OKC,2552.6866666666665,0.0,0.023927991387172363,0.003502570045458113,0.0,0.0,0.0,0.8619343905699769,0.11063504799739261
1629003,Shake Milton,2023-24,NYK,581.16,0.1906128015434606,0.05517748283301291,0.044492733295723966,0.41569533042980217,0.0,0.0,0.0,0.29402165189800034
1631323,Simone Fontecchio,2023-24,DET,1643.8933333333334,0.27972015599292277,0.0,0.16691766740488498,0.0,0.0,0.5033529834629579,0.0,0.050009193139234236
1630219,Skylar Mays,2023-24,LAL,433.27166666666665,0.0017856824147435995,0.0,0.0,0.6133732111784221,0.0,0.0,0.04847831030337242,0.336362796103462
203915,Spencer Dinwiddie,2023-24,LAL,2152.4083333333333,0.23197404320493198,0.0,0.03190670485904625,0.515716199809614,0.0,0.0,0.10498695447731483,0.11541609764909286
1630649,Stanley Umude,2023-24,DET,307.12166666666667,0.14567856883014801,0.05505421541273724,0.03620869525035079,0.002819866246187487,0.019259149484839092,0.3967616170245474,0.0,0.3442178877511899
201939,Stephen Curry,2023-24,GSW,2421.5383333333334,0.0,0.0,0.0,0.21355022729372033,0.0,0.49236054865590767,0.29408922405037197,0.0
1629004,Svi Mykhailiuk,2023-24,BOS,413.16333333333336,0.23190823485706394,0.0,0.0,0.04167416052500253,0.0,0.7264176046179335,0.0,0.0
204456,T.J. McConnell,2023-24,IND,1290.9766666666667,0.0,0.0,0.0,0.4453635451149689,0.0,0.0,0.28811813580748513,0.26651831907754614
1629659,Talen Horton-Tucker,2023-24,UTA,1008.6983333333334,0.0,0.0,0.061950929841880956,0.5666894841673478,0.0,0.02337470440826797,0.10923091794659134,0.23875396363591195
1631106,Tari Eason,2023-24,HOU,480.105,0.2723115890374021,0.0,0.30261947760871855,0.0,0.0,0.0,0.1829817068535328,0.24208722650034656
1627752,Taurean Prince,2023-24,LAL,2107.6216666666664,0.3616085536369317,0.0,0.053202662500888905,0.012349018939283692,0.0,0.39993433091447245,0.0,0.17290543400842337
1641707,Taylor Hendricks,2023-24,UTA,856.4316666666666,0.3954987782311546,0.0,0.26945632560438354,0.0,0.0,0.33504489616446176,0.0,0.0
1629611,Terance Mann,2023-24,LAC,1872.8916666666667,0.12057221871750277,0.01862908317092736,0.17281672356548086,0.045341118741013084,0.0695281685464549,0.26617733684555145,0.01856393006502356,0.288371420348046
1626179,Terry Rozier,2023-24,MIA,2040.3816666666667,0.0,0.0,0.0012362098031107125,0.47899897801239233,0.0,0.2072271057148381,0.23230945305307138,0.08022825341658747
201152,Thaddeus Young,2023-24,PHX,439.50166666666667,0.0,0.04659468307723911,0.37263444315225613,0.0,0.043623955432741404,0.0358227767840085,0.025520124791625062,0.4758040167621298
1628418,Thomas Bryant,2023-24,MIA,441.365,0.02152073641328364,0.4287743726015791,0.31854791798516835,0.0,0.097328912388018,0.12741305537321915,0.0,0.006415005238731795
203501,Tim Hardaway Jr.,2023-24,DAL,2120.3283333333334,0.0349105533468486,0.0002293733182766562,0.0,0.2758572448940441,0.0,0.6890028284408306,0.0,0.0
202699,Tobias Harris,2023-24,PHI,2367.78,0.05878596050795334,0.3101135092884335,0.0,0.10814790295015779,0.0,0.22988811538624496,0.1656179685652365,0.1274465433019739
1628470,Torrey Craig,2023-24,CHI,1048.6016666666667,0.32275330848287104,0.0,0.23995846279870833,0.07090126253266332,0.012493665027805191,0.14440439475975694,0.0,0.20948890639819512
1641787,Tosan Evbuomwan,2023-24,DET,366.5783333333333,0.4489390794494562,0.0021684741317753433,0.17627214676253744,0.0,0.005206910509059063,0.12813092288087538,0.0,0.23928246626629646
1641739,Toumani Camara,2023-24,POR,1739.32,0.3193210090207494,0.0,0.36330692782828977,0.1392471357097459,0.0,0.0,0.0,0.17812492744121486
1629027,Trae Young,2023-24,ATL,1941.7133333333334,0.0,0.0,0.0,0.6487640780559992,0.0,0.0,0.3512359219440008,0.0
1631218,Trayce Jackson-Davis,2023-24,GSW,1130.4516666666666,0.0,0.12029058480374882,0.07402020345579695,0.0,0.7542260561831242,0.0,0.051463155557329845,0.0
1630200,Tre Jones,2023-24,SAS,2138.18,0.04150688598946158,0.0,0.06774005808332484,0.5070951457358985,0.029469841318874024,0.0,0.02678013732535224,0.3274079315470887
1630544,Tre Mann,2023-24,CHA,987.0983333333334,0.06305702271372228,0.0,0.0,0.5856928469670636,0.0,0.0,0.07323622774992183,0.27801390256929237
1630570,Trendon Watford,2023-24,BKN,856.52,0.0328406343742166,0.21342864598837175,0.17530131017713785,0.253367894124466,0.018979203923180973,0.08005769141343683,0.018344866954640535,0.20767975304454955
1630235,Trent Forrest,2023-24,ATL,413.76166666666666,0.0,0.0,0.08444491855762133,0.5171395869772725,0.0,0.0,0.0,0.39841549446510616
1641998,Trey Jemison III,2023-24,MEM,573.985,0.0,0.29017647137162644,0.0,0.05450456803211652,0.5200571122418681,0.0,0.0,0.13526184835438892
1626168,Trey Lyles,2023-24,SAC,1158.2183333333332,0.5928633092075336,0.17638235336153413,0.07620398184495296,0.0,0.011744385282114102,0.14280597030386513,0.0,0.0
1630530,Trey Murphy III,2023-24,NOP,1690.265,0.29624494982448085,0.0,0.08724663075423408,0.0,0.0,0.5089649225520229,0.10754349686926222,0.0
202684,Tristan Thompson,2023-24,CLE,548.9166666666666,0.0,0.04605992627697922,0.17729792403473507,0.15315768175010153,0.4341824257978219,0.0,0.0,0.18930204214036236
1628972,Troy Brown Jr.,2023-24,DET,826.5116666666667,0.4617954224005978,0.0,0.06084768739559389,0.33033228584829655,0.0,0.12228088627181763,0.0,0.02474371808369407
1629639,Tyler Herro,2023-24,MIA,1407.105,0.0,0.023587935905189594,0.0,0.5503797456434981,0.0,0.32053640233425196,0.10549591611706033,0.0
1630169,Tyrese Haliburton,2023-24,IND,2223.5383333333334,0.12632774640994515,0.0,0.0,0.46333436471152667,0.021213314164165897,0.0,0.38912457471436224,0.0
1630178,Tyrese Maxey,2023-24,PHI,2625.806666666667,0.0,0.0,0.023907876623067675,0.40074729479862997,0.0,0.2551066323995703,0.32023819617873195,0.0
1626145,Tyus Jones,2023-24,WAS,1932.6666666666667,0.039787416241986465,0.0,0.0,0.5248782041934822,0.0,0.0971742670293795,0.1005947696268694,0.23756534290828246
203995,Vasilije Micic,2023-24,CHA,1175.73,0.037516583348575126,0.0,0.0,0.8103392303076506,0.04199489282830653,0.0,0.0,0.11014929351546762
1641705,Victor Wembanyama,2023-24,SAS,2106.235,0.090545807806567,0.4834784839567295,0.1900180905631765,0.0,0.0009169541767629438,0.0,0.23504066349676417,0.0
1631246,Vince Williams Jr.,2023-24,MEM,1436.53,0.31486700987549937,0.0,0.12041678971073427,0.3468965123616629,0.0801973630623298,0.0441972535523988,0.0,0.09342507143737486
1630249,Vít Krejčí,2023-24,ATL,541.32,0.5820451142119806,0.0,0.0,0.18490347353631834,0.07062428331018938,0.0,0.0,0.1624271289415118
1631117,Walker Kessler,2023-24,UTA,1493.1066666666666,0.035509853187620094,0.0,0.670883435299813,0.0,0.29360671151256695,0.0,0.0,0.0
1628976,Wendell Carter Jr.,2023-24,ORL,1406.3033333333333,0.3124343264473063,0.24712997496021424,0.2644028034219231,0.0,0.07496171089601558,0.10107118427454077,0.0,0.0
202083,Wesley Matthews,2023-24,ATL,412.87,0.5831427386871787,0.0,0.04089366331765412,0.0,0.0,0.1783760967577293,0.0,0.19758750123743773
1630214,Xavier Tillman,2023-24,BOS,974.555,0.316436589436658,0.20472655024881334,0.34593843349717845,0.0,0.0,0.0,0.0,0.13289842681735023
1629139,Yuta Watanabe,2023-24,MEM,464.37333333333333,0.6581733830532988,0.0,0.04671908496414792,0.16829199720466906,0.0,0.0,0.0,0.12681553477788424
1628380,Zach Collins,2023-24,SAS,1525.7283333333332,0.15625842586063418,0.6173165290986811,0.0,0.054249946262687775,0.0,0.0,0.0,0.17217509877799694
203897,Zach LaVine,2023-24,CHI,871.8616666666667,0.03963137247547014,0.0,0.0,0.47412647306119193,0.08366716057815012,0.22530237605796877,0.17727261782721893,0.0
1630192,Zeke Nnaji,2023-24,DEN,576.12,0.017820458173690386,0.017346880976945502,0.3442069495097753,0.07683289396383904,0.05335595206960928,0.06827075402987401,0.0,0.4221661112762665
1630533,Ziaire Williams,2023-24,MEM,1037.6816666666666,0.23364240719007257,0.0,0.12636289082119193,0.33484550497172055,0.0,0.2076999675855551,0.0,0.09744922943146
1629627,Zion Williamson,2023-24,NOP,2206.923333333333,0.0,0.26925833216968686,0.09928090523963243,0.0,0.0,0.0,0.4135158045345585,0.21794495805612216
1630639,A.J. Lawson,2024-25,TOR,486.41,0.006670669252663816,0.0,0.1780136582550972,0.13532606357143875,0.0002971618295035965,0.40422918565178356,0.0,0.275463261439513
1631260,AJ Green,2024-25,MIL,1659.1416666666667,0.2970073451054777,0.0,0.0,0.0,0.0,0.7029926548945223,0.0,0.0
1642358,AJ Johnson,2024-25,WAS,638.3866666666667,0.0,0.0,0.0,0.47361749352720545,0.04408730119950117,0.009579990532426964,0.0,0.4727152147408666
203932,Aaron Gordon,2024-25,DEN,1446.7166666666667,0.167631229916148,0.34633403466698487,0.0,0.05622961606269479,0.11988396815276507,0.1421645755468783,0.11063986476223193,0.05711671089229708
1628988,Aaron Holiday,2024-25,HOU,792.2466666666667,0.30753494923756003,0.0,0.0,0.4169239400601237,0.0,0.23994268712691777,0.035598423575398566,0.0
1630174,Aaron Nesmith,2024-25,IND,1121.6183333333333,0.24968913645821503,0.05980165711388314,0.10075536480122523,0.0,0.017339085243884302,0.42971765085371394,0.04579233703307032,0.096904768496008
1630598,Aaron Wiggins,2024-25,OKC,1743.9,0.2346093851199981,0.0,0.17535498932145469,0.05900342892960252,0.0,0.30390803696185775,0.13139896909675872,0.09572519057032813
1641737,Adem Bona,2024-25,PHI,904.55,0.0,0.0,0.2519024569522727,0.0,0.6684438952350075,0.0,0.0,0.0796536478127197
1642349,Ajay Mitchell,2024-25,OKC,596.955,0.055430146109806386,0.0,0.07598242954685878,0.39795222366421423,0.02101234066245707,0.10096209443890501,0.0,0.3486607655777585
201143,Al Horford,2024-25,BOS,1658.5733333333333,0.5723725792037775,0.2368325110057016,0.08437631834549798,0.0,0.0,0.1064185914450229,0.0,0.0
202692,Alec Burks,2024-25,MIA,863.4966666666667,0.45708566855512806,0.0,0.013064994334976111,0.14924594658959248,0.0,0.33573978158449647,0.04486360893580687,0.0
1627936,Alex Caruso,2024-25,OKC,1040.635,0.4463856977749491,0.0,0.14659140839891785,0.0,0.0,0.0,0.1365195472704721,0.2705033465556609
203458,Alex Len,2024-25,LAL,379.79,0.04032708890899824,0.0,0.47274834701945073,0.06924236567455011,0.20250184939524637,0.0,0.0,0.21518034900175445
1642259,Alex Sarr,2024-25,WAS,1814.2283333333332,0.22540275552454986,0.25849739437049035,0.28783348542694565,0.18546266015508642,0.0,0.0428037045229278,0.0,0.0
1630578,Alperen Sengun,2024-25,HOU,2394.9766666666665,0.0,0.6533741071453986,0.03570078375126757,0.0,0.0,0.0,0.21250466251820846,0.09842044658512533
1641708,Amen Thompson,2024-25,HOU,2225.415,0.06947356503233701,0.0,0.4328219723646928,0.051893401589089824,0.0,0.0,0.25893626120237145,0.18687479981150887
1629599,Amir Coffey,2024-25,LAC,1747.54,0.2472375047677486,0.059548242187394254,0.05225463851540753,0.10133031460466684,0.0,0.41168300481230286,0.028375906487367084,0.09957038862511283
203083,Andre Drummond,2024-25,PHI,750.6333333333333,0.0,0.30225569300009175,0.492660666652415,0.0,0.021955594483520243,0.0,0.0,0.18312804586397302
1641748,Andre Jackson Jr.,2024-25,MIL,980.0916666666667,0.34703452964403925,0.0,0.2023475588149116,0.09322882754313701,0.05802658995032988,0.0,0.0,0.29936249404758214
1629614,Andrew Nembhard,2024-25,IND,1880.67,0.08002279669117009,0.0,0.0028614343176300108,0.6018936548827655,0.0,0.02537867195307128,0.055174277506741344,0.23466916464862195
203952,Andrew Wiggins,2024-25,MIA,1842.2816666666668,0.0011740844105465652,0.16705647989316458,0.06177240171995247,0.2450972363841735,0.0,0.31961913680760884,0.12614325384955574,0.07913740693499832
1629014,Anfernee Simons,2024-25,POR,2291.8983333333335,0.0,0.0,0.0,0.6030047505614547,0.0,0.20852859320845354,0.1875458082440246,0.0009208479860671149
1641710,Anthony Black,2024-25,ORL,1886.9933333333333,0.012347279240277207,0.0,0.1687901871366456,0.49572216697341354,0.0,0.0,0.01633995591545197,0.30680041073421177
203076,Anthony Davis,2024-25,DAL,1705.4883333333332,0.0,0.4576927739291837,0.16469253270375303,0.0,0.0,0.05586957958647243,0.3217451137805906,0.0
1630162,Anthony Edwards,2024-25,MIN,2871.0583333333334,0.0,0.0,0.004203224601675915,0.29834653325637744,0.017619982237375514,0.2477864030821419,0.43204385682242935,0.0
1630264,Anthony Gill,2024-25,WAS,397.575,0.0,0.06618976196268182,0.1129498685195869,0.0,0.005604800888869016,0.2693112576773946,0.0,0.5459443109514677
1641810,Antonio Reeves,2024-25,NOP,659.5583333333333,0.07961066346511825,0.0,0.05412032219826581,0.20453012309935562,0.010182377020891985,0.4895451438906957,0.0,0.16201137032567278
1641709,Ausar Thompson,2024-25,DET,1327.715,0.0,0.0,0.4044604791549224,0.0,0.0,0.0,0.1503430877466836,0.4451964330983941
1630559,Austin Reaves,2024-25,LAL,2550.0916666666667,0.001125237985338608,0.0,0.0,0.36953444814049335,0.03205398859240653,0.2840509272394337,0.2055203180600271,0.10771507998230062
1630245,Ayo Dosunmu,2024-25,CHI,1393.8833333333334,0.21447727530673955,0.0,0.07779729022946642,0.3111793675159399,0.07014724999458782,0.09148690888270582,0.0,0.23491190807056056
1628389,Bam Adebayo,2024-25,MIA,2673.693333333333,0.09686798385042017,0.4654618407816492,0.047052483368076894,0.023408914994626287,0.0,0.03427903187656215,0.2262537436895906,0.1066760014390748
1631248,Baylor Scheierman,2024-25,BOS,383.8883333333333,0.312169951074606,0.0,0.0,0.0958012000651038,0.0,0.4247187840540231,0.0,0.16731006480626723
1641767,Ben Sheppard,2024-25,IND,1229.5583333333334,0.48008416830582534,0.0,0.0832311072987805,0.0,0.0,0.2944934067192405,0.0,0.14219131767615376
1627732,Ben Simmons,2024-25,LAC,1119.6933333333334,0.0,0.1492904942212261,0.0,0.20371265837605965,0.29230733233150125,0.0,0.0,0.354689515071213
1631097,Bennedict Mathurin,2024-25,IND,2149.318333333333,0.0,0.03044690856519546,0.05697025977433863,0.3563855190286957,0.10891323905327531,0.2703595023162443,0.07335616996278195,0.10356840129946862
1641731,Bilal Coulibaly,2024-25,WAS,1947.5066666666667,0.08433548779031631,0.0,0.1757064981046455,0.47236049873183944,0.0,0.05993451210726451,0.0,0.20766300326593432
202687,Bismack Biyombo,2024-25,SAS,527.4866666666667,0.0,0.08823461972545067,0.0,0.01960514907326913,0.323748428750542,0.0,0.0,0.5684118024507383
1631104,Blake Wesley,2024-25,SAS,683.1066666666667,0.06320502762497039,0.0,0.062218022595421495,0.3937194373211481,0.0,0.0,0.0,0.48085751245846003
1626171,Bobby Portis,2024-25,MIL,1243.68,0.22002285856071654,0.6357478845069863,0.0,0.03951052438865975,0.0,0.04382085441664569,0.06089787812699174,0.0
203992,Bogdan Bogdanović,2024-25,LAC,1347.6583333333333,0.09615748551996559,0.0,0.024510752191278757,0.3932065559658555,0.0,0.4057671017731111,0.0,0.08035810454978899
1629626,Bol Bol,2024-25,PHX,448.48333333333335,0.4869033050678143,0.19002689218138277,0.1413188081490797,0.0,0.014154437393686409,0.08210018031624537,0.08549637689179153,0.0
203078,Bradley Beal,2024-25,PHX,1702.1916666666666,0.04236995379607735,0.0,0.07345432964721837,0.39729022161932775,0.0,0.28774596854028317,0.12192250417930985,0.0772170222177835
1641764,Brandin Podziemski,2024-25,GSW,1716.3483333333334,0.1263491676697532,0.0,0.06914265701003292,0.3517049574391681,0.0,0.2646577889805906,0.0815882386181796,0.1065571902822755
1630527,Brandon Boston,2024-25,NOP,992.78,0.0,0.0,0.047905897802327575,0.304690782827787,0.0,0.20746387298360067,0.15179856425334226,0.28814088213294253
1629634,Brandon Clarke,2024-25,MEM,1206.8616666666667,0.0032106506080405287,0.04500065218086198,0.5624117922470897,0.0,0.04529804570534797,0.12412993285618237,0.047605478555061365,0.17234344784741618
1627742,Brandon Ingram,2024-25,TOR,595.0316666666666,0.0,0.15663588443929474,0.0,0.5274489674941748,0.0,0.09304901405410754,0.22286613401242295,0.0
1641706,Brandon Miller,2024-25,CHA,923.565,0.0,0.015346515712419129,0.04248330215725798,0.3751760645961035,0.0,0.4850720683857562,0.0819220491484633,0.0
1630314,Brandon Williams,2024-25,DAL,487.13,0.03933269933806509,0.0,0.0,0.2846296017100682,0.008400162077569669,0.0,0.27987970450757493,0.38775783236672207
1641729,Brice Sensabaugh,2024-25,UTA,1431.9216666666666,0.17521786613255347,0.04861644172124684,0.00921730260149661,0.3062015715783261,0.0,0.3621874704938254,0.02015989740853198,0.07839945006401962
201572,Brook Lopez,2024-25,MIL,2546.07,0.37968706596762014,0.4195777700983734,0.004205279435922304,0.0,0.11081696170749442,0.08571292279058984,0.0,0.0
1628971,Bruce Brown,2024-25,NOP,921.53,0.0,0.0,0.16192421842628724,0.2594728348904795,0.0,0.215042511562157,0.013700744347027309,0.34985969077404894
1642267,Bub Carrington,2024-25,WAS,2457.79,0.15470148961531885,0.0,0.0,0.6879409901904369,0.02252408587225714,0.13483343432198702,0.0,0.0
1627741,Buddy Hield,2024-25,GSW,1862.9883333333332,0.0447245791624054,0.0,0.007662765710771962,0.061229960320650194,0.0,0.755206019699389,0.0,0.13117667510678327
203468,CJ McCollum,2024-25,NOP,1831.6783333333333,0.0,0.006227395722291149,0.012876261869557287,0.4673459170710787,0.0,0.4072357582314379,0.10631466710563492,0.0
1630595,Cade Cunningham,2024-25,DET,2451.9466666666667,0.0,0.12773793943212222,0.0,0.5717987237229112,0.0,0.0,0.3004633368449667,0.0
1631216,Caleb Houstan,2024-25,ORL,787.99,0.5759203030334448,0.0,0.018194790955723364,0.0,0.0,0.4058849060108318,0.0,0.0
1628997,Caleb Martin,2024-25,DAL,1218.0166666666667,0.23695547437051906,0.0,0.17495356002667045,0.3940675823757045,0.0,0.0,0.03883467886802409,0.15518870435908189
1629629,Cam Reddish,2024-25,LAL,589.45,0.4324227367749434,0.0,0.12855616270624373,0.0,0.0,0.011780963007570124,0.0,0.4272401375112426
1630560,Cam Thomas,2024-25,BKN,781.1566666666666,0.0,0.0,0.0,0.4555036566403579,0.0,0.30148941102350607,0.24300693233613604,0.0
1641715,Cam Whitmore,2024-25,HOU,826.585,0.1576970972428431,0.0,0.1800448776105816,0.2673390968235258,0.0,0.21387020804194923,0.12962926518521095,0.05141945509588943
1629661,Cameron Johnson,2024-25,BKN,1799.7633333333333,0.0,0.0,0.07315636704537971,0.14479149393459942,0.010860969494984666,0.6137035522428189,0.15748761728221716,0.0
1626166,Cameron Payne,2024-25,NYK,1089.9766666666667,0.14215312253694895,0.0,0.0,0.5636807702612864,0.0,0.0976325454887534,0.07330263984623428,0.12323092186677698
1627747,Caris LeVert,2024-25,ATL,1596.1066666666666,0.1498855066220801,0.0,0.06856924488424546,0.07717944122675514,0.017488084210826312,0.3140633047187655,0.18842697717450624,0.18438744116282127
1641717,Cason Wallace,2024-25,OKC,1876.26,0.25633398076715075,0.0,0.08737256421897793,0.0,0.0,0.12257294742573484,0.10275456555704292,0.4309659420310935
1629646,Charles Bassey,2024-25,SAS,375.515,0.0,0.12066517109653123,0.29567719962010913,0.036218198823137274,0.5275849898697973,0.0,0.008069908619128499,0.011784531971296563
1631096,Chet Holmgren,2024-25,OKC,876.54,0.10697525060625493,0.2372643010649269,0.3263855388050572,0.0,0.006433419403772972,0.19725879013829056,0.12568269998169737,0.0
1628449,Chris Boucher,2024-25,TOR,862.3,0.31674915436950285,0.04989028324141742,0.2818298405159879,0.0,0.011979897352284042,0.2355244345321996,0.10402638998860805,0.0
101108,Chris Paul,2024-25,SAS,2292.1633333333334,0.20515315507042542,0.0,0.0,0.6385170059214268,0.0,0.0,0.15632983900814768,0.0
1631128,Christian Braun,2024-25,DEN,2675.383333333333,0.06505934377612428,0.006728862093758764,0.08367712367051593,0.0,0.19367590548499147,0.3260436993521133,0.06296443311135448,0.2618506325111417
1631132,Christian Koloko,2024-25,LAL,341.53,0.036534791013983776,0.0,0.0,0.0,0.4807058571356197,0.0,0.0,0.4827593518503965
203991,Clint Capela,2024-25,ATL,1176.4333333333334,0.0,0.1983117836290798,0.27311906253414353,0.0025690596341232334,0.4720880126866172,0.007931533005885888,0.0,0.04598054851015036
1629632,Coby White,2024-25,CHI,2450.2566666666667,0.10819438593765968,0.0,0.0,0.4731866523424672,0.0589754551454943,0.17368934314180498,0.12222687667417634,0.0637272867583975
1628998,Cody Martin,2024-25,PHX,1173.2066666666667,0.29598479664195565,0.0,0.1810299818890578,0.248695724960176,0.0,0.0682540220617722,0.03493119508253125,0.17110427936450714
1642262,Cody Williams,2024-25,UTA,1059.6116666666667,0.3110763431244884,0.0,0.06780242144175526,0.24514004238807277,0.0,0.12952323760564138,0.0,0.24645795544004223
1641732,Colby Jones,2024-25,WAS,514.6483333333333,0.1973814566558347,0.013517852898258728,0.07779018548401472,0.32572869046981895,0.0,0.07149993994100912,0.0,0.31408187455106373
1630175,Cole Anthony,2024-25,MEM,1234.1133333333332,0.024925751474339234,0.0,0.09173871188547295,0.6780222800674554,0.0,0.0,0.12797366055065212,0.07733959602208028
1630658,Colin Castleton,2024-25,TOR,431.99,0.02252460210480048,0.12873887230250203,0.20691780311063074,0.10119971955917155,0.0,0.0,0.0,0.5406190029228952
1631221,Collin Gillespie,2024-25,PHX,461.2183333333333,0.36503596304488456,0.0,0.0,0.2491955403074824,0.0,0.0,0.24047088883426346,0.1452976078133695
1629012,Collin Sexton,2024-25,UTA,1757.76,0.0,0.02947987911201169,0.0012321879763465046,0.5421826893678634,0.01732421855642484,0.10403749446313823,0.19083531457843317,0.11490821594578214
1630557,Corey Kispert,2024-25,WAS,1601.5233333333333,0.02867552662665716,0.007138371121425171,0.08148330880712507,0.013781421820630151,0.0,0.7261786909339789,0.0,0.14274268069018362
202709,Cory Joseph,2024-25,ORL,611.7333333333333,0.503688032210985,0.0,0.0,0.33394527856900547,0.0,0.005034740302791779,0.02307274226633502,0.13425920665088273
1641854,Craig Porter Jr.,2024-25,CLE,513.265,0.07108120719356743,0.0,0.0,0.5184285908281735,0.18185144295580039,0.0,0.008695472811453851,0.21994328621100495
1626156,D'Angelo Russell,2024-25,BKN,1480.4183333333333,0.0,0.0,0.0,0.6860402984407642,0.012829911771739462,0.07109628469543258,0.07786114403193298,0.15217236106013085
1629610,DaQuan Jeffries,2024-25,CHA,1071.5066666666667,0.2770271692087065,0.0,0.13229252756325072,0.06738481094069297,0.0,0.3528856111063371,0.0,0.17040988118101266
1630625,Dalano Banton,2024-25,POR,1119.945,0.12420615189252386,0.0,0.14969751917218976,0.5187121465037731,0.0,0.0,0.08575805704553129,0.12162612538598201
1631207,Dalen Terry,2024-25,CHI,987.1783333333333,0.2678168411987682,0.0,0.16594924780872106,0.18156272737332838,0.0,0.0010479208622562026,0.0,0.38362326275692615
1642261,Dalton Knecht,2024-25,LAL,1493.795,0.12561279143195944,0.031071896634369756,0.0810501323564349,0.06778314575148874,0.0,0.6944820338257471,0.0,0.0
203081,Damian Lillard,2024-25,MIL,2092.87,0.0,0.0,0.0,0.4865557509574593,0.0,0.15720479855003935,0.3562394504925014,0.0
1641878,Damion Baugh,2024-25,CHA,370.48833333333334,0.0,0.0,0.0,0.45685821374392205,0.0,0.0,0.0,0.543141786256078
1629655,Daniel Gafford,2024-25,DAL,1226.095,0.0,0.2496940765235084,0.0,0.0,0.7006823349642278,0.0,0.04962358851226388,0.0
1628464,Daniel Theis,2024-25,NOP,621.2416666666667,0.14126030212090446,0.14864468499011563,0.4605604508497624,0.0544927811944898,0.0,0.05256827659701273,0.0,0.14247350424771488
203957,Dante Exum,2024-25,DAL,372.31,0.17678389801416514,0.008646029596344655,0.018620969909282012,0.43629336447206873,0.03183759777085963,0.0,0.0471243672640881,0.28069377297319176
1629636,Darius Garland,2024-25,CLE,2300.77,0.0,0.0,0.0,0.5633885588220842,0.0,0.11496793473283615,0.26935198872137467,0.05229151772370497
1631223,David Roddy,2024-25,HOU,409.75333333333333,0.3712748884126688,0.09460610403279754,0.042856910099085675,0.09465119563117935,0.0,0.04348562420748936,0.0,0.35312527761677925
1630558,Davion Mitchell,2024-25,MIA,2027.3133333333333,0.09779245452246903,0.0,0.0,0.577267125105023,0.013813997351431823,0.0,0.0,0.311126423021076
1630549,Day'Ron Sharpe,2024-25,BKN,907.4583333333334,0.07551523147740934,0.27850148822889187,0.5405303492467258,0.0,0.0,0.0,0.02497042176626022,0.08048250928071281
1628368,De'Aaron Fox,2024-25,SAS,2241.1366666666668,0.0,0.0,0.028083439250777636,0.5336974251087255,0.0,0.08364877863352331,0.280294357938603,0.0742759990683704
1629631,De'Andre Hunter,2024-25,CLE,1740.015,0.06915533455108805,0.15057345589721072,0.022597379469604228,0.02855656176602479,0.0,0.510225653942538,0.13965446578034826,0.0792371485931859
201599,DeAndre Jordan,2024-25,DEN,690.7016666666667,0.0,0.0431141183024769,0.25159117469859854,0.02946794644206594,0.6383827743326883,0.0,0.0,0.03744398622417045
201942,DeMar DeRozan,2024-25,SAC,2767.615,0.0,0.1459572831804459,0.0,0.3236218607067293,0.0,0.19577026000499367,0.33465059610783116,0.0
1629731,Dean Wade,2024-25,CLE,1252.4516666666666,0.7558074879484165,0.002261356046820218,0.1285618987311031,0.0,0.0,0.11336925727366019,0.0,0.0
1629028,Deandre Ayton,2024-25,POR,1205.62,0.09639191687034421,0.4793548897990497,0.3177893395745816,0.026493113566146018,0.0,0.07997074018987839,0.0,0.0
1627749,Dejounte Murray,2024-25,NOP,1012.1483333333333,0.0,0.0,0.0,0.6408252811573919,0.0,0.0,0.21447649981638844,0.14469821902621965
1626153,Delon Wright,2024-25,NYK,634.4966666666667,0.3416874521475272,0.0,0.030857410764575526,0.24642517109545184,0.0,0.0,0.0,0.3810299659924454
1630166,Deni Avdija,2024-25,POR,2161.1483333333335,0.13145645017605315,0.06049687151474013,0.12083384613438683,0.32908715922467996,0.09497910888779477,0.06132519248117833,0.13618307702454102,0.0656382945566257
203471,Dennis Schröder,2024-25,DET,2104.778333333333,0.0,0.0,0.0,0.8160367352770354,0.0,0.08847018193935456,0.05917572320872374,0.036317359574886236
1641726,Dereck Lively II,2024-25,DAL,832.7366666666667,0.0,0.20061636506215372,0.0,0.0,0.7569947419313969,0.0,0.0,0.04238889300644926
1627884,Derrick Jones Jr.,2024-25,LAC,1873.3883333333333,0.2978481244768439,0.0,0.27685596430334053,0.0,0.03381415097808721,0.15129595030198542,0.03368799370850145,0.20649781623124153
1628401,Derrick White,2024-25,BOS,2573.615,0.36895558329717393,0.0,0.02918548977691651,0.20555337684620778,0.00951147301415821,0.20973702798152702,0.1770570490840165,0.0
1630217,Desmond Bane,2024-25,ORL,2205.225,0.053397822944100726,0.0,0.051068799995662245,0.2746397078291538,0.031301758434604914,0.16509721335174138,0.2727808562062462,0.15171384123849077
1626164,Devin Booker,2024-25,PHX,2794.9666666666667,0.0,0.04696428829979773,0.0,0.3813340835845907,0.0,0.2799764351815456,0.29172519293406596,0.0
1642269,Devin Carter,2024-25,SAC,395.9433333333333,0.15773711480441147,0.0,0.027743348684424015,0.3728059318589033,0.0,0.0,0.05464220093466259,0.3870714037175986
1630170,Devin Vassell,2024-25,SAS,1983.185,0.10406381438628648,0.0,0.030505880731892063,0.35107368150045337,0.0,0.37965828658317086,0.11683964547514569,0.01785869132305141
1628415,Dillon Brooks,2024-25,HOU,2388.2616666666668,0.26407912576072,0.17484504171495374,0.0,0.24805098108278772,0.0,0.308579685531056,0.004445165910482511,0.0
1641794,Dillon Jones,2024-25,OKC,551.4933333333333,0.3260893673365744,0.0,0.21089785183421628,0.2702557574640895,0.0,0.0,0.0,0.1927570233651199
1627734,Domantas Sabonis,2024-25,SAC,2428.8766666666666,0.10276187840594266,0.5218437001116045,0.18467429080982062,0.04555541083546702,0.07862467653515519,0.0,0.06654004330201004,0.0
1631230,Dominick Barlow,2024-25,ATL,374.99833333333333,0.17699012163288835,0.002140134468420834,0.549074562793954,0.0,0.0,0.24117945018833373,0.030615730916403194,0.0
1642270,Donovan Clingan,2024-25,POR,1323.6433333333334,0.07323339521420304,0.06913613539880754,0.6992786084491037,0.0,0.15835186093788567,0.0,0.0,0.0
1628378,Donovan Mitchell,2024-25,CLE,2232.0333333333333,0.0,0.0,0.007706940927319331,0.4569627826004497,0.0,0.15594260271719737,0.35984320263023906,0.01954447112479456
1628978,Donte DiVincenzo,2024-25,MIN,1605.7333333333333,0.210355801471451,0.0,0.0,0.16557556641866117,0.0,0.4527950114010996,0.04399366502409276,0.12727995568469552
1627827,Dorian Finney-Smith,2024-25,LAL,1818.6783333333333,0.6265814620360003,0.02019312375509868,0.153330947425665,0.0,0.02072840020323653,0.12143227518727612,0.0,0.057733791392723326
203926,Doug McDermott,2024-25,SAC,341.65166666666664,0.3885300151943139,0.007137409930061909,0.0,0.0,0.0,0.4626424236710879,0.0,0.14169015120453637
203110,Draymond Green,2024-25,GSW,1983.3066666666666,0.2887637743422369,0.09099865000207744,0.16548565430170056,0.13200338150150695,0.0,0.0,0.0,0.32274853985247826
1629234,Drew Eubanks,2024-25,LAC,746.01,0.0,0.22920932415326753,0.4160344640993913,0.0,0.1987023551012849,0.0,0.0,0.1560538566460564
1629130,Duncan Robinson,2024-25,MIA,1785.595,0.03409043180592864,0.0,0.0,0.1460737426914249,6.510573805665787e-05,0.760061218781283,0.0,0.059709500983306824
1641871,Duop Reath,2024-25,POR,469.4266666666667,0.4483813894849754,0.08290404949814217,0.28045475366523676,0.04536863133866298,0.0,0.1337028166094524,0.009188359403530254,0.0
203939,Dwight Powell,2024-25,DAL,550.86,0.003103987112342673,0.0,0.2549943787072919,0.0,0.44825440080159373,0.0,0.0,0.29364723337877174
1630700,Dyson Daniels,2024-25,ATL,2571.17,0.05611414204920029,0.0,0.16255737189287056,0.0,0.0,0.0,0.19166581412434744,0.5896626719335817
203901,Elfrid Payton,2024-25,NOP,510.805,0.0,0.0,0.0,0.6084647274782399,0.0,0.0,0.0,0.39153527252176
201569,Eric Gordon,2024-25,PHI,768.4916666666667,0.4108229830440559,0.0,0.0,0.09505464711698715,0.0,0.3086961337249415,0.014608078573994356,0.1708181575400211
1630596,Evan Mobley,2024-25,CLE,2166.555,0.10218790407862004,0.24272141999821242,0.26192864589146986,0.0,0.11013412175463654,0.11786271362298543,0.16516519465407564,0.0
1630532,Franz Wagner,2024-25,ORL,2023.3066666666666,0.0,0.19394569216507965,0.014315578506557045,0.22838232275021592,0.0,0.10655680052007885,0.32250186457054575,0.1342977414875228
1627832,Fred VanVleet,2024-25,HOU,2111.298333333333,0.13451834043019198,0.0,0.0,0.5865828319307991,0.0,0.15217356542223337,0.0847900728423177,0.041935189374457844
1641713,GG Jackson,2024-25,MEM,458.615,0.33179585594675115,0.04553532968510959,0.18575578231165174,0.346457701340036,0.0,0.0,0.0,0.09045533071645162
1629216,Gabe Vincent,2024-25,LAL,1527.265,0.4256160785037426,0.0,0.0,0.20915873625444054,0.0,0.29156861140604445,0.0,0.07365657383577248
1629726,Garrison Mathews,2024-25,ATL,829.5083333333333,0.3231268001211605,0.0,0.004414751301377217,0.0,0.0,0.6188410303949878,0.0,0.05361741818247428
203914,Gary Harris,2024-25,ORL,710.71,0.5012836894668976,0.0,0.0,0.0003526973102665926,0.0,0.3242772855200087,0.0,0.174086327702827
1627780,Gary Payton II,2024-25,GSW,927.1766666666666,0.18679116360593773,0.0,0.28142553639593376,0.0,0.05796624602469102,0.08446179904617117,0.03747642871930077,0.3518788262079657
1629018,Gary Trent Jr.,2024-25,MIL,1893.395,0.27874817317555856,0.0,0.0,0.21381265902192506,0.0,0.4704169479515536,0.037022219850962795,0.0
1627777,Georges Niang,2024-25,ATL,1697.2333333333333,0.48513338929842553,0.12141954658669486,0.08396080559918644,0.009271766653861471,0.0,0.30021449186183163,0.0,0.0
203507,Giannis Antetokounmpo,2024-25,MIL,2288.63,0.0,0.39903710175598767,0.0,0.0,0.05407845809802106,0.0,0.5468844401459912,0.0
1629048,Goga Bitadze,2024-25,ORL,1429.4616666666666,0.0631009140124749,0.11800123567685783,0.55264162000136,0.0,0.2351533319045324,0.0,0.031102898404775092,0.0
1641711,Gradey Dick,2024-25,TOR,1587.3733333333332,0.0,0.0,0.07097859921346646,0.0991485073605286,0.0,0.6981840780492468,0.0,0.1316888153767581
1629684,Grant Williams,2024-25,CHA,479.025,0.4654800352260828,0.2743866780728421,0.0,0.0,0.0,0.03105117375130641,0.0,0.22908211294976863
1628960,Grayson Allen,2024-25,PHX,1543.705,0.3445897084519454,0.022277331515127643,0.0014811661763190055,0.054202728318978974,0.0,0.4184909828043027,0.03733503110892937,0.12162305162439689
1627824,Guerschon Yabusele,2024-25,PHI,1894.7366666666667,0.37850025753956823,0.3553124543222898,0.0940874113076743,0.0,0.009562530746735928,0.07109977671291638,0.0,0.09143756937081535
1630611,Gui Santos,2024-25,GSW,761.5233333333333,0.44287052550347283,0.0238654210448865,0.11452616333908196,0.0823629011054463,0.0966621797651161,0.0,0.0,0.23971280924199637
203084,Harrison Barnes,2024-25,SAS,2230.0633333333335,0.3779861059075194,0.14366743509757746,0.08121023905666376,0.0,0.03519667431433005,0.2806707753444012,0.06768812356822483,0.013580646711283246
1629312,Haywood Highsmith,2024-25,MIA,1818.3266666666666,0.5804942595173249,0.0,0.18150213620541436,0.022630167836542037,0.009894005191220046,0.04324040609369599,0.0,0.16223902515580269
1630529,Herbert Jones,2024-25,NOP,648.1316666666667,0.33957329867347275,0.0,0.12246428589361275,0.1111922800328333,0.0,0.0,0.0,0.4267701354000812
1641816,Hunter Tyson,2024-25,DEN,399.935,0.24021932700187038,0.03596893410103559,0.07949203173915859,0.09507735012569389,0.0,0.21174327454613204,0.0,0.33749908248610944
1630193,Immanuel Quickley,2024-25,TOR,917.7533333333333,0.0,0.0,0.0,0.5444569121918124,0.0,0.2895072823822277,0.15294102942529875,0.013094776000661189
1642403,Isaac Jones,2024-25,SAC,303.86333333333334,0.0,0.0926322752727803,0.1690289038825609,0.0,0.1450056495032614,0.09854190010791512,0.0,0.4947912712334823
1630171,Isaac Okoro,2024-25,CLE,1053.2033333333334,0.5200393178103768,0.0,0.1671351867261653,0.0,0.02407193917996651,0.16831358281189676,0.0,0.12043997347159464
1642268,Isaiah Collier,2024-25,UTA,1839.1066666666666,0.0,0.0,0.0,0.6135738347086606,0.0038212141007449643,0.0,0.0,0.38260495119059457
1628392,Isaiah Hartenstein,2024-25,OKC,1589.6416666666667,0.0,0.1919553405919245,0.1387812581409481,0.08491845789753662,0.4664940249237942,0.0,0.09297863485253918,0.024872283593257365
1630198,Isaiah Joe,2024-25,OKC,1603.9766666666667,0.16945833980705408,0.0,0.0,0.032345272837813153,0.0,0.7981963873551328,0.0,0.0
1630191,Isaiah Stewart,2024-25,DET,1433.8483333333334,0.1359906549165277,0.2630970821098429,0.4353316538010383,0.0,0.13653027625398,0.0,0.0,0.029050332918611164
1627826,Ivica Zubac,2024-25,LAC,2624.1766666666667,0.0,0.7086265853014272,0.0,0.0,0.29137341469857286,0.0,0.0,0.0
1629630,Ja Morant,2024-25,MEM,1519.11,0.0,0.0,0.0,0.3899836291710036,0.0,0.0,0.4038079573902441,0.20620841343875237
1642266,Ja'Kobe Walter,2024-25,TOR,1103.235,0.11459893478276077,0.0,0.13139872365423233,0.21067710428938446,0.0,0.3339688300142249,0.0,0.20935640725939747
1631095,Jabari Smith Jr.,2024-25,HOU,1715.5783333333334,0.23819640265055836,0.2614127003046639,0.0967025044789695,0.08004549143949366,0.0,0.3236429011263147,0.0,0.0
1631133,Jabari Walker,2024-25,POR,749.165,0.27090557080562677,0.04023758514501591,0.39390029739938787,0.0,0.0,0.08572505835087468,0.03945809671494653,0.16977339158414825
1630702,Jaden Hardy,2024-25,DAL,907.4383333333334,0.09113064298234073,0.009017348738957093,0.0,0.6563918817221246,0.0,0.1262867246867908,0.018454443137284678,0.09871895873250208
1631093,Jaden Ivey,2024-25,DET,898.0333333333333,0.0,0.0,0.06721937005826907,0.5683767745674131,0.06540211327531993,0.09940803711717948,0.09208008104559455,0.10751362393622389
1630183,Jaden McDaniels,2024-25,MIN,2614.41,0.3503245062751277,0.0,0.2695458477733272,0.048228813720274946,0.0,0.12371648097250917,0.11087850074164737,0.09730585051711353
1630531,Jaden Springer,2024-25,UTA,365.175,0.31732503730571815,0.0,0.004856446904717205,0.06992262841774688,0.0,0.0,0.04279790033418213,0.5650979870376356
1630256,Jae'Sean Tate,2024-25,HOU,588.11,0.20219475181710558,0.0,0.2889526935813493,0.02285831324364847,0.0,0.004366869299037308,0.07229057757106036,0.40933679448779897
1631170,Jaime Jaquez Jr.,2024-25,MIA,1368.38,0.029200550922864842,0.08145392998497804,0.1630693377680037,0.27128049986904024,0.0,0.0,0.0652672239777792,0.389728457477334
1631222,Jake LaRavia,2024-25,SAC,1349.28,0.23788702423565597,9.267240473603695e-05,0.13895805971531808,0.23632403500859697,0.07446684627441387,0.04438465789322489,0.0,0.2678867044680541
1627751,Jakob Poeltl,2024-25,TOR,1685.7483333333332,0.004562517017919607,0.34809006517956537,0.41913306661369915,0.0,0.09110572016441529,0.0,0.049875596442709474,0.0872330345816912
1628973,Jalen Brunson,2024-25,NYK,2300.7083333333335,0.0,0.0,0.0,0.47822979507834334,0.0,0.056259971932722606,0.4655102329889342,0.0
1631105,Jalen Duren,2024-25,DET,2033.5483333333334,0.0,0.14084837163251934,0.07559323382552013,0.0,0.6441622261656063,0.0,0.10383403884065487,0.03556212953569918
1630224,Jalen Green,2024-25,HOU,2697.11,0.0,0.0,0.0,0.6210507215034597,0.04609772898159523,0.1623659773571207,0.1704855721578244,0.0
1641720,Jalen Hood-Schifino,2024-25,PHI,314.6766666666667,0.055306870817072196,0.0,0.0,0.7611935506833496,0.060501636553237856,0.0,0.0,0.12299794194634052
1630552,Jalen Johnson,2024-25,ATL,1284.1783333333333,0.1333438879260866,0.17392277450849905,0.23362146246354973,0.21150815641342413,0.0,0.0,0.08984607429987745,0.15775764438856307
1629618,Jalen Pickett,2024-25,DEN,666.19,0.39914043784011594,0.0,0.0,0.49252260395208286,0.0,0.0,0.007360065279975945,0.10097689292782518
1630188,Jalen Smith,2024-25,CHI,962.3833333333333,0.23609053303677308,0.17900191375092533,0.31610714979008403,0.0,0.0,0.2677880108286042,0.0010123925936134637,0.0
1630591,Jalen Suggs,2024-25,ORL,1002.4533333333334,0.09341363035782367,0.0,0.07098102236031298,0.6096002553130262,0.0,0.010222072732910498,0.16427811812765963,0.05150490110826716
1631114,Jalen Williams,2024-25,OKC,2236.673333333333,0.0,0.0,0.07716011891553563,0.32564474114816866,0.0,0.12421410800672347,0.3693774951174286,0.10360353681214374
1630592,Jalen Wilson,2024-25,BKN,2031.3866666666668,0.2697803678702577,0.0,0.11830539508102172,0.24309481573146038,0.0,0.26584966288797535,0.0,0.10296975842928487
1631288,Jamal Cain,2024-25,NOP,501.79833333333335,0.3593791217733743,0.0012275775804140342,0.15643056709575962,0.12074081835490395,0.0,0.06475963000916561,0.03233613128001555,0.2651261539063669
1627750,Jamal Murray,2024-25,DEN,2418.346666666667,0.0,0.005177876490328081,0.0,0.49451869924658187,0.00816214745869918,0.25445740540443196,0.23768387139995883,0.0
1642347,Jamal Shead,2024-25,TOR,1466.825,0.018066091938363758,0.0,0.0,0.6751886907991078,0.0,0.0,0.0,0.30674521726252835
201935,James Harden,2024-25,LAC,2789.036666666667,0.0,0.0,0.0,0.34504604227814173,0.0,0.0,0.5604569021970514,0.09449705552480689
1642419,Jamison Battle,2024-25,TOR,1041.6783333333333,0.3192834509552045,0.0,0.07015789059804253,0.0,0.0,0.6105586584467528,0.0,0.0
1641716,Jarace Walker,2024-25,IND,1186.62,0.3715287046242222,0.04579392183949782,0.03423220570816241,0.24911833145018225,0.05494371755153726,0.01174673122121037,0.03329239893612327,0.19934398866906455
1630215,Jared Butler,2024-25,PHI,1043.735,0.0,0.0,0.0,0.5616661443406215,0.0,0.0,0.17280433149456997,0.26552952416480846
1642272,Jared McCain,2024-25,PHI,591.7916666666666,0.060469553071637365,0.0,0.0008714554467683607,0.45857214847322914,0.0,0.2674387507728042,0.13945362379160223,0.0731944684439587
1628991,Jaren Jackson Jr.,2024-25,MEM,2206.951666666667,0.1639841756598657,0.4477990569486132,0.0,0.0,0.0,0.05164956878890547,0.25230032978441236,0.08426686881820317
1629020,Jarred Vanderbilt,2024-25,LAL,580.8583333333333,0.22238995699196226,0.0,0.5257260751311665,0.0,0.0,0.0,0.0,0.2518839678768713
1628386,Jarrett Allen,2024-25,CLE,2296.0533333333333,0.0,0.14434762776523083,0.07824510729521042,0.0,0.6405801999887103,0.0,0.07323378225507395,0.06359328269577443
1629750,Javonte Green,2024-25,CLE,1257.8333333333333,0.4380422473075625,0.0,0.2824598164356819,0.0,0.0,0.0661681853780659,0.0,0.21332975087868958
1629637,Jaxson Hayes,2024-25,LAL,1092.6833333333334,0.0,0.004145018862253053,0.0,0.0,0.8237024682686095,0.0,0.0,0.17215251286913755
1630643,Jay Huff,2024-25,MEM,748.0316666666666,0.4987359991273801,0.10258129090257447,0.039284184316848186,0.0,0.20472628934889325,0.10432750572170332,0.05034473058260067,0.0
1627759,Jaylen Brown,2024-25,BOS,2157.9283333333333,0.0,0.2092658230848744,0.0,0.32587206396367013,0.0,0.13648622674898556,0.24145063415280132,0.08692525204966851
1641740,Jaylen Clark,2024-25,MIN,521.9933333333333,0.294463503489676,0.0,0.1443354962753074,0.0,0.0,0.10133448319700564,0.05918028787000102,0.40068622916801006
1642377,Jaylen Wells,2024-25,MEM,2043.4816666666666,0.4231116045100105,0.030000842790268555,0.1044001391539595,0.13754525250939242,0.0,0.23811985582692058,0.033049564361097065,0.03377274084835132
1631119,Jaylin Williams,2024-25,OKC,784.055,0.5661560619233162,0.14251254492129894,0.21071192725301713,0.0,0.0,0.0,0.08061946590236763,0.0
1642281,Jaylon Tyson,2024-25,CLE,452.96,0.11898489291183788,0.04440607047293638,0.11580801561058299,0.23988275967731618,0.0,0.0251202346506734,0.0,0.45579802667665326
1628369,Jayson Tatum,2024-25,BOS,2623.8166666666666,0.13546433832074184,0.11079291446283879,0.0,0.16896880159665958,0.0,0.03833815382020729,0.5464357917995526,0.0
1630288,Jeff Dowtin Jr.,2024-25,PHI,620.77,0.043827146796074995,0.0,0.0,0.2979232525733697,0.0,0.1069024757933875,0.34957481958939246,0.20177230524777534
201145,Jeff Green,2024-25,HOU,396.44666666666666,0.5601754481539147,0.08962051532691495,0.042811962993745824,0.0,0.0,0.20871782917551418,0.09867424434991041,0.0
203924,Jerami Grant,2024-25,POR,1523.5866666666666,0.11253506089801758,0.05431199280707202,0.10680269605571638,0.22650209848125952,0.0,0.4534038957130234,0.00647272652345845,0.03997152952145258
1630526,Jeremiah Robinson-Earl,2024-25,NOP,1238.9,0.4346920118522164,0.02044986296607396,0.3452810622204757,0.11886646582821099,0.0,0.05862465400788866,0.0,0.022085943125134337
1631110,Jeremy Sochan,2024-25,SAS,1363.9683333333332,0.1326964711348871,0.15244899966623304,0.3183352328566821,0.07811577122108004,0.09501381835895355,0.06117172281545828,0.0025802333092813726,0.15963775063742447
1630579,Jericho Sims,2024-25,MIL,631.245,0.0,0.0,0.0,0.0,0.7412693583291239,0.0,0.0,0.2587306416708762
1641724,Jett Howard,2024-25,ORL,701.1066666666667,0.19210262949933943,0.0,0.0,0.2812742635214685,0.0,0.5096655722421557,0.0,0.016957534737036414
1628975,Jevon Carter,2024-25,CHI,320.5733333333333,0.2177449256598266,0.0,0.0,0.2180709158744833,0.0,0.22321294215162135,0.03928257922324307,0.3016886370908256
202710,Jimmy Butler III,2024-25,GSW,1746.135,0.0,0.059354127344926455,0.20735257427254572,0.0,0.0,0.05182270120224934,0.4259992865510098,0.25547131062926864
1629111,Jock Landale,2024-25,HOU,500.0233333333333,0.07728346560788092,0.44584301463442993,0.26901499773675697,0.0,0.025955210090174312,0.13107336565794414,0.0,0.05082994627281364
203954,Joel Embiid,2024-25,PHI,574.3933333333333,0.0,0.5960015887410612,0.0,0.06250392527638465,0.0,0.03303088753806564,0.30846359844448834,0.0
1628381,John Collins,2024-25,UTA,1220.4916666666666,0.0,0.3729623717478077,0.1528433842486738,0.0,0.0,0.33503335842265486,0.04022768737543132,0.09893319820543223
1629723,John Konchar,2024-25,MEM,558.2233333333334,0.6442192424178842,0.0,0.11811232403584833,0.0,0.0,0.0,0.012630518861497818,0.22503791468476955
1642277,Johnny Furphy,2024-25,IND,379.49666666666667,0.25436682080504786,0.0,0.14879200065460213,0.0,0.0,0.11236679890307755,0.0,0.48447437963727247
1630548,Johnny Juzang,2024-25,UTA,1269.83,0.17073326643222017,0.0,0.0691290166003304,0.0707923776285977,0.0,0.6120891345190442,0.006032843266063328,0.07122336155374406
202685,Jonas Valančiūnas,2024-25,SAC,1523.7633333333333,0.012138184334462666,0.8196115873359733,0.08102102311454866,0.03436566707856667,0.0,0.0,0.0,0.05286353813644859
1628371,Jonathan Isaac,2024-25,ORL,1090.015,0.3662159529053171,0.0,0.5480445582253377,0.0,0.0,0.0,0.08573948886934535,0.0
1630228,Jonathan Kuminga,2024-25,GSW,1144.08,0.0,0.22668353585332573,0.09964809497742734,0.2483543008508316,0.0,0.15443411337509655,0.1278981137573554,0.14298184118596335
1642367,Jonathan Mogbo,2024-25,TOR,1285.655,0.1403513957353538,0.0,0.46124417716504923,0.1628361368341319,0.0,0.0,0.0,0.23556829026546505
203903,Jordan Clarkson,2024-25,UTA,962.47,0.0,0.0024384569723006843,0.012798189741459727,0.5883300014719602,0.0,0.17474526988004302,0.1554752510450827,0.0662128308891537
1630692,Jordan Goodwin,2024-25,LAL,542.575,0.3818496660578989,0.0,0.19972394348334319,0.22161630857989267,0.0,0.0,0.01139947326877292,0.18541060861009231
1641722,Jordan Hawkins,2024-25,NOP,1320.5,0.0057981085590373726,0.0,0.02555692938953452,0.3027105021659779,0.0,0.6659344598854503,0.0,0.0
1629162,Jordan McLaughlin,2024-25,SAS,314.27666666666664,0.2163992583109134,0.0,0.0,0.21755566376607627,0.0,0.0,0.0795054515208504,0.48653962640216003
1641757,Jordan Miller,2024-25,LAC,420.31,0.0,0.0,0.1774919913961291,0.38874659033095466,0.0,0.13595781998778284,0.0,0.2978035982851335
1629673,Jordan Poole,2024-25,WAS,2000.8866666666668,0.0,0.0,0.0,0.4942108401610671,0.024564688356483438,0.2665902226496225,0.1475080217705089,0.06712622706231822
1641775,Jordan Walsh,2024-25,BOS,403.00333333333333,0.35480445001223465,0.0,0.10495189955225674,0.1271825025681103,0.0,0.0,0.0,0.4130611478673984
1630631,Jose Alvarado,2024-25,NOP,1365.9,0.17433414873799988,0.0,0.0,0.552039062093738,0.0,0.0,0.0444737788425692,0.22915301032569305
1630581,Josh Giddey,2024-25,CHI,2116.641666666667,0.08844482506181012,0.0013100063500174662,0.2179641158918256,0.4003843182006087,0.0,0.0,0.13619876602306752,0.15569796847267062
1630182,Josh Green,2024-25,CHA,1887.5033333333333,0.3476829689201425,0.0,0.027112844842221186,0.0666450310527635,0.0,0.261766402244139,0.0,0.2967927529407338
1628404,Josh Hart,2024-25,NYK,2896.83,0.2655088314009967,0.0,0.17638779198404297,0.12401391851591967,0.09759222366184449,0.0,0.14086633240853094,0.1956309020286653
1629006,Josh Okogie,2024-25,CHA,624.9783333333334,0.26195142846650393,0.0,0.2146603434163094,0.0,0.0,0.08850675145659574,0.11707540090655467,0.3178060757540363
201950,Jrue Holiday,2024-25,BOS,1896.0683333333334,0.3758607920325159,0.10082447733796746,0.0356310869881636,0.15362178218021427,0.0,0.04514331766150374,0.10693204496671076,0.18198649883292434
1630577,Julian Champagnie,2024-25,SAS,1932.1283333333333,0.4871871817044155,0.01983094191132566,0.12839354546926526,0.04032306291401618,0.0,0.32426526800097744,0.0,0.0
1641763,Julian Phillips,2024-25,CHI,1122.905,0.4570094771766925,0.0,0.3007798755101357,0.0,0.0,0.1425589406723225,0.0,0.09965170664084937
1631124,Julian Strawther,2024-25,DEN,1383.47,0.0,0.0,0.015609416855665519,0.14941091377643076,0.0,0.6377420853191105,0.0,0.1972375840487932
203944,Julius Randle,2024-25,MIN,2225.5266666666666,0.1453241436075223,0.3920573795141805,0.0,0.23532273774405374,0.0,0.013478734743125708,0.16267146088498977,0.051145543506127863
1630551,Justin Champagnie,2024-25,WAS,1340.5333333333333,0.29549650122295296,0.0,0.32096879055792166,0.0,0.0029870536168170297,0.20367621325130303,0.04836920459139948,0.1285022367596058
1642348,Justin Edwards,2024-25,PHI,1154.72,0.2947001117294221,0.0,0.11371626851130041,0.26555292987426604,0.0,0.18851889035615596,0.022877095505584127,0.11463470402327144
203994,Jusuf Nurkić,2024-25,CHA,1062.8266666666666,0.092406534709378,0.6503533499071672,0.06829682631654686,0.0,0.0,0.0,0.0,0.18894328906690802
1630231,KJ Martin,2024-25,UTA,911.4983333333333,0.18890946519343474,0.0,0.3415465396778911,0.0,0.10017505962308543,0.14555597331249193,0.0,0.22381296219309693
1642354,KJ Simpson,2024-25,CHA,842.0833333333334,0.0032791219060809315,0.0,0.0022919312189821203,0.6856233851467934,0.0,0.0,0.0,0.30880556172814355
1630539,Kai Jones,2024-25,DAL,468.37,0.07084682592714703,0.05885231101974379,0.0,0.0,0.5232097032178121,0.08354285100945141,0.08338042588843741,0.18016788293740837
1626157,Karl-Anthony Towns,2024-25,NYK,2516.72,0.08815564864213948,0.5187031492872498,0.09549863165183674,0.0,0.0,0.13915281812504246,0.1584897522937315,0.0
1631255,Karlo Matković,2024-25,NOP,790.585,0.28301032519381014,0.18080989549219356,0.40647349562778995,0.0,0.10464936793886019,0.001893970007991059,0.0,0.023162945739355147
202695,Kawhi Leonard,2024-25,LAC,1179.9566666666667,0.06456057802406648,0.13539057831407225,0.0,0.08395525559349587,0.0,0.15119196899309606,0.4756701359105895,0.0892314831646799
1630811,Keaton Wallace,2024-25,ATL,501.1666666666667,0.17970558883334387,0.0,0.0,0.6430441302801724,0.0,0.0,0.020563187652982123,0.1566870932335016
1631099,Keegan Murray,2024-25,SAC,2610.173333333333,0.2668331683129445,0.008522777012964947,0.1930078270802707,0.09491739864549932,0.0,0.4367188289483205,0.0,0.0
1631232,Keion Brooks Jr.,2024-25,NOP,331.7816666666667,0.20174533035734707,0.054442864564935786,0.1717396399287698,0.0922485119233822,0.01744848725016212,0.30242563933519484,0.0,0.15994952664020823
1642276,Kel'el Ware,2024-25,MIA,1422.4866666666667,0.17450710942074713,0.2511403126789703,0.4198122377249277,0.0,0.07810744099601134,0.07643289917934346,0.0,0.0
1629640,Keldon Johnson,2024-25,SAS,1837.9966666666667,0.02530396256514409,0.04361426792180826,0.22913097804893015,0.1858491224909062,0.0,0.35846801008703466,0.01479255549205026,0.1428411033941264
203482,Kelly Olynyk,2024-25,NOP,890.9983333333333,0.08989953089103733,0.34904147497434723,0.0,0.16651795649131299,0.14476128576061706,0.025015968128644258,0.020538641043186,0.20422514271085515
1626162,Kelly Oubre Jr.,2024-25,PHI,2078.19,0.07937920999933133,0.0,0.2575539993663218,0.16811922485860656,0.0,0.21058465764689877,0.06295975173366943,0.2214031563951721
1629026,Kenrich Williams,2024-25,OKC,1131.5383333333334,0.3874577506624636,0.025849754910712647,0.19718170195954315,0.11536889954893585,0.0,0.14098521444353548,0.0746551072371555,0.05850157123765378
203484,Kentavious Caldwell-Pope,2024-25,MEM,2279.036666666667,0.21203332198662864,0.0,0.0,0.04473208100686218,0.0,0.5816946149778532,0.0,0.16153998202865583
1631165,Keon Ellis,2024-25,SAC,1948.1916666666666,0.5243843363928705,0.0,0.002058027232570209,0.0,0.03612238226941372,0.1309954954497323,0.11544697304671492,0.1909927856086983
1630553,Keon Johnson,2024-25,BKN,1925.2016666666666,0.19588328908418026,0.0,0.1048467229392345,0.39363189815358607,0.0,0.14036684220753035,0.0,0.16527124761546888
1630556,Kessler Edwards,2024-25,DAL,608.46,0.43129896750549435,0.0034014262887906966,0.29193761676937263,0.0,0.09194340246618897,0.09237429347751477,0.0,0.08904429349263848
201142,Kevin Durant,2024-25,PHX,2264.685,0.05903996540785597,0.23241069592197472,0.0,0.05387347690476899,0.0,0.19481547336027658,0.4598603884051238,0.0
1628989,Kevin Huerter,2024-25,CHI,1678.9933333333333,0.21160134872922642,0.0,0.035508879260708094,0.10811904353549699,0.0,0.49443047429015313,0.0,0.1503402541844154
1629645,Kevin Porter Jr.,2024-25,MIL,1482.02,0.0,0.0,0.008047722825663784,0.5518171287173896,0.0,0.0,0.2793978752115508,0.16073727324539577
1626172,Kevon Looney,2024-25,GSW,1142.155,0.0,0.1122155928097015,0.7486960519402495,0.06290765889969498,0.0,0.02078274693614102,0.006982599613863972,0.04841534980034916
1641718,Keyonte George,2024-25,UTA,2108.475,0.0,0.0,0.0,0.7617824735528926,0.03859352263818776,0.18243420943134941,0.0017879228664447926,0.01540187151112546
203114,Khris Middleton,2024-25,WAS,843.1816666666666,0.0,0.13189747116059244,0.0,0.40969850817951936,0.0,0.2988528278393582,0.15955119282053018,0.0
202691,Klay Thompson,2024-25,DAL,1964.5683333333334,0.0,0.005888166206440502,0.0,0.2073371837690932,0.0,0.7867746500244662,0.0,0.0
1627739,Kris Dunn,2024-25,LAC,1782.9183333333333,0.39580993286439975,0.0,0.03620674609654534,0.0,0.0,0.0,0.0777333051348688,0.49025001590418615
1631200,Kris Murray,2024-25,POR,1040.3866666666668,0.33308044941851206,0.0,0.2803158803753801,0.129424427546137,0.0,0.057912069993213744,0.0,0.19926717266675711
204001,Kristaps Porziņģis,2024-25,BOS,1209.9633333333334,0.12172818297083912,0.6284678252088147,0.0,0.0,0.0,0.19843700338864376,0.051366988431702405,0.0
203937,Kyle Anderson,2024-25,MIA,1002.0933333333334,0.17855436599156874,0.008086821848473959,0.3504674648091897,0.12918120681283718,0.0,0.0,0.18071599304254832,0.15299414749538204
1642271,Kyle Filipowski,2024-25,UTA,1521.54,0.2669312798071737,0.24410871771649534,0.20387465153672707,0.08986102470696157,0.009958508390299445,0.04881703745179793,0.008425639492068112,0.12802314089847688
1628398,Kyle Kuzma,2024-25,MIL,1936.415,0.000659759702829353,0.17926747657998493,0.06581845988128912,0.373495255107899,0.0,0.22636606675089685,0.0,0.15439298197710075
200768,Kyle Lowry,2024-25,PHI,659.4483333333334,0.43213309065101124,0.0,0.0,0.2745140122892357,0.0,0.058184820899604126,0.0,0.2351680761601488
202681,Kyrie Irving,2024-25,DAL,1803.7966666666666,0.0,0.016247011538625695,0.0,0.24605780366198465,0.0,0.19254508410152313,0.43473247381350033,0.11041762688436624
1642273,Kyshawn George,2024-25,WAS,1802.1833333333334,0.30270948097770095,0.0,0.08696121130240662,0.3218776046411018,0.0,0.1565732729876715,0.0,0.131878430091119
1630163,LaMelo Ball,2024-25,CHA,1504.475,0.0,0.0,0.0,0.6808644182988625,0.0,0.028536816344216058,0.2905987653569216,0.0
1629013,Landry Shamet,2024-25,NYK,761.6,0.3281488465035031,0.0,0.0,0.0,0.0,0.5625090264035871,0.0,0.10934212709290975
1626204,Larry Nance Jr.,2024-25,ATL,463.2266666666667,0.43633608683922254,0.0770706812473555,0.24936762959934985,0.0,0.07836241768772442,0.12351115192287017,0.03535203270347759,0.0
1628374,Lauri Markkanen,2024-25,UTA,1475.8433333333332,0.0,0.17439585935792332,0.07775816986714877,0.0,0.0,0.7478459707749279,0.0,0.0
2544,LeBron James,2024-25,LAL,2444.4466666666667,0.042325610360169345,0.2915101564407673,0.0,0.2941548822341017,0.0,0.0,0.3720093509649617,0.0
1630322,Lindy Waters III,2024-25,DET,778.41,0.30653147617588217,0.0,0.0,0.0,0.0,0.6068284143569699,0.0,0.0866401094671479
1629022,Lonnie Walker IV,2024-25,PHI,476.7033333333333,0.07071892655873807,0.002293258771587302,0.0026707140685776377,0.36178602812477995,0.006659798608769408,0.33212334422142764,0.07723891157062095,0.14650901807549893
1628366,Lonzo Ball,2024-25,CHI,777.03,0.5590043355036456,0.0,0.0,0.3346911000300799,0.0,0.0,0.005713079949604707,0.10059148451666965
1629652,Luguentz Dort,2024-25,OKC,2073.3,0.591323713184304,0.00013793865070245562,0.08839138253226891,0.016073033746483337,0.0,0.1899508695506233,0.06611653590311456,0.0480065264325034
1629029,Luka Dončić,2024-25,LAL,1768.55,0.028534293625388923,0.028019137192532628,0.0,0.3349628918836775,0.0,0.0,0.5824574884496497,0.026026188848751113
1628379,Luke Kennard,2024-25,MEM,1471.6916666666666,0.30921697900301104,0.012268882833459997,0.0,0.22213483742967596,0.006527877776709695,0.2982541744079886,0.07326757228488934,0.07832967626426542
1628436,Luke Kornet,2024-25,BOS,1361.06,0.0,0.0,0.1751352689252961,0.0,0.7599762053961168,0.015614076976439758,0.04927444870214733,0.0
1631103,Malaki Branham,2024-25,SAS,426.555,0.05529756915936021,0.11574208793629476,0.0,0.37510275274823307,0.0,0.13702143838754988,0.0,0.31683615176856206
1627763,Malcolm Brogdon,2024-25,WAS,564.0766666666667,0.0,0.01262850750063192,0.14162903859474668,0.752796625769762,0.0,0.03158060862683248,0.0613652195080268,0.0
1627736,Malik Beasley,2024-25,DET,2282.9466666666667,0.0,0.0,0.0,0.10638910407707891,0.0,0.8782148188019043,0.004920161220313388,0.010475915900703351
1628370,Malik Monk,2024-25,SAC,2054.11,0.0,0.0,0.05851000932623503,0.6611121023622057,0.0,0.18772780574015582,0.03628297227142752,0.056367110299976
1631204,Marcus Sasser,2024-25,DET,810.7866666666666,0.13291366246843117,0.0,0.0,0.529484757665743,0.0,0.022946102398361624,0.141303710761178,0.17335176670628635
203935,Marcus Smart,2024-25,WAS,680.34,0.1513015239837803,0.0,0.0,0.5266839255979381,0.0,0.0,0.03837644105024388,0.2836381093680377
1631109,Mark Williams,2024-25,CHA,1171.045,0.0,0.30972636765568173,0.110710474348503,0.0,0.5167198704643466,0.0,0.0628432875314687,0.0
203486,Mason Plumlee,2024-25,PHX,1300.045,0.0,0.0053053054787495415,0.16365421350688208,0.0,0.6437962737491654,0.0,0.0,0.1872442072652029
1641824,Matas Buzelis,2024-25,CHI,1511.295,0.36438543425433223,0.024835083505748642,0.2790868538891501,0.11370672841250204,0.03481661963774398,0.1831692803005231,0.0,0.0
1629680,Matisse Thybulle,2024-25,POR,312.2816666666667,0.3505023298783396,0.0,0.010936809395841456,0.0,0.0,0.0,0.10106106558520547,0.5374997951406134
1631108,Max Christie,2024-25,DAL,2127.141666666667,0.28237543363827267,0.0,0.10405333512496186,0.26841654988214475,0.0,0.22912277489275432,0.018308559895645674,0.09772334656622084
1629622,Max Strus,2024-25,CLE,1272.725,0.3562667696154597,0.0,0.08199343242896628,0.053034419365101275,0.00144601127138534,0.5072593673190874,0.0,0.0
1628467,Maxi Kleber,2024-25,LAL,636.875,0.5563087813476862,0.033373244000331086,0.1775697139348493,0.10216193435825817,0.0,0.0,0.0,0.13058632635887515
1641721,Maxwell Lewis,2024-25,BKN,327.68833333333333,0.1579163819586134,0.06235051702799528,0.0805756121578621,0.14852824282171148,0.0,0.12746464410628597,0.0,0.42316460192753186
1630695,Micah Potter,2024-25,UTA,705.165,0.6615557340526051,0.0,0.2941573522707361,0.04428691367665873,0.0,0.0,0.0,0.0
1629008,Michael Porter Jr.,2024-25,DEN,2593.2633333333333,0.0,0.0911947986934273,0.0828894856096059,0.012420709489382113,0.07040201189730547,0.7430929943102791,0.0,0.0
1628969,Mikal Bridges,2024-25,NYK,3036.076666666667,0.08994786134615738,0.13076621372307348,0.05086513101641757,0.22928392681923007,0.0,0.38587931931342834,0.024680461980460495,0.08857708580123265
201144,Mike Conley,2024-25,MIN,1755.85,0.18314713607197036,0.0,0.0,0.45592613649627617,0.0,0.22693905562326572,0.0,0.13398767180848767
1628970,Miles Bridges,2024-25,CHA,2028.735,0.0,0.05176223060646551,0.19593809247229757,0.3509164696931801,0.0,0.24985659516631617,0.15152661206174065,0.0
1630540,Miles McBride,2024-25,NYK,1593.455,0.20292088983435794,0.0,0.0,0.3281085948134419,0.0,0.28851674333293253,0.09411408031206174,0.08633969170720596
1628964,Mo Bamba,2024-25,NOP,413.485,0.31705088597192094,0.1285535321833719,0.5543955818447072,0.0,0.0,0.0,0.0,0.0
1628420,Monte Morris,2024-25,PHX,570.77,0.23476788275199806,0.0,0.010477250048830654,0.4627371056002068,0.0,0.05620057904355506,0.048462051703828085,0.1873551308515814
1629021,Moritz Wagner,2024-25,ORL,564.1566666666666,0.20163292426601107,0.2888432423648177,0.22925213298992653,0.0,0.07683060159114287,0.019182915765322193,0.1620793745628938,0.02217880845988594
1630541,Moses Moody,2024-25,GSW,1649.15,0.12599881060365525,0.0,0.09945317561638059,0.0,0.0,0.6033978667369748,0.014282610994801881,0.15686753604818746
1631243,Mouhamed Gueye,2024-25,ATL,532.7566666666667,0.47940478202005316,0.0,0.4562468144966266,0.0,0.0,0.03320155329762956,0.031146850185690616,0.0
1631217,Moussa Diabaté,2024-25,CHA,1240.6333333333334,0.0,0.07494566632878019,0.18274590049818562,0.0,0.5364314071524641,0.0,0.0,0.2058770260205701
1626167,Myles Turner,2024-25,IND,2173.6366666666668,0.30171257413217656,0.43983021996622373,0.1019720168622664,0.0,0.026572235473507292,0.1299129535658261,0.0,0.0
1630230,Naji Marshall,2024-25,DAL,1919.0833333333333,0.17691841444363554,0.03993732394031336,0.15025007373668145,0.26646984806858287,0.0,0.03128703503045796,0.0847058792353081,0.2504314255450207
1629675,Naz Reid,2024-25,MIN,2200.116666666667,0.1995949939016252,0.24131836291630704,0.14676681785957818,0.0,0.0,0.38351557580991014,0.028804249512579497,0.0
1629674,Neemias Queta,2024-25,BOS,863.09,0.0,0.022753069506861404,0.09705683608576285,0.026593119092820642,0.7598005539437105,0.0,0.0,0.09379642137084461
1629651,Nic Claxton,2024-25,BKN,1881.7316666666666,0.05013272560044381,0.21805118665451712,0.513874620719298,0.0,0.023461779882679955,0.009988712228618383,0.07508338262982751,0.10940759228461529
1630208,Nick Richards,2024-25,PHX,1256.2233333333334,0.0,0.19435834864777576,0.33911705822784083,0.027272382510275594,0.407686067765702,0.0,0.0,0.03156614284840578
1641733,Nick Smith Jr.,2024-25,CHA,1368.7466666666667,0.08398494095454667,0.0,0.0,0.7033951023245543,0.0,0.21261995672089906,0.0,0.0
1629638,Nickeil Alexander-Walker,2024-25,MIN,2073.1016666666665,0.39778129288511416,0.0,0.09952568785228279,0.30616207146249386,0.006203835435403228,0.1649190580623684,0.0,0.02540805430233762
201587,Nicolas Batum,2024-25,LAC,1367.3733333333332,0.8411323124369967,0.0,0.11236906655161998,0.0,0.01144419509443475,0.0,0.035054425916948545,0.0
203999,Nikola Jokić,2024-25,DEN,2570.765,0.028549231002748063,0.6124988408303825,0.0,0.0,0.0,0.0058175240355282515,0.33250112119231573,0.020633282939025433
1631107,Nikola Jović,2024-25,MIA,1155.6766666666667,0.3891571299462698,0.1939937694998725,0.0,0.06860571622529557,0.0,0.12790549892585093,0.06485984967537203,0.1554780357273392
202696,Nikola Vučević,2024-25,CHI,2278.25,0.13541829222799895,0.6409785457501559,0.033291904666385846,0.0,0.0,0.19031125735545934,0.0,0.0
1641730,Noah Clowney,2024-25,BKN,1042.2866666666666,0.396646219144597,0.05353905336852935,0.1580194904235543,0.060994128721051984,0.0,0.3308011083422675,0.0,0.0
1626181,Norman Powell,2024-25,LAC,1957.9883333333332,0.0,0.003935245892686379,0.0,0.07792437578665551,0.0,0.544935454910594,0.21339554155214296,0.15980938185792115
1628384,OG Anunoby,2024-25,NYK,2705.7766666666666,0.2044403370497412,0.06055388458299505,0.1610874555463355,0.0,0.0,0.3824312701697475,0.09805298353726077,0.09343406911392009
1630167,Obi Toppin,2024-25,IND,1544.815,0.369302762890338,0.1713700999773336,0.11782080296520973,0.0,0.05199142749056321,0.22284960036161053,0.059793722809166255,0.006871583505778789
1630534,Ochai Agbaji,2024-25,TOR,1738.67,0.26606451570766315,0.0,0.1848658139000319,0.0,0.031749710271495354,0.3590638550836198,0.0,0.15825610503718973
1641765,Olivier-Maxence Prosper,2024-25,DAL,584.07,0.15872010200585535,0.0,0.3237786875747669,0.0196881985060606,0.0,0.1534039050679617,0.046938499761268335,0.2974706070840872
1630168,Onyeka Okongwu,2024-25,ATL,2063.9266666666667,0.1504870529513593,0.1904709743715448,0.48319709200762573,0.0,0.06968874025721965,0.10391110192205205,0.0022450384901983277,0.0
1631115,Orlando Robinson,2024-25,TOR,769.8016666666666,0.018895146535569687,0.3593060595961385,0.10218967423276856,0.10849067183011853,0.0,0.026883992948650903,0.0,0.38423445485675384
1642345,Oso Ighodaro,2024-25,PHX,1045.545,0.0,0.1971788261454601,0.0,0.10090622158066154,0.5056129268863246,0.0,0.0,0.19630202538755367
1631172,Ousmane Dieng,2024-25,OKC,404.84166666666664,0.510533977458686,0.04653573166944342,0.13220498048378126,0.10892983009579743,0.0,0.03611226700161355,0.02483488129751821,0.14084833199316008
1629023,P.J. Washington,2024-25,DAL,1834.8583333333333,0.170913251759032,0.2354333644616696,0.1193542138194806,0.18441740330061804,0.0,0.04664410313803444,0.040282040931460775,0.2029556225897046
1631094,Paolo Banchero,2024-25,ORL,1581.53,0.0,0.2530639706476067,0.0,0.26021083801680056,0.0,0.0435390601710121,0.4431861311645807,0.0
1627783,Pascal Siakam,2024-25,IND,2547.8533333333335,0.1282934273190863,0.48942018641530005,0.0,0.00813579611983456,0.0,0.1856636408851711,0.1782998773735268,0.010187071887081109
1626192,Pat Connaughton,2024-25,MIL,602.8266666666667,0.1702891521882735,0.0,0.12726401739731077,0.2800143830190733,0.07342564284659428,0.29685681952147025,0.0,0.05214998502727785
1630172,Patrick Williams,2024-25,CHI,1576.3266666666666,0.3517014989732784,0.07766835994649403,0.08619356929076048,0.28016249744325555,0.0,0.09325929548163424,0.0,0.11101477886457733
201988,Patty Mills,2024-25,LAC,320.655,0.30645485507432596,0.0,0.0,0.4089660205875051,0.0,0.18353919912542954,0.0,0.10103992521273948
202331,Paul George,2024-25,PHI,1333.5933333333332,0.09804126539370439,0.00726516411177228,0.0,0.3498778218421097,0.0,0.12266719186377235,0.3117327122353905,0.11041584455325083
1630194,Paul Reed,2024-25,DET,437.5366666666667,0.006941801696686392,0.002103779352797833,0.22109733709630422,0.0,0.0,0.0,0.21278233047516984,0.5570747513790417
1630202,Payton Pritchard,2024-25,BOS,2270.875,0.35470205210336947,0.0,0.0,0.15952056143194135,0.0,0.259062059228197,0.22671532723649201,0.0
1641796,Pelle Larsson,2024-25,MIA,781.9466666666667,0.19286248818930524,0.0,0.14596876202834236,0.0,0.0,0.33795691935340116,0.0,0.32321183042895124
1631212,Peyton Watson,2024-25,DEN,1655.7283333333332,0.24847863641589366,0.0,0.3512522326113047,0.0,0.043959704421923027,0.1336065043839492,0.0275064044348095,0.19519651773211993
1630173,Precious Achiuwa,2024-25,NYK,1169.6133333333332,0.16462928713050984,0.08984275509857204,0.5656284561456492,0.0,0.0,0.0016646729892059906,0.02211200689570704,0.15612282174035594
1629656,Quentin Grimes,2024-25,PHI,2013.09,0.1907722916139825,0.0,0.06552675068403895,0.3355240167473052,0.012727738063626624,0.2095984425180523,0.15418728090222777,0.03166347947076671
1631245,Quenton Jackson,2024-25,IND,381.03833333333336,0.16323998254133115,0.0,0.08974151725453439,0.04535260190519963,0.024410512260284227,0.07896295401006932,0.1594033793265493,0.43888905270203193
1642366,Quinten Post,2024-25,GSW,685.7566666666667,0.4563330990585626,0.2581128462805069,0.09694357387185776,0.0,0.0,0.18861048078907272,0.0,0.0
1629628,RJ Barrett,2024-25,TOR,1868.8033333333333,0.0,0.06787746807722193,0.1802786314958952,0.5041123648434802,0.0,0.16074295546568396,0.05996192995263561,0.027026650165083023
1641712,Rayan Rupert,2024-25,POR,459.5416666666667,0.10593814966624286,0.03863056412069245,0.05338914105776919,0.21164340104443208,0.0,0.0009489581603701393,0.0,0.5894497859504931
1641736,Reece Beekman,2024-25,BKN,469.30333333333334,0.0,0.0,0.0,0.2572696719802425,0.0,0.0,0.0,0.7427303280197575
1642263,Reed Sheppard,2024-25,HOU,654.3516666666667,0.1534653625600096,0.0,0.0,0.5477026016827793,0.0,0.17395539974296292,0.0,0.12487663601424814
202704,Reggie Jackson,2024-25,PHI,383.9916666666667,0.31076448906480897,0.0,0.0,0.4982958588123662,0.0,0.0,0.013013758592802183,0.17792589353002264
1626158,Richaun Holmes,2024-25,WAS,534.135,0.0,0.0,0.3116436182511332,0.0005053007048034211,0.5969551934597592,0.01897925491010824,0.07191663267419589,0.0
1641741,Ricky Council IV,2024-25,PHI,1250.015,0.1479259950824972,0.035077798124262156,0.15338934531238663,0.33356093231411466,0.0,0.2345138977289834,0.0,0.09553203143775603
1642265,Rob Dillingham,2024-25,MIN,515.975,0.0,0.0,0.0,0.7996657881295913,0.004045053226773561,0.0,0.0,0.19628915864363522
1629057,Robert Williams III,2024-25,POR,351.33,0.0735163561620479,0.0,0.6847156262711935,0.0,0.24176801756675864,0.0,0.0,0.0
1641842,Ronald Holland II,2024-25,DET,1266.3216666666667,0.21224698073845208,0.017826008164119875,0.20632231431526069,0.19322982835288516,0.0,0.08269667409958423,0.0,0.28767819432969793
1626220,Royce O'Neale,2024-25,PHX,1836.8733333333332,0.6800732718949364,0.05234545240925266,0.06270052601924898,0.0473481029203212,0.0,0.13750927648527903,0.020023370270961748,0.0
203497,Rudy Gobert,2024-25,MIN,2388.423333333333,0.0,0.08921591727776569,0.0801800047770979,0.0,0.8083264088270301,0.0,0.022277669118106275,0.0
1629060,Rui Hachimura,2024-25,LAL,1868.825,0.35725150883079915,0.2239831819658387,0.0726498680105514,0.0,0.06251120445823594,0.21582515509923497,0.004793920562418046,0.0629851610729218
201566,Russell Westbrook,2024-25,DEN,2092.2916666666665,0.0,0.012877656196545278,0.1374645848399622,0.48556727396152655,0.0,0.0,0.07850673789998557,0.2855837471019805
1642346,Ryan Dunn,2024-25,PHX,1410.4166666666667,0.4964465451622049,0.007961760832292723,0.28599148231086746,0.06412709640318251,0.0,0.14547311529145254,0.0,0.0
1631157,Ryan Rollins,2024-25,MIL,819.525,0.21414538374812797,0.0,0.030454605586145444,0.35236703765839755,0.0,0.0,0.1236579524431983,0.2793750205641307
1630573,Sam Hauser,2024-25,BOS,1541.1333333333334,0.3419717668245792,0.0,0.0,0.0,0.0,0.6580282331754209,0.0,0.0
1630241,Sam Merrill,2024-25,CLE,1401.2816666666668,0.3117885269115593,0.0,0.0,0.0,0.0,0.6672431881096924,0.0,0.020968284978748235
1630572,Sandro Mamukelashvili,2024-25,SAS,681.2083333333334,0.38993940268026617,0.2060314486666186,0.1920524584728761,0.0,0.0,0.14628171925304992,0.06569497092718923,0.0
1630583,Santi Aldama,2024-25,MEM,1659.6483333333333,0.4192987153581533,0.089350741770944,0.20491345345080983,0.0,0.0,0.1564883820185677,0.12994870740152512,0.0
1630703,Scoot Henderson,2024-25,POR,1759.0716666666667,0.0,0.0,0.0,0.7190623642331405,0.02636516007282862,0.0,0.0518632978793801,0.20270917781465073
1630567,Scottie Barnes,2024-25,TOR,2134.13,0.008952654229725117,0.28973402858251296,0.0036216539294114105,0.309838405001354,0.0,0.0,0.2408009470568537,0.14705231120014275
1630590,Scotty Pippen Jr.,2024-25,MEM,1682.88,0.11947579441004107,0.0,0.06644485543319338,0.2111983670817009,0.0,0.0,0.15031917087262475,0.4525618122024399
203552,Seth Curry,2024-25,CHA,1061.9566666666667,0.026321656085422876,0.0,0.0,0.30451999053898926,0.0,0.6691583533755878,0.0,0.0
1631101,Shaedon Sharpe,2024-25,POR,2252.33,0.0,0.0,0.06541696356148662,0.4772542539644885,0.00911872671891929,0.318253447537306,0.12995660821779972,0.0
1628983,Shai Gilgeous-Alexander,2024-25,OKC,2597.63,0.0,0.00014992853966293594,0.024766959885804952,0.0,0.0,0.0028611770711239473,0.923182409098742,0.04903952540466606
1629003,Shake Milton,2024-25,LAL,836.2766666666666,0.10248465441698033,0.0,0.11730431773820849,0.579203216791007,0.0,0.09934710794050393,0.0,0.10166070311330022
1631323,Simone Fontecchio,2024-25,DET,1236.6816666666666,0.2701018514989165,0.0,0.16572067572217997,0.1337876900601493,0.0,0.391322798001289,0.0,0.03906698471746517
203915,Spencer Dinwiddie,2024-25,DAL,2136.085,0.09847490984135236,0.0,0.0,0.4041091007635994,0.0,0.0,0.2608148750231759,0.23660111437187234
201939,Stephen Curry,2024-25,GSW,2252.45,0.0,0.0,0.0,0.1647275295721268,0.0,0.519962286916959,0.3153101835109143,0.0
1642264,Stephon Castle,2024-25,SAS,2162.0216666666665,0.0,0.01902471108645901,0.11241075874441633,0.5535743620092634,0.008763290921407643,0.07936221294744808,0.07558931893670343,0.15127534535430212
203500,Steven Adams,2024-25,HOU,794.0666666666667,0.0,0.16645254486064837,0.3156624813583742,0.08194384835955724,0.4359411254214201,0.0,0.0,0.0
1629004,Svi Mykhailiuk,2024-25,UTA,760.3066666666666,0.18323173779510885,0.0,0.0033246473259834802,0.4805568209682134,0.0,0.2546547325589747,0.0,0.07823206135171967
204456,T.J. McConnell,2024-25,IND,1415.4333333333334,0.0,0.0,0.022785708666667362,0.44731181713146856,0.0,0.0,0.2530361871753498,0.2768662870265142
201959,Taj Gibson,2024-25,CHA,408.85,0.008305146313562514,0.0,0.7928161348317038,0.10387672071121126,0.0,0.0,0.0,0.0950019981435224
1629659,Talen Horton-Tucker,2024-25,CHI,723.695,0.05483630787604595,0.0,0.07505180709455402,0.46642214409191163,0.05558710465986542,0.13807937180621827,0.026420700815821683,0.18360256365558295
1631106,Tari Eason,2024-25,HOU,1420.1933333333334,0.29601773031289924,0.0,0.35088091713560776,0.0,0.0,0.024117198510434975,0.20345592107257507,0.12552823296848303
1627752,Taurean Prince,2024-25,MIL,2165.86,0.39697923284921766,0.0,0.05191095474248951,0.06071328314715048,0.0,0.3100399208201914,0.0,0.18035660844095092
1629611,Terance Mann,2024-25,ATL,1414.25,0.19652390255167468,0.0,0.151975974010136,0.1884255494709097,0.0,0.19935721929120265,0.06373245145947658,0.19998490321660048
1630545,Terrence Shannon Jr.,2024-25,MIN,338.8283333333333,0.1465299784172978,0.008899955613629289,0.2030994624093571,0.10437513592949667,0.0,0.24562620036658,0.0,0.2914692672636392
1626179,Terry Rozier,2024-25,MIA,1658.22,0.08648987379891475,0.0,0.07512802341001545,0.5096140018317684,0.0,0.20840795936871645,0.0,0.12036014159058493
1628418,Thomas Bryant,2024-25,IND,963.0166666666667,0.3620257946365307,0.20323570304090874,0.3245487107541297,0.0,0.009273018477955126,0.10091677309047584,0.0,0.0
1642275,Tidjane Salaün,2024-25,CHA,1244.3533333333332,0.3401430773652335,0.0,0.19604355634579815,0.268340214359426,0.0,0.14210314114837927,0.0,0.05337001078116309
203501,Tim Hardaway Jr.,2024-25,DET,2152.795,0.1114862477971754,0.0,0.004305424243497098,0.02852919047694971,0.0,0.7959647571865301,0.0,0.059714380295847705
202699,Tobias Harris,2024-25,DET,2305.4133333333334,0.19205552319435612,0.3973970711581126,0.0,0.033469780223949176,0.0,0.15093333321669997,0.08507743970079741,0.14106685250608467
1628470,Torrey Craig,2024-25,BOS,313.94666666666666,0.6831230460775483,0.009479523772364397,0.14341995176945105,0.0,0.0,0.1276469600957599,0.03633051828487649,0.0
1641787,Tosan Evbuomwan,2024-25,BKN,664.93,0.0,0.03571433275821741,0.17647950475488403,0.3266321038424246,0.0,0.10588869957204236,0.0,0.35528535907243153
1641739,Toumani Camara,2024-25,POR,2548.0516666666667,0.43479913621159116,0.0,0.26117102320919156,0.013422982049156098,0.0,0.06017950541307065,0.04851900618251509,0.18190834693447544
1629027,Trae Young,2024-25,ATL,2739.06,0.0,0.0,0.0,0.762721520486231,0.0,0.0,0.23727847951376896,0.0
1631218,Trayce Jackson-Davis,2024-25,GSW,966.7866666666666,0.0,0.15183649976724733,0.25422169972793357,0.0,0.41652838107624834,0.0,0.008262237256825894,0.16915118217174485
1630200,Tre Jones,2024-25,CHI,904.9716666666667,0.07425553868503929,0.0,0.07656650876122162,0.1470429483945869,0.0,0.0,0.1829004487981647,0.5192345553609876
1630544,Tre Mann,2024-25,CHA,319.045,0.0,0.0,0.0,0.7998969072595475,0.07956648057735966,0.0,0.08468511972130499,0.03585149244178793
1630570,Trendon Watford,2024-25,BKN,912.6766666666666,0.0,0.24498973744540326,0.05519381057868909,0.48376041341460635,0.0,0.0014893415567173544,0.0,0.2145666970045838
1630243,Trevelin Queen,2024-25,ORL,430.28,0.2377949547497456,0.0,0.08862158083219339,0.18092196784611567,0.0,0.029139138097047067,0.0754830842277053,0.38803927424719287
1641998,Trey Jemison III,2024-25,LAL,392.0233333333333,0.0,0.09254030532381939,0.14030189141434285,0.013725554616017797,0.46050496917701494,0.0,0.0,0.2929272794688049
1626168,Trey Lyles,2024-25,SAC,1349.5216666666668,0.5020381054228951,0.13438305312860832,0.22613877939466198,0.0,0.0,0.13744006205383452,0.0,0.0
1630530,Trey Murphy III,2024-25,NOP,1854.23,0.04517196016086887,0.014862775892385263,0.10937491100541352,0.15266805049509516,0.015130799555497973,0.4922130584205057,0.12299139424721556,0.047587050223017874
202684,Tristan Thompson,2024-25,CLE,328.17,0.0,0.06874567425594978,0.1743279441647222,0.1991868988105648,0.18919799766598866,0.0,0.0,0.36854148510277446
1641774,Tristan Vukcevic,2024-25,WAS,512.51,0.22794667713739625,0.43223909037104774,0.14321699944926022,0.011982385861498798,0.0,0.13635527463975938,0.048259572541037646,0.0
1641783,Tristan da Silva,2024-25,ORL,1628.6116666666667,0.2690172671699153,0.0,0.21904952049633136,0.21969143629552693,0.0,0.23025483060786298,0.0,0.06198694543036343
1629660,Ty Jerome,2024-25,CLE,1392.4,0.11832001510482106,0.0,0.0,0.25493282729751704,0.0,0.0,0.39037962250559627,0.2363675350920657
1629639,Tyler Herro,2024-25,MIA,2725.08,0.0,0.016669523095537514,0.00925143229199382,0.42984695796419625,0.0,0.32853194795172974,0.21570013869654253,0.0
1630169,Tyrese Haliburton,2024-25,IND,2450.391666666667,0.13378297676195725,0.0,0.0,0.33807559426740236,0.0,0.1588569950115809,0.3643829879800146,0.004901445979044908
1631213,Tyrese Martin,2024-25,BKN,1315.32,0.20178614307248025,0.0,0.07524322176350012,0.3856517438734723,0.0,0.3036228599038859,0.0,0.03369603138666155
1630178,Tyrese Maxey,2024-25,PHI,1960.195,0.0,0.0,0.0,0.31937343845323357,0.0,0.1640326805168537,0.3702493151356846,0.14634456589422823
1626145,Tyus Jones,2024-25,PHX,2173.516666666667,0.3611035761498713,0.0,0.0,0.495745961523233,0.0,0.006432833503509734,0.0714900785542667,0.06522755026911928
203995,Vasilije Micic,2024-25,PHX,784.9083333333333,0.0,0.0,0.0,0.9321571503381278,0.0,0.0,0.0,0.06784284966187214
1641705,Victor Wembanyama,2024-25,SAS,1527.2533333333333,0.13757535393506584,0.37427746982512966,0.1162254692866816,0.0,0.0,0.12857386183792263,0.2433478451152003,0.0
1631246,Vince Williams Jr.,2024-25,MEM,498.5466666666667,0.41554994298428743,0.02078203922535992,0.1479608005375405,0.31131345712593,0.0,0.0,0.0,0.10439376012688212
1630249,Vít Krejčí,2024-25,ATL,1152.6316666666667,0.386402415318265,0.0,0.0,0.18905796362773783,0.1309570079910402,0.2618322569496713,0.0,0.03175035611328544
1631117,Walker Kessler,2024-25,UTA,1740.32,0.016334244626224008,0.08014280342521088,0.633709717722042,0.0,0.26981323422652315,0.0,0.0,0.0
1628976,Wendell Carter Jr.,2024-25,ORL,1758.2683333333334,0.23972966537257345,0.26766677987215476,0.3546535725836807,0.046843626110150915,0.0,0.09110635606144027,0.0,0.0
1631111,Wendell Moore Jr.,2024-25,CHA,498.9166666666667,0.22300863318583608,0.0,0.1365458789482277,0.2264365423256167,0.0,0.0,0.0,0.4140089455403196
1642274,Yves Missi,2024-25,NOP,1955.79,0.0,0.10394465247235528,0.2701038294228076,0.062150531107804934,0.5612679504736952,0.0,0.0,0.0025330365233371755
1642258,Zaccharie Risacher,2024-25,ATL,1843.3866666666668,0.14253141949727716,0.020185552264296674,0.2188763682940919,0.10668324071890403,0.0,0.3908037667982052,0.0,0.12091965242722508
1628380,Zach Collins,2024-25,CHI,977.06,0.3053116024290885,0.3522936991009017,0.20926567657537107,0.0,0.06634831455694246,0.003586422732740461,0.0,0.06319428460495594
1641744,Zach Edey,2024-25,MEM,1415.765,0.061978981578289724,0.4127185483458674,0.3706785461161412,0.0,0.15462392395970165,0.0,0.0,0.0
203897,Zach LaVine,2024-25,SAC,2602.48,0.024373985194240503,0.0,0.0,0.38915874392560484,0.10261291551240759,0.25155978116051636,0.23229457420723082,0.0
1630192,Zeke Nnaji,2024-25,DEN,607.9666666666667,0.3180130177481352,0.0,0.4224385660393893,0.0,0.08726074079224008,0.12032724089158334,0.0,0.05196043452865226
1630533,Ziaire Williams,2024-25,BKN,1541.4033333333334,0.3665258690702223,0.0,0.2142622686535313,0.12706088740042445,0.0,0.23128701167812743,0.0,0.060863963197694514
1629627,Zion Williamson,2024-25,NOP,857.2766666666666,0.0,0.27447359841234387,0.12540422596907239,0.0,0.0,0.0,0.5053942319450397,0.09472794367354391
