PLAYER_ID,PLAYER_NAME,SEASON,TEAM_ABBREVIATION,MIN,arch_0,arch_1,arch_2,arch_3,arch_4,arch_5,arch_6,arch_7
1631260,AJ Green,2025-26,MIL,2269.9333333333334,0.0,0.0,0.0441266854457265,0.0,0.0061829823837511,0.0359721167873006,0.0,0.9137182153832218
1642358,AJ Johnson,2025-26,DAL,453.43333333333334,0.1565811701011183,0.0,0.0,0.7694360890839207,0.0486418275400407,0.0,0.0,0.02534091327492
203932,Aaron Gordon,2025-26,DEN,1004.9583333333334,0.0387620614856079,0.1684046032781704,0.0,0.0,0.1350302966244871,0.1630980872705759,0.2041133209734614,0.2905916303676971
1628988,Aaron Holiday,2025-26,HOU,780.7316666666667,0.0,0.0,0.1489365078228472,0.2860851174536803,0.0,0.1332433346922619,0.036064653529383,0.3956703865018273
1630174,Aaron Nesmith,2025-26,IND,1334.95,0.0469658831337745,0.0405944411268028,0.0,0.0398271818133066,0.1177349301567905,0.1819805262333088,0.007520966943154,0.5653760705928624
1630598,Aaron Wiggins,2025-26,OKC,1413.98,0.0445203984961438,0.0476555204787844,0.1939135655872653,0.2405178793878326,0.0918703102806501,0.0082406589370805,0.0921582596921624,0.2811234071400804
1642846,Ace Bailey,2025-26,UTA,1987.6433333333337,0.0633135604263786,0.0247595459645325,0.0084064118552105,0.0935261566674478,0.0527825526454934,0.3556569285741053,0.0,0.4015548438668319
1641737,Adem Bona,2025-26,PHI,1234.1616666666666,0.3250163024878136,0.0323083306958528,0.0427813824178968,0.0,0.5998939843984369,0.0,0.0,0.0
1642349,Ajay Mitchell,2025-26,OKC,1472.7983333333334,0.0,0.1479705359261955,0.1206438045251157,0.3204663044197415,0.0620175275645969,0.100667272026025,0.2482345555383251,0.0
201143,Al Horford,2025-26,GSW,969.185,0.0,0.3034116254687282,0.1055855378141567,0.077157255458787,0.0,0.0,0.0590719269210319,0.454773654337296
1627936,Alex Caruso,2025-26,OKC,1020.3466666666668,0.0,0.0,0.501199053565911,0.1027819588465386,0.1639962311883367,0.0,0.0176711754299342,0.2143515809692794
1642259,Alex Sarr,2025-26,WAS,1304.6616666666666,0.0065793756483609,0.5755087069932248,0.0,0.0718366675084433,0.0,0.0648314398803483,0.1843292960965707,0.0969145138730518
1630578,Alperen Sengun,2025-26,HOU,2397.695,0.0,0.4425328464223572,0.0,0.1440612824492829,0.0,0.0025428381652912,0.4108630329630685,0.0
1641708,Amen Thompson,2025-26,HOU,2953.15,0.0,0.1311233702247477,0.1126481696550206,0.0201871457593526,0.4404939664029955,0.0844072543316712,0.2111400936262121,0.0
1629599,Amir Coffey,2025-26,PHX,490.50166666666667,0.0,0.0,0.0,0.0,0.3080207398387795,0.2430018577598702,0.0,0.4489774024013501
203083,Andre Drummond,2025-26,PHI,1230.7483333333332,0.1530092039237372,0.0607827019817479,0.1635674546042131,0.0,0.5961502552780856,0.0,0.0,0.0264903842122161
1641748,Andre Jackson Jr.,2025-26,MIL,408.10833333333335,0.1309023696165225,0.0,0.1563881800629836,0.5638204951497389,0.06182684393704,0.0,0.0,0.0870621112337151
1629614,Andrew Nembhard,2025-26,IND,1785.5933333333332,0.0,0.0,0.0,0.3628970083330632,0.0,0.3503130320184913,0.2724242759277506,0.0143656837206949
203952,Andrew Wiggins,2025-26,MIA,2062.598333333334,0.0,0.244074625938606,0.1008513276944621,0.1033111815108311,0.0031697288965565,0.1978386381597145,0.0933744744676596,0.25738002333217
1629014,Anfernee Simons,2025-26,CHI,1371.9333333333334,0.0,0.0,0.0,0.141158799788694,0.0,0.1973818829197644,0.2559791696258756,0.4054801476656658
1641710,Anthony Black,2025-26,ORL,1910.05,0.0725789476801653,0.0629741535718593,0.172185140675087,0.220640700191906,0.1130083005472318,0.0924644556344782,0.1660396671040516,0.1001086345952205
203076,Anthony Davis,2025-26,WAS,625.63,0.0312921000016084,0.4626214280196735,0.0,0.0,0.0,0.3106395096420102,0.1954469623367079,0.0
1630162,Anthony Edwards,2025-26,MIN,2136.5933333333332,0.0595824919905867,0.0,0.0435523071083593,0.0,0.0,0.2305463422678792,0.5238197222861315,0.1424991363470432
1630264,Anthony Gill,2025-26,WAS,950.9466666666668,0.0,0.3973484154155739,0.0633260879277877,0.1437092797514932,0.2364129900214148,0.0,0.0,0.1592032268837304
1630574,Ariel Hukporti,2025-26,NYK,497.96166666666664,0.2937635878467518,0.5374694803090659,0.0,0.1687669318441823,0.0,0.0,0.0,0.0
1642854,Asa Newell,2025-26,ATL,499.90833333333336,0.0008477405122426,0.1643224887908562,0.1458346796080463,0.0,0.3724437007215562,0.0,0.0,0.3165513903672985
1641709,Ausar Thompson,2025-26,DET,1895.61,0.0620877681133843,0.2966287423307949,0.3386122266284368,0.0157193363915896,0.2166736052785166,0.0295031632715006,0.040775157985777,0.0
1630559,Austin Reaves,2025-26,LAL,1761.65,0.0101439428692802,0.1173007723718366,0.0,0.1655611341572679,0.0691737823098194,0.0012469764945241,0.5351935718823718,0.1013798199148997
1630245,Ayo Dosunmu,2025-26,MIN,1881.0433333333333,0.0,0.1637774271815427,0.0657609228967226,0.1376876862949323,0.1632775514659457,0.0,0.209287099430821,0.2602093127300356
1628389,Bam Adebayo,2025-26,MIA,2364.685,0.0,0.2226280142896825,0.0108310355476128,0.0,0.1877175487650489,0.110941861330843,0.2908562448879873,0.1770252951788253
1631248,Baylor Scheierman,2025-26,BOS,1429.3033333333333,0.0,0.0116033784787216,0.1717174498583877,0.0,0.1134103073284941,0.0531244580554341,0.0221295177867582,0.6280148884922041
1642879,Ben Saraf,2025-26,BKN,916.3183333333334,0.1673122555102455,0.0,0.0318118266801742,0.7441879180747811,0.0,0.0,0.0566879997347991,0.0
1641767,Ben Sheppard,2025-26,IND,1390.4766666666667,0.0,0.0,0.0876651349116189,0.0709366310744336,0.2256311768272766,0.0317964860312963,0.0,0.5839705711553744
1631097,Bennedict Mathurin,2025-26,LAC,1620.015,0.192715228332943,0.0,0.0,0.0854984737101805,0.0369783849142376,0.3329224832314104,0.1593150257473178,0.1925704040639106
1643016,Bez Mbeng,2025-26,UTA,492.185,0.0982178140653192,0.0,0.2999167526580408,0.4383861482171524,0.1634792850594874,0.0,0.0,0.0
1641731,Bilal Coulibaly,2025-26,WAS,1467.605,0.1220512700540302,0.0356502847965822,0.210776586243252,0.2248178843154026,0.1471175972322784,0.103552513877323,0.0772970604745659,0.0787368030065655
1631104,Blake Wesley,2025-26,POR,360.8183333333333,0.1370222987370234,0.0,0.1222718763725038,0.4711840337375695,0.0140839892438752,0.2195118595414263,0.0359259423676014,0.0
1626171,Bobby Portis Jr.,2025-26,MIL,1619.3133333333333,0.0,0.0740370573491765,0.0,0.0,0.1272096543456309,0.4189752696367058,0.0666316690511096,0.3131463496173771
203992,Bogdan Bogdanović,2025-26,LAC,452.06,0.0215729490625282,0.0,0.0,0.3687683262962263,0.0,0.0962935692160252,0.1530789914505969,0.3602861639746231
1630538,Bones Hyland,2025-26,MIN,1176.9183333333333,0.0,0.0,0.1396740099856455,0.1902750662305759,0.0,0.0,0.2997201868454243,0.3703307369383542
1642382,Branden Carlson,2025-26,OKC,488.2033333333333,0.0,0.5532061923716616,0.0,0.0,0.0,0.0,0.0,0.4467938076283385
1641764,Brandin Podziemski,2025-26,GSW,2332.673333333333,0.0339430249088944,0.0595075759886332,0.0810708235677614,0.1758274007132685,0.0,0.2083880206282364,0.17999797180338,0.261265182389826
1627742,Brandon Ingram,2025-26,TOR,2603.8633333333332,0.0029597016794595,0.0680042046492997,0.0,0.0,0.0039295043557536,0.6058151019842569,0.1668434070670026,0.1524480802642275
1641706,Brandon Miller,2025-26,CHA,1968.3116666666667,0.0,0.1111758357761257,0.0316398185882749,0.099413197258704,0.0,0.0647210502468662,0.3939063327187718,0.2991437654112574
1630314,Brandon Williams,2025-26,DAL,1462.645,0.0591099053690372,0.0147070497773116,0.0648861424109215,0.2914401696429315,0.1273382035369334,0.1326071691574414,0.3099113601054231,0.0
1641729,Brice Sensabaugh,2025-26,UTA,1761.8666666666666,0.0,0.0284804661679356,0.005182077944599,0.0812060239322998,0.1137341054439753,0.1249386614257763,0.2261760300565197,0.420282635028894
1642355,Bronny James,2025-26,LAL,375.4916666666667,0.0,0.0,0.1854522291622695,0.4513988699246061,0.0,0.2785301463879104,0.0,0.0846187545252139
201572,Brook Lopez,2025-26,LAC,1635.2733333333333,0.0131740060206374,0.3136398954774291,0.042742829454768,0.0,0.0,0.0357457648827164,0.0452177032788302,0.5494798008856185
1642964,Brooks Barnhizer,2025-26,OKC,347.88166666666666,0.0816917575566333,0.0,0.0520253502248721,0.3812912541661076,0.2090064103438443,0.1023847449833921,0.0,0.1736004827251503
1628971,Bruce Brown,2025-26,DEN,1997.7883333333336,0.0,0.0505450629423864,0.2069322191274248,0.3386701923588921,0.3490702242029599,0.0512625534430693,0.0,0.0035197479252673
1631121,Bryce McGowens,2025-26,NOP,879.9333333333333,0.0163260167997489,0.1016612464365354,0.0865722289667181,0.0,0.3300349121839256,0.1044089693715414,0.0,0.3609966262415305
1642267,Bub Carrington,2025-26,WAS,2270.65,0.0,0.0,0.0,0.4672230490893862,0.0,0.3345700346097369,0.0372408176319417,0.1609660986689351
1627741,Buddy Hield,2025-26,ATL,819.2716666666666,0.0015857544659982,0.0,0.2472527323236149,0.1296439138759882,0.0239121848863706,0.0704603501710288,0.093832383902152,0.4333126803748469
203468,CJ McCollum,2025-26,ATL,2263.3716666666664,0.0065621436880644,0.0,0.0,0.2127988154524238,0.0,0.2592844813665385,0.280490859314581,0.2408637001783922
1630595,Cade Cunningham,2025-26,DET,2171.6716666666666,0.0150038331624374,0.0547282347747841,0.0,0.23665918620363,0.0,0.0137109381997757,0.6798978076593726,0.0
1631126,Caleb Love,2025-26,POR,1012.6083333333332,0.0,0.0,0.0,0.3895298307224321,0.0,0.090314850999792,0.1520117653575273,0.3681435529202484
1628997,Caleb Martin,2025-26,DAL,856.2116666666667,0.0001458312070069,0.0,0.2243369421910085,0.1971428145827113,0.3580957185740628,0.2202786934452103,0.0,0.0
1642353,Cam Christie,2025-26,LAC,479.75,0.1075770524742846,0.040152894819183,0.0550402600746371,0.3473919608381957,0.1684658664480311,0.0860580383124793,0.0,0.195313927033189
1642285,Cam Spencer,2025-26,MEM,1714.4516666666666,0.0,0.0,0.0344965853240624,0.1489763706557639,0.0,0.2302454008140934,0.2695121840030677,0.3167694592030123
1630560,Cam Thomas,2025-26,MIL,880.5266666666666,0.0130435275327664,0.0,0.0,0.2919661078964488,0.0,0.3729723186597454,0.2261150025255476,0.0959030433854915
1641715,Cam Whitmore,2025-26,WAS,353.98333333333335,0.2225043228007405,0.0507788886981865,0.0635355547415698,0.1897869003624974,0.0,0.1248409132233036,0.0743463346718912,0.2742070855018108
1629661,Cameron Johnson,2025-26,DEN,1647.0316666666668,0.0,0.1443928067136703,0.0512630206599785,0.0,0.1335973949461412,0.1606713102921729,0.0,0.510075467388037
1626166,Cameron Payne,2025-26,PHI,374.33666666666664,0.0,0.0,0.2690676960504094,0.2434593079380263,0.0,0.0005275440480802,0.2472107277138225,0.2397347242496613
1627747,Caris LeVert,2025-26,DET,1154.415,0.1348703772143265,0.0,0.1676185340444706,0.3863120804875448,0.0,0.0734064602153586,0.1231803141115681,0.1146122339267313
1642868,Carter Bryant,2025-26,SAS,817.865,0.0914892874156315,0.0,0.0467104963921738,0.0042937525210342,0.2711456743783386,0.0,0.0,0.5863607892928218
1641717,Cason Wallace,2025-26,OKC,2046.07,0.0,0.0323052031695887,0.4692291675462524,0.2571573765996534,0.0623610732725576,0.0617657871874523,0.0,0.1171813922244955
1642907,Cedric Coward,2025-26,MEM,1597.9466666666667,0.0259848994087829,0.1445479433383902,0.0,0.1693594878528667,0.1300039285294308,0.0203816497218636,0.2441379977832377,0.2655840933654279
1643052,Chaney Johnson,2025-26,BKN,347.5833333333333,0.1933766245254078,0.222673981650627,0.1518086941644932,0.1426652182203961,0.0477165105607634,0.0,0.1321615715819374,0.1095973992963748
1631096,Chet Holmgren,2025-26,OKC,1997.2683333333337,0.0186095790253724,0.6160277232975807,0.0,0.0,0.0,0.0456416695108261,0.1794833733623845,0.1402376548038361
1631128,Christian Braun,2025-26,DEN,1399.138333333333,0.0165287530344197,0.1528249569130834,0.0345102741659305,0.0,0.3714435750188926,0.0316631715490356,0.0,0.3930292693186379
1631132,Christian Koloko,2025-26,ATL,356.66833333333335,0.2131288424276601,0.1453572954295947,0.077181529641182,0.2820357241944689,0.2822966083070941,0.0,0.0,0.0
203991,Clint Capela,2025-26,HOU,925.6616666666666,0.2126549913410329,0.4178813641942297,0.0747478249232782,0.0,0.2947158195414592,0.0,0.0,0.0
1629632,Coby White,2025-26,CHA,1249.7883333333334,0.0387234023171115,0.0,0.0,0.2100258270521966,0.0598298701926705,0.0153484578462362,0.430220617718746,0.2458518248730388
1642262,Cody Williams,2025-26,UTA,1630.5416666666667,0.0,0.0,0.0523480180680326,0.2702548386155234,0.4500828648516556,0.1310066414028683,0.0,0.09630763706192
1630175,Cole Anthony,2025-26,MIL,526.635,0.0,0.0,0.0,0.6398994601599525,0.0,0.1422065578295474,0.2178939820105001,0.0
1631221,Collin Gillespie,2025-26,PHX,2281.8016666666667,0.0,0.0,0.1653669112278455,0.1587155758294527,0.0,0.0759891727700693,0.2507260387899994,0.3492023013826329
1642867,Collin Murray-Boyles,2025-26,TOR,1245.6,0.1309406973769663,0.4253347466044516,0.1623894069636033,0.0,0.171940553297383,0.0268630122695358,0.0,0.0825315834880599
1629012,Collin Sexton,2025-26,CHI,1613.2033333333334,0.012981672107946,0.0250102821495767,0.1597667123832145,0.2508082541970648,0.089884914242222,0.0968816934023908,0.3379355960200463,0.0267308754975386
1642843,Cooper Flagg,2025-26,DAL,2343.858333333333,0.0313465913006419,0.2072389028539898,0.0,0.19080633451966,0.0,0.2966924608159452,0.2739157105097629,0.0
1630557,Corey Kispert,2025-26,ATL,1079.6066666666666,0.0106896080149619,0.1359239402791704,0.0,0.0,0.1243938184328897,0.0,0.0854772874625686,0.6435153458104093
1641854,Craig Porter Jr.,2025-26,CLE,1147.6616666666666,0.0795387736587987,0.0808302662941017,0.2551160923652251,0.4602803336391707,0.0,0.1053093106241314,0.0189252234185723,0.0
1626156,D'Angelo Russell,2025-26,WAS,494.775,0.0,0.0,0.0,0.4991128828119893,0.0,0.1759576822488782,0.279894377932698,0.0450350570064344
1631342,Daeqwon Plowden,2025-26,SAC,844.3683333333333,0.0142840272774018,0.0441916203371031,0.069858487596897,0.0748000744892508,0.1275966278792623,0.0,0.0,0.6692691624200848
1631207,Dalen Terry,2025-26,PHI,551.0266666666666,0.0536528440941767,0.0,0.3002614982043626,0.3039082903633996,0.245996989501871,0.0145041342900984,0.0,0.0816762435460915
1642261,Dalton Knecht,2025-26,LAL,552.9283333333333,0.0398981870474532,0.0798211087745759,0.0080007869380161,0.0491721970881865,0.0674965700367129,0.119080527930414,0.0,0.6365306221846411
1629655,Daniel Gafford,2025-26,DAL,1194.4383333333333,0.6042978066958413,0.2819774491920946,0.0,0.0,0.0,0.0,0.113724744112064,0.0
1642450,Daniss Jenkins,2025-26,DET,1455.3,0.0089232552985216,0.0100611723438948,0.0872411091244332,0.4956765343770489,0.0017140947516606,0.2112094195310637,0.185174414573377,0.0
1642874,Danny Wolf,2025-26,BKN,1187.1616666666666,0.102624489170271,0.1627212371003465,0.0,0.2086009038729395,0.1140690905766081,0.0,0.108602040554578,0.3033822387252564
1629636,Darius Garland,2025-26,LAC,1344.2766666666666,0.0,0.0,0.0,0.4976857298339863,0.0,0.042742343015498,0.4399699032865432,0.0196020238639725
1630558,Davion Mitchell,2025-26,MIA,2000.255,0.0,0.0442048238346937,0.080553521684295,0.6927559860642541,0.0,0.0571515231925996,0.1004921027465747,0.0248420424775826
1630549,Day'Ron Sharpe,2025-26,BKN,1159.915,0.1423989339400299,0.3728881415255793,0.2065960676811933,0.0,0.1709449843167605,0.0,0.1071718725364369,0.0
1628368,De'Aaron Fox,2025-26,SAS,2231.065,0.0,0.0041837582616047,0.0597496770269449,0.3564189355062657,0.0,0.1822786393851279,0.373998957880815,0.0233700319392415
1629631,De'Andre Hunter,2025-26,SAC,1175.486666666667,0.0760904773021806,0.0,0.0,0.1182741444339763,0.0758798889985492,0.2162175287437316,0.1002320675581772,0.413305892963385
1629001,De'Anthony Melton,2025-26,GSW,1125.256666666667,0.0168491781897443,0.0,0.3143672833314281,0.4271584017671482,0.0,0.0770892689608859,0.1645358677507934,0.0
201942,DeMar DeRozan,2025-26,SAC,2405.515,0.0,0.0,0.0,0.0,0.0,0.9999999999999326,6.729462290249595e-14,0.0
1629731,Dean Wade,2025-26,CLE,1317.6833333333334,0.0,0.0984112781000705,0.141206394529248,0.0,0.1265664331712988,0.0,0.0,0.6338158941993827
1629028,Deandre Ayton,2025-26,LAL,1958.385,0.3258390798476482,0.4374523453018869,0.0,0.026437307840615,0.0,0.1076970526711994,0.0669797397085558,0.0355944746300946
1627749,Dejounte Murray,2025-26,NOP,389.4166666666667,0.0,0.0,0.1270689348389318,0.35929914475336,0.0,0.0485161545218586,0.4651157658858494,0.0
1630166,Deni Avdija,2025-26,POR,2199.385,0.0880523897626351,0.1162050326685431,0.0,0.1105136749808387,0.1156387075468308,0.0,0.5592445143338339,0.0103456807073182
203471,Dennis Schröder,2025-26,CLE,1696.2983333333334,0.0126126984940819,0.0,0.0,0.5414697422244564,0.0,0.2536166906196883,0.1923008686617734,0.0
1642852,Derik Queen,2025-26,NOP,2023.38,0.1622975698198067,0.1641947520849611,0.0419356035256291,0.200140052135287,0.1632029021640964,0.1234511252641515,0.1447779950060679,0.0
1627884,Derrick Jones Jr.,2025-26,LAC,1349.5083333333334,0.0,0.2639005933256551,0.1535965699352394,0.0,0.2466003244190161,0.0,0.0,0.3359025123200891
1628401,Derrick White,2025-26,BOS,2624.9566666666665,0.0329030090261183,0.0,0.0911863870435744,0.1202433094390476,0.0,0.1356194085986226,0.2886546790060256,0.3313932068866115
1630217,Desmond Bane,2025-26,ORL,2756.045,0.0,0.1878669849860747,0.0039322355933314,0.1449863822891536,0.0547317336638299,0.1614330349264598,0.2576983660505867,0.1893512624905636
1626164,Devin Booker,2025-26,PHX,2146.43,0.0,0.0,0.0,0.0871228801422642,0.0,0.4320492177903507,0.4697814689289909,0.011046433138394
1642269,Devin Carter,2025-26,SAC,699.8683333333333,0.1220046978963577,0.0,0.0828525171660291,0.5440538454170477,0.0,0.0,0.2510889395205654,0.0
1630170,Devin Vassell,2025-26,SAS,2044.2316666666663,0.0,0.0125029499208763,0.0534991142901455,0.0,0.0,0.3888116402859757,0.0069549930875241,0.5382313024154781
1628415,Dillon Brooks,2025-26,PHX,1701.5833333333333,0.0,0.0,0.0,0.1190311021300582,0.0,0.4054969178572571,0.2296598935885703,0.2458120864241144
1627734,Domantas Sabonis,2025-26,SAC,563.5883333333334,0.0,0.4815722522083465,0.0,0.1555705444942439,0.1729485189394677,0.0,0.1899086843579419,0.0
1631230,Dominick Barlow,2025-26,PHI,1688.5183333333334,0.0412073651902752,0.1121254889371219,0.1959666767938737,0.0,0.5998185138391994,0.0,0.0,0.0508819552395297
1642270,Donovan Clingan,2025-26,POR,2093.6366666666668,0.1718857392110558,0.5304511483484657,0.0,0.0,0.0,0.0,0.0679524099506225,0.2297107024898558
1628378,Donovan Mitchell,2025-26,CLE,2342.0633333333335,0.0,0.0,0.0715119037331771,0.1267938710400748,0.0007801888148366,0.091196840601523,0.6194278101558246,0.0902893856545637
1628978,Donte DiVincenzo,2025-26,MIN,2494.036666666667,0.0,0.0,0.2304364325160551,0.1109234078642462,0.0,0.0,0.1123881643990015,0.5462519952206971
1627827,Dorian Finney-Smith,2025-26,HOU,620.3116666666666,0.0322565583692077,0.0,0.0778746946539807,0.2902670414275739,0.0465547057689354,0.0,0.0,0.5530469997803021
203926,Doug McDermott,2025-26,SAC,439.1983333333333,0.0,0.0,0.0,0.0,0.0,0.0,7.265860677142121e-14,0.9999999999999274
1642962,Drake Powell,2025-26,BKN,1319.513333333333,0.0729353001663509,0.0,0.0069247764482179,0.3890230062842366,0.003915650581382,0.1744554425895191,0.0,0.3527458239302932
203110,Draymond Green,2025-26,GSW,1868.888333333333,0.1051986451288148,0.0,0.1813622047080221,0.4492335491639592,0.0368696273009567,0.0,0.0224424516014068,0.20489352209684
1629234,Drew Eubanks,2025-26,SAC,552.27,0.0,0.355360554781139,0.0040264772448244,0.0666736140753919,0.5642447949912012,0.0096945589074436,0.0,0.0
1630696,Dru Smith,2025-26,MIA,1141.3083333333334,0.0172280358775142,0.0447085331267293,0.5102373569981039,0.2598029079215436,0.088914160943087,0.0229964533465437,0.056112551786478,0.0
1629130,Duncan Robinson,2025-26,DET,2113.1583333333333,0.0,0.1075744335357341,0.0369191020616879,0.0,0.0374458881807003,0.0,0.0696809786746354,0.748379597547242
203939,Dwight Powell,2025-26,DAL,904.4116666666666,0.422103056748611,0.0,0.0532753993319543,0.0,0.5246215439194346,0.0,0.0,0.0
1642928,Dylan Cardwell,2025-26,SAC,906.5383333333332,0.0751406481077793,0.4107606501654753,0.0368886052485745,0.0,0.4772100964781708,0.0,0.0,0.0
1642844,Dylan Harper,2025-26,SAS,1557.9566666666667,0.0,0.1862288505375378,0.053938754178605,0.3261862459943807,0.0546764254733387,0.1091619947064969,0.225995218185797,0.0438125109238436
1630700,Dyson Daniels,2025-26,ATL,2519.54,0.0,0.3469636207528576,0.1860342954030372,0.3703174239723688,0.077904832923469,0.0,0.0187798269482673,0.0
1630604,E.J. Liddell,2025-26,BKN,349.19,0.0,0.1750836182280584,0.0,0.1454894669788932,0.2442623717730684,0.0,0.0769498137694154,0.3582147292505644
1642856,Egor Dëmin,2025-26,BKN,1308.2083333333333,0.027782427456291,0.0,0.0995114309344619,0.2367955829489018,0.0,0.0,0.1717266209878776,0.4641839376724673
1641989,Elijah Harkless,2025-26,UTA,544.8133333333334,0.0585734527636778,0.0,0.2362391668812336,0.4342293482601783,0.0,0.143979777543756,0.0,0.1269782545511542
1630679,Ethan Thompson,2025-26,IND,653.2316666666667,0.0136881072225748,0.0,0.0788338328966903,0.1999409814918918,0.1274008121064942,0.1135257173676739,0.0,0.4666105489146747
1630596,Evan Mobley,2025-26,CLE,2074.2883333333334,0.0742737420659018,0.5434537631676523,0.0,0.0,0.0183576184668013,0.0018204917188136,0.2171540143468296,0.1449403702340012
1630532,Franz Wagner,2025-26,ORL,1019.0033333333332,0.0,0.2561683767474322,0.0,0.0585322443719797,0.1698478104499693,0.0417187808226974,0.3798695754860209,0.0938632121219
1641713,GG Jackson,2025-26,MEM,1177.765,0.0981799412979725,0.2022443160931216,0.0,0.0265108499544563,0.1908032117166174,0.0,0.1952926189548177,0.2869690619830143
1629216,Gabe Vincent,2025-26,ATL,879.0783333333334,0.0,0.0,0.090832231650877,0.2998892340746248,0.0,0.029924746295181,0.0,0.5793537879793171
203914,Gary Harris,2025-26,MIL,660.7683333333333,0.0,0.0,0.2464936066896953,0.1986623130742541,0.1726774304111189,0.0,0.0,0.3821666498249315
1627780,Gary Payton II,2025-26,GSW,1142.28,0.0,0.2378888223224302,0.3443187069190159,0.0906915672313043,0.2455042227285889,0.0,0.0401546248244935,0.0414420559741671
1629018,Gary Trent Jr.,2025-26,MIL,1377.381666666667,0.0,0.0,0.0,0.1103861658805103,0.0,0.2096671579382926,0.0,0.6799466761811971
203507,Giannis Antetokounmpo,2025-26,MIL,1039.23,0.0468646700639763,0.3260248218145309,0.0,0.0,0.0,0.0,0.6271105081214928,0.0
1629048,Goga Bitadze,2025-26,ORL,972.0066666666668,0.158398076224118,0.6634940993082606,0.0694984492306775,0.0,0.1086093752369438,0.0,0.0,0.0
1641711,Gradey Dick,2025-26,TOR,1066.6883333333333,0.0294199243490369,0.0,0.172169975289819,0.0,0.2176858634826332,0.165673069700649,0.0,0.4150511671778617
1629684,Grant Williams,2025-26,CHA,711.4533333333334,0.0235520475378288,0.0828852885111864,0.1115453597975753,0.0,0.1251306423470733,0.0017630861067425,0.1002346329017944,0.5548889427977992
1628960,Grayson Allen,2025-26,PHX,1467.2783333333334,0.0,0.0,0.1894796802026518,0.1194029432168245,0.0,0.0,0.3240189379744967,0.3670984386060268
1627824,Guerschon Yabusele,2025-26,CHI,1007.0566666666666,0.0860786946567517,0.0144673157143665,0.0765426776479562,0.0216599678258715,0.2092857404156174,0.0,0.0283360566356286,0.5636295471038077
1630611,Gui Santos,2025-26,GSW,1395.3633333333332,0.0026127851311099,0.2519561740992562,0.1919879878703489,0.2185153981619229,0.0731894564936035,0.0,0.0807082117477562,0.1810299864960022
203084,Harrison Barnes,2025-26,SAS,1986.475,0.0,0.0,0.1026573548478426,0.0,0.3021646101382553,0.0,0.0587503465822992,0.5364276884316029
1630529,Herbert Jones,2025-26,NOP,1588.381666666667,0.0435172027897868,0.0,0.2819396168551924,0.3344092453865097,0.0538417625614785,0.0522574611148276,0.0,0.2340347112922048
1642864,Hugo González,2025-26,BOS,1083.93,0.0,0.1026830986585256,0.2222076549119289,0.1420920051311989,0.2778265646495469,0.0,0.0,0.2551906766487995
1630193,Immanuel Quickley,2025-26,TOR,2231.3083333333334,0.0,0.0,0.1018442529968749,0.1987079340985214,0.0,0.1469713960047563,0.295352674250644,0.2571237426492033
1630171,Isaac Okoro,2025-26,CHI,1694.89,0.0546438890103549,0.0,0.1070868028675642,0.0,0.3760800140148067,0.0,0.0,0.4621892941072743
1642268,Isaiah Collier,2025-26,UTA,1516.92,0.0840987139946337,0.0420889887965028,0.0,0.5723661935368156,0.0,0.0485470677637501,0.2528990359082977,0.0
1628392,Isaiah Hartenstein,2025-26,OKC,1137.425,0.4422511659701102,0.208774878121544,0.0035420433672154,0.010142017779919,0.099785875505593,0.0,0.2355040192556181,0.0
1630543,Isaiah Jackson,2025-26,LAC,908.3116666666666,0.5198706385647434,0.0,0.0541208489741427,0.0,0.3679150849113491,0.0,0.0580934275497647,0.0
1630198,Isaiah Joe,2025-26,OKC,1507.445,0.0,0.0226728230841724,0.1351797657175573,0.0,0.0,0.0729271872042255,0.1218000450720928,0.6474201789219519
1630587,Isaiah Livers,2025-26,PHX,347.36,0.0376546120153372,0.0,0.2064349510113938,0.3069428657349723,0.1507155892010615,0.0,0.0,0.298251982037235
1630191,Isaiah Stewart,2025-26,DET,1317.135,0.0591472173905011,0.5370087731775003,0.0,0.0,0.1798393332545889,0.0,0.0,0.2240046761774097
1627826,Ivica Zubac,2025-26,IND,1446.6983333333333,0.3782292360119006,0.3330774676871323,0.0,0.1210390871763083,0.0237028745081717,0.0,0.1439513346164868,0.0
1629630,Ja Morant,2025-26,MEM,568.5,0.0,0.0,0.0,0.4036624923837779,0.0,0.1410485730867844,0.4552889345294375,0.0
1642266,Ja'Kobe Walter,2025-26,TOR,1473.575,0.0,0.0,0.3119080204670263,0.0,0.1955917333326327,0.0053654869901086,0.0,0.4871347592102323
1631095,Jabari Smith Jr.,2025-26,HOU,2705.365,0.0,0.1717661104771416,0.0,0.0,0.1123930015242182,0.2123065150352483,0.0408313403679257,0.4627030325954659
1631133,Jabari Walker,2025-26,PHI,761.6683333333333,0.1181160218210263,0.0,0.1385232109737858,0.0,0.3962782970446973,0.0,0.0012884791006034,0.345793991059887
1630702,Jaden Hardy,2025-26,WAS,898.0966666666667,0.0,0.0,0.0,0.2095135984927029,0.0567537733482542,0.1092636970460817,0.1486327741083253,0.4758361570046358
1631093,Jaden Ivey,2025-26,CHI,670.255,0.0097186277349983,0.0982075675092537,0.0987679161366072,0.2093402889612418,0.0,0.1276892858806471,0.1206842585765645,0.3355920552006871
1630183,Jaden McDaniels,2025-26,MIN,2316.4133333333334,0.0,0.266450302368475,0.0903921242297357,0.1112192687942241,0.1316433446462713,0.1845686236968638,0.0490085688932026,0.1667177673712273
1630256,Jae'Sean Tate,2025-26,HOU,404.72333333333336,0.0,0.0,0.06157986302183,0.3587061705870608,0.4575476677147441,0.0,0.0,0.122166298676365
1642942,Jahmai Mashack,2025-26,MEM,673.1516666666666,0.1407211106881431,0.0,0.1861850378785227,0.673093851433334,0.0,0.0,0.0,0.0
1631170,Jaime Jaquez Jr.,2025-26,MIA,2121.21,0.0,0.155581618804644,0.0,0.3690077660976328,0.2359766214575449,0.0067535012750762,0.2326804923651018,0.0
1631222,Jake LaRavia,2025-26,LAL,2061.47,0.0211916633636628,0.0598413908039466,0.3116046889792718,0.0847597737259883,0.3195091452974087,0.0,0.0,0.2030933378297214
1627751,Jakob Poeltl,2025-26,TOR,1149.06,0.3967015401593171,0.407885284127752,0.0,0.0286497304123049,0.0,0.0,0.1667634453006259,0.0
1628973,Jalen Brunson,2025-26,NYK,2589.806666666667,0.0,0.0,0.0,0.2023044681554198,0.0,0.2795943613322219,0.4913119665008508,0.0267892040115076
1631105,Jalen Duren,2025-26,DET,1975.8533333333332,0.3864532052662051,0.3208155241493629,0.0,0.0,0.0,0.0,0.2927312705844318,0.0
1630224,Jalen Green,2025-26,PHX,828.325,0.0165839739451899,0.0,0.0477095833103805,0.2484900893589522,0.0,0.2330392972646019,0.3176595960022578,0.1365174601186175
1630552,Jalen Johnson,2025-26,ATL,2531.598333333334,0.0,0.2732405141544739,0.0,0.2163534191732009,0.0,0.0418512196662657,0.4685548470060593,0.0
1629618,Jalen Pickett,2025-26,DEN,806.48,0.0017251556911162,0.0,0.0,0.4003847785813769,0.0,0.2380856322151474,0.0,0.3598044335123594
1641771,Jalen Slawson,2025-26,IND,310.55,0.1125377836247472,0.1359698134179831,0.3859350401486404,0.1251985016848082,0.0,0.0366142184791164,0.0,0.2037446426447045
1630188,Jalen Smith,2025-26,CHI,1095.388333333333,0.0966945307674231,0.2868853146874646,0.0,0.0,0.0687256171712779,0.0,0.048229433649213,0.4994651037246211
1630591,Jalen Suggs,2025-26,ORL,1573.57,0.0,0.0,0.3442797894867081,0.2958301949817982,0.0,0.0531202422273372,0.3067697733041564,0.0
1631114,Jalen Williams,2025-26,OKC,935.9633333333334,0.0,0.1545041232071739,0.0,0.2662221490707718,0.0,0.2291046671795396,0.3501690605425146,0.0
1630592,Jalen Wilson,2025-26,BKN,859.2216666666667,0.0583510889890916,0.0,0.0169430268448229,0.2537235886329042,0.1813870582769851,0.0142473863189778,0.0591293054501033,0.4162185454871149
1631288,Jamal Cain,2025-26,ORL,485.9683333333333,0.0,0.0220415915472626,0.0509998884616349,0.0,0.3964452562271477,0.0477465619349523,0.0809060847704967,0.4018606170585055
1627750,Jamal Murray,2025-26,DEN,2651.891666666667,0.0,0.0,0.0,0.0997668859835292,0.0,0.2689523996814502,0.4831872495803084,0.148093464754712
1642347,Jamal Shead,2025-26,TOR,1852.2383333333332,0.0,0.0,0.1282066111677157,0.7072080620099892,0.0,0.0499424925994665,0.108172701680166,0.0064701325426623
1631123,Jamaree Bouyea,2025-26,PHX,644.0583333333333,0.0797521650812833,0.0,0.1465675856226467,0.3866773021420263,0.0,0.353949775837562,0.0330531713164815,0.0
201935,James Harden,2025-26,CLE,2438.495,0.0583671858983862,0.0,0.0,0.2767658149173128,0.0,0.0,0.6561237949405113,0.0087432042437895
1642364,Jamir Watkins,2025-26,WAS,1032.1766666666667,0.0800911812332188,0.0,0.2902136280583309,0.090915954534213,0.2353008718030036,0.0023282526401029,0.0,0.3011501117311306
1642419,Jamison Battle,2025-26,TOR,516.7783333333333,0.0,0.127816025214696,0.0,0.0,0.2006006126916696,0.0079682654547829,0.0,0.6636150966388515
1641716,Jarace Walker,2025-26,IND,1953.3833333333337,0.070249794102734,0.1062161459358714,0.0320547783640857,0.2679955569288867,0.0089299063126226,0.1257837921039324,0.0898907724521967,0.2988792537996702
1642272,Jared McCain,2025-26,OKC,1159.6666666666667,0.0,0.0,0.0570839423049881,0.2612219970696811,0.0051847718860495,0.1825052282528767,0.0981227111341901,0.3958813493522142
1628991,Jaren Jackson Jr.,2025-26,UTA,1454.6483333333333,0.0,0.4044222340560761,0.0,0.1221815836403999,0.0369541133347888,0.0484037397055808,0.228676877348368,0.1593614519147863
1629020,Jarred Vanderbilt,2025-26,LAL,1127.7416666666666,0.0088128717709522,0.0,0.3496827284197352,0.0486713184738279,0.5850966837041779,0.0,0.0,0.0077363976313065
1628386,Jarrett Allen,2025-26,CLE,1519.12,0.0,0.496477161607076,0.0,0.0,0.3885687819762445,0.0,0.1149540564166794,0.0
1642859,Jase Richardson,2025-26,ORL,586.7483333333333,0.0,0.0501166014266772,0.0905996297712434,0.3378908244385767,0.1465477346819043,0.1211046104470567,0.0333851234941247,0.2203554757404166
1642914,Javon Small,2025-26,MEM,829.9083333333333,0.0852293120818318,0.0,0.0939765626693784,0.3692953674561963,0.0,0.0439750933436205,0.3061782362778093,0.1013454281711635
1629750,Javonte Green,2025-26,DET,1445.9616666666666,0.0,0.1087827723167648,0.4686791792712935,0.0,0.1332059451625176,0.0298394746029365,0.0,0.2594926286464876
1629637,Jaxson Hayes,2025-26,LAL,1206.5783333333334,0.0935201934615898,0.8827134433630857,0.0,0.0,0.0,0.0,0.0,0.0237663631753244
1630643,Jay Huff,2025-26,IND,1719.243333333333,0.0775182274695245,0.3860204733786541,0.017810415720782,0.0,0.0,0.0,0.0,0.5186508834310393
1627759,Jaylen Brown,2025-26,BOS,2442.838333333333,0.0352604318034954,0.0,0.0,0.0734958971038454,0.0307135190224519,0.296909143797111,0.5636210082730964,0.0
1641740,Jaylen Clark,2025-26,MIN,887.7033333333334,0.0,0.0,0.2902451496932388,0.1125222641944884,0.3635931946510394,0.0189616936481011,0.0,0.2146776978131321
1642377,Jaylen Wells,2025-26,MEM,1820.6416666666669,0.011644706618503,0.0,0.094533798727837,0.0076184394847787,0.1483967466149818,0.2741150097988911,1.723791439626827e-05,0.4636740608406121
1631119,Jaylin Williams,2025-26,OKC,1277.375,0.05019160840033,0.2386642700754745,0.0813320194754684,0.0,0.0,0.0,0.0814577468525466,0.5483543551961803
1642281,Jaylon Tyson,2025-26,CLE,1777.4833333333331,0.0,0.1880530513475244,0.1014349076420035,0.0455177596084026,0.2186152547169634,0.0,0.1038909537565257,0.3424880729285802
1628369,Jayson Tatum,2025-26,BOS,521.85,0.0772394914462362,0.0,0.0371374862006058,0.1219866362511454,0.0,0.0156544911692351,0.6036667523500933,0.1443151425826841
203924,Jerami Grant,2025-26,POR,1695.1016666666667,0.0147334904719531,0.0233728219419941,0.0419206221764921,0.0,0.3189644944522071,0.0,0.2905377784745788,0.3104707924827746
1642847,Jeremiah Fears,2025-26,NOP,2111.903333333333,0.1269246355783917,0.0,0.0796092381030691,0.4516419932142351,0.0,0.1265541313170187,0.2152700017872853,0.0
1630526,Jeremiah Robinson-Earl,2025-26,DAL,360.615,0.0440090289830074,0.0,0.0202138080974352,0.208472055348109,0.4229649687018398,0.0,0.0,0.3043401388696082
1631110,Jeremy Sochan,2025-26,NYK,468.5516666666667,0.045752168301416,0.1087426917916098,0.1787777365688227,0.0685582535410795,0.385693466887071,0.0,0.0,0.2124756829100009
1630579,Jericho Sims,2025-26,MIL,1317.835,0.6689181457506868,0.1063970046840216,0.0,0.1518637557189515,0.0550615123638397,0.0,0.0,0.0177595814825004
1641724,Jett Howard,2025-26,ORL,695.32,0.0,0.1081996167520717,0.0,0.0,0.1729064143104096,0.0483095245871487,0.0382871689699784,0.6322972753803914
1628975,Jevon Carter,2025-26,ORL,867.4416666666667,0.0,0.0,0.2168633335269008,0.1298780169888339,0.0,0.2262248353527725,0.0,0.4270338141314928
202710,Jimmy Butler III,2025-26,GSW,1181.6766666666667,0.0008013118910347,0.1421661962811024,0.0724525629584866,0.0,0.2900901700702377,0.076253573391589,0.4182361854075495,0.0
1642866,Joan Beringer,2025-26,MIN,314.13166666666666,0.6141435555996625,0.3229434328280413,0.0,0.0,0.0,0.0,0.0280128706792682,0.034900140893028
1629111,Jock Landale,2025-26,ATL,1506.0766666666666,0.0,0.3811099174384809,0.0,0.0,0.1863821025192495,0.0,0.0939218197068683,0.338586160335401
203954,Joel Embiid,2025-26,PHI,1200.638333333333,0.0305663038659842,0.1693087365892377,0.0,0.0,0.0,0.4252665866157785,0.3748583729289995,0.0
1628381,John Collins,2025-26,LAC,1871.4783333333332,0.0,0.1855455248068969,0.1155964009197924,0.0,0.4056734505753014,0.0274811587668076,0.0821522891192874,0.183551175811914
1629723,John Konchar,2025-26,UTA,1114.6766666666667,0.0684316114920981,0.0398085222161778,0.5064985808711454,0.0863488681743569,0.2032390383483167,0.0,0.0,0.095673378897905
1642277,Johnny Furphy,2025-26,IND,643.0533333333333,0.1161348611194464,0.0,0.1101223207267821,0.1717083536009518,0.3030838032026139,0.0,0.0,0.2989506613502057
202685,Jonas Valanciunas,2025-26,DEN,871.065,0.0286845511408752,0.6044727416933421,0.0,0.0,0.0250858993192179,0.1026694521249684,0.2390873557215963,0.0
1628371,Jonathan Isaac,2025-26,ORL,520.8933333333333,0.2314186219860127,0.0,0.1845038913848386,0.0,0.4687589089556786,0.012512491765654,0.0,0.1028060859078158
1630228,Jonathan Kuminga,2025-26,ATL,830.4966666666667,0.0583317993726103,0.0148019460176253,0.0,0.2108795091812468,0.3395296504936405,0.0307170445614334,0.2625718771867047,0.0831681731867387
203903,Jordan Clarkson,2025-26,NYK,1279.4616666666666,0.0,0.0075446654529974,0.0,0.2674578333961426,0.2229086300816165,0.1058250494458841,0.1031784279771616,0.2930853936461976
1630692,Jordan Goodwin,2025-26,PHX,1571.7766666666666,0.0,0.0,0.4164605080277713,0.19681231336729,0.0605384548393236,0.0772614431918275,0.0877226242716024,0.1612046563021849
1641722,Jordan Hawkins,2025-26,NOP,691.975,0.0,0.0,0.0,0.1712085916616053,0.0,0.409785853568523,0.0,0.4190055547698716
1641757,Jordan Miller,2025-26,LAC,1324.78,0.0,0.2153330979300179,0.0812906922312758,0.1897646360037335,0.2367857042496421,0.048807895072079,0.1709916152997128,0.0570263592135388
1629673,Jordan Poole,2025-26,NOP,933.2366666666668,0.056019020533071,0.0,0.0,0.2589411328405763,0.0,0.0,0.2446528550366859,0.4403869915896666
1641775,Jordan Walsh,2025-26,BOS,1211.97,0.0246835575043344,0.2491828188563509,0.2222279817984135,0.0,0.1730121525644751,0.0,0.0,0.3308934892764261
1630631,Jose Alvarado,2025-26,NYK,1370.236666666667,0.0,0.0,0.2196383289186449,0.4290043661139378,0.0,0.0,0.1132114914502323,0.238145813517185
1630581,Josh Giddey,2025-26,CHI,1731.3566666666666,0.040135042653543,0.125616184886996,0.0,0.4266272613870296,0.0,0.0,0.4076215110724313,0.0
1630182,Josh Green,2025-26,CHA,907.9283333333332,0.0,0.0,0.2789462934576632,0.0,0.2184432338385096,0.0,0.0,0.5026104727038272
1628404,Josh Hart,2025-26,NYK,1993.575,0.0192109116522226,0.1619948030903435,0.1630827781759555,0.1644539798926171,0.1248476669233464,0.0472149451372761,0.1765535430294112,0.1426413720988274
1631169,Josh Minott,2025-26,BKN,833.7316666666667,0.0,0.2755730607230154,0.3208024047615632,0.0,0.0054057142031915,0.0,0.0757153643115634,0.3225034560006665
1629006,Josh Okogie,2025-26,HOU,1353.8116666666667,0.0,0.0,0.3039489399730329,0.0759111189980761,0.3499552253181907,0.0,0.0,0.2701847157107003
201950,Jrue Holiday,2025-26,POR,1560.4016666666666,0.0,0.0,0.0291858452345006,0.4767363537195113,0.0,0.0,0.4267629695937563,0.0673148314522318
1630577,Julian Champagnie,2025-26,SAS,2265.963333333333,0.0,0.1106822006226172,0.1169867265924387,0.0,0.1069968080639213,0.0,0.0453607400334696,0.619973524687553
1641763,Julian Phillips,2025-26,MIN,427.01666666666665,0.0,0.0,0.2732095870863393,0.0,0.347929481322249,0.0,0.0,0.3788609315914116
1642882,Julian Reese,2025-26,WAS,401.5,0.5760573590176842,0.0,0.0,0.2567634191843566,0.0,0.1278972322583137,0.0392819895396455,0.0
1631124,Julian Strawther,2025-26,DEN,860.6733333333333,0.0,0.124904066379778,0.025791407725777,0.1073061152761251,0.1381517280592392,0.0830278835934032,0.1013149259018485,0.4195038730638287
203944,Julius Randle,2025-26,MIN,2610.2966666666666,0.0169484137478603,0.1231830513980518,0.0,0.1235007775490106,0.1635873313512187,0.1528609056829494,0.3799255561634418,0.0399939641074671
1630551,Justin Champagnie,2025-26,WAS,1377.4533333333334,0.0551989032798045,0.2930930888127967,0.1640016284339882,0.0106072098603451,0.1849788991344719,0.0,0.0294069505293326,0.2627133199492606
1642348,Justin Edwards,2025-26,PHI,977.0183333333332,0.0,0.0558062489169651,0.2823801530259626,0.1355298271912579,0.0,0.1511190647630645,0.0073040639971957,0.3678606421055539
203994,Jusuf Nurkić,2025-26,UTA,1083.0683333333334,0.0,0.5535339951212146,0.0194771308736451,0.3166239176990378,0.0,0.0,0.1103649563061024,0.0
1642880,Kam Jones,2025-26,IND,616.325,0.0,0.0,0.0,1.0,0.0,0.0,0.0,0.0
1626157,Karl-Anthony Towns,2025-26,NYK,2321.7816666666668,0.059243265359271,0.4744607773100988,0.0,0.0,0.0409815010124719,0.0,0.3176406311272773,0.107673825190881
1631255,Karlo Matković,2025-26,NOP,911.7566666666668,0.0076690034943312,0.4683407349421839,0.08764335229954,0.0,0.185661986958025,0.0,0.0,0.2506849223059197
1642857,Kasparas Jakučionis,2025-26,MIA,944.6283333333332,0.0223283273986064,0.0,0.1841122463927563,0.2151800312257722,0.1227457117685499,0.0,0.0916248355531936,0.3640088476611212
202695,Kawhi Leonard,2025-26,LAC,2084.7283333333335,0.0,0.017587993802685,0.1188803054248735,0.0,0.0,0.2319854503186293,0.6315462504538121,0.0
1630811,Keaton Wallace,2025-26,ATL,535.99,0.0,0.0,0.122609757349878,0.3646006487287508,0.0,0.2082334589401657,0.0461875761225406,0.2583685588586647
1631099,Keegan Murray,2025-26,SAC,793.0966666666667,0.0433206387709095,0.1508125734225471,0.0,0.1344820199746616,0.0,0.3520984145258747,0.0,0.3192863533060069
1642276,Kel'el Ware,2025-26,MIA,1703.8216666666667,0.0119869089388229,0.6197776468908176,0.0501381817016699,0.0,0.0243135964125049,0.0,0.0146435944953469,0.2791400715608375
1629640,Keldon Johnson,2025-26,SAS,1911.4666666666667,0.0,0.1525398442623632,0.0284047620632103,0.0,0.4052927174594607,0.0,0.1665925486097866,0.2471701276051789
203482,Kelly Olynyk,2025-26,SAS,360.2133333333333,0.1133437373910329,0.1021254229536481,0.1685107372228401,0.1762376449418738,0.109619914927932,0.0,0.1371176327191818,0.1930449098434908
1626162,Kelly Oubre Jr.,2025-26,PHI,1574.3116666666667,0.0,0.1423832129432243,0.1740159173341464,0.07874923896955,0.1983064649282827,0.0525154416863748,0.0796344757144538,0.2743952484239677
1631113,Kennedy Chandler,2025-26,UTA,355.2266666666667,0.056220788549743,0.0,0.0,0.6487246161406385,0.0583340129332323,0.1182825704681506,0.1184380119082355,0.0
1629026,Kenrich Williams,2025-26,OKC,855.1633333333333,0.0245949861581541,0.127254097596871,0.1207353468958113,0.1435515598475093,0.0722178370719643,0.1710045614790351,0.0691009404602192,0.2715406704904355
203484,Kentavious Caldwell-Pope,2025-26,MEM,1087.5583333333334,0.0219688805394318,0.0,0.10287278296052,0.2393915757143231,0.0,0.4050552158704295,0.0,0.2307115449152953
1631165,Keon Ellis,2025-26,CLE,1478.638333333333,0.0130209875326672,0.0263275281778428,0.3512590006173038,0.0,0.0749163275306242,0.0680952860496233,0.0,0.4663808700919383
201142,Kevin Durant,2025-26,HOU,2839.8233333333333,0.0,0.0685140261424374,0.0,0.0,0.0,0.484751325705091,0.3719758515583115,0.0747587965941602
1628989,Kevin Huerter,2025-26,DET,1549.0766666666666,0.0,0.1671809320278494,0.1386369263410961,0.1645204060210629,0.031820712887585,0.0204188310026368,0.0788037624747074,0.3986184292450622
201567,Kevin Love,2025-26,UTA,612.8,0.0695331561297867,0.173709769318636,0.0165079725765818,0.0,0.0189452684734779,0.0,0.1182639108890685,0.603039922612449
1629645,Kevin Porter Jr.,2025-26,MIL,1261.015,0.0456551990582773,0.0,0.2023460552432969,0.1872742554218444,0.0,0.2604113081664766,0.3043131821101046,0.0
1626172,Kevon Looney,2025-26,NOP,307.4866666666667,0.2439340275600858,0.222348068880212,0.0,0.4162083640186136,0.0,0.045315233104445,0.0,0.0721943064366434
1641718,Keyonte George,2025-26,UTA,1786.1083333333331,0.001770727342196,0.0530383999693751,0.0,0.2322234752531756,0.0170000249202182,0.2106964010150969,0.4072060809873001,0.0780648905126378
1642863,Khaman Maluach,2025-26,PHX,411.025,0.35419661427747,0.2812134465865989,0.0,0.0,0.1907003789433861,0.0,0.0,0.1738895601925448
203114,Khris Middleton,2025-26,DAL,1439.0866666666666,0.0111354167119401,0.0,0.0,0.3337797441486474,0.0,0.5838643133940516,0.0,0.0712205257453608
1630165,Killian Hayes,2025-26,SAC,405.52666666666664,0.0,0.0,0.0730583258256655,0.5962319700129594,0.0,0.2963004035244268,0.0344093006369482,0.0
202691,Klay Thompson,2025-26,DAL,1496.83,0.0,0.0,0.0,0.0,0.0,0.2513693026290411,0.0251675862656681,0.7234631111052908
1641738,Kobe Brown,2025-26,IND,962.3766666666668,0.0961288997732969,0.0017528124969302,0.0852885432218802,0.1595202793805863,0.2427442608228258,0.0,0.0426151500679153,0.3719500542365649
1642920,Kobe Sanders,2025-26,LAC,1351.4166666666667,5.142583966987517e-05,0.0062286828966289,0.1635496745545135,0.212559025173584,0.1222537164271196,0.2055549230545751,0.0,0.2898025520539087
1642851,Kon Knueppel,2025-26,CHA,2550.7466666666664,0.0,0.1237389113686419,0.0047274208617236,0.0,0.0785368809309003,0.0,0.3116550486601517,0.4813417381785824
1627739,Kris Dunn,2025-26,LAC,2230.0,0.0,0.0,0.3619102141529783,0.4718094766610462,0.1268826204637571,0.0393976887222184,0.0,0.0
1631200,Kris Murray,2025-26,POR,1333.21,0.0616192867606723,0.0,0.2109379337120794,0.0995104982264731,0.3743242995578706,0.0,0.0,0.2536079817429044
204001,Kristaps Porziņģis,2025-26,GSW,768.8916666666667,0.0010691749865663,0.3041450852968829,0.0,0.0,0.0,0.2379610373318665,0.2518653449192335,0.2049593574654505
203937,Kyle Anderson,2025-26,MIN,853.2366666666667,0.0,0.183631439615263,0.1547212598881878,0.1928884877580878,0.4182533771285129,0.0295467157259288,0.0209587198840195,0.0
1642271,Kyle Filipowski,2025-26,UTA,1800.9433333333334,0.0,0.2883535948394382,0.1036488967021398,0.1395902709801575,0.2826592569250633,0.0,0.1356161006384049,0.050131879914796
1628398,Kyle Kuzma,2025-26,MIL,1805.7416666666663,0.0031919004187586,0.1667597897866141,0.0055317404371272,0.1824425138411035,0.268605638234628,0.0,0.1678593536779251,0.2056090636038433
1642273,Kyshawn George,2025-26,WAS,1390.9633333333334,0.0676637187200112,0.0222263054453197,0.0344468296271567,0.3395399435890781,0.0,0.175314033600917,0.2389327564420845,0.1218764125754325
1630163,LaMelo Ball,2025-26,CHA,2017.4466666666667,0.0,0.0,0.0309319001672275,0.2725280448686822,0.0,0.0,0.6211757239628264,0.0753643310012636
1642950,Lachlan Olbrich,2025-26,CHI,344.2216666666667,0.3071183974049324,0.0,0.0686006741406975,0.2730542527336819,0.3333503349990621,0.0,0.0,0.0178763407216261
1629013,Landry Shamet,2025-26,NYK,1171.055,0.0,0.0,0.1170550815026202,0.0,0.141519290086228,0.0839525975789411,0.0,0.6574730308322104
1626204,Larry Nance Jr.,2025-26,CLE,448.77,0.0385049073852125,0.0,0.2303245372612253,0.1839386752587139,0.256267136639098,0.0,0.0,0.2909647434557501
1628374,Lauri Markkanen,2025-26,UTA,1442.5966666666666,0.0,0.2902897589330674,0.0,0.0,0.1005607628030488,0.0493924435607655,0.3020491852055657,0.2577078494975522
2544,LeBron James,2025-26,LAL,1989.055,0.0404579366554858,0.1558147768483668,0.0,0.1608089930375028,0.0717963440348286,0.1201769981244945,0.4509449512993213,0.0
1641778,Leaky Black,2025-26,WAS,433.07666666666665,0.0,0.0,0.1362514614770638,0.1902160469014363,0.1079609023220915,0.2148943235644365,0.0,0.3506772657349715
1631159,Leonard Miller,2025-26,CHI,718.6616666666666,0.0374565970309944,0.2400650743840057,0.0299217859021073,0.0,0.3117598140336286,0.0,0.0381956967787803,0.3426010318704833
1642862,Liam McNeeley,2025-26,CHA,367.52166666666665,0.0602016492729213,0.058178950404509,0.0,0.0,0.2562177948899226,0.0,0.0656681445866556,0.5597334608459913
1628366,Lonzo Ball,2025-26,CLE,727.7433333333333,0.0,0.0,0.3811642253198589,0.4394456933429349,0.0,0.0,0.0,0.1793900813372062
1629652,Luguentz Dort,2025-26,OKC,1848.7416666666663,0.0328248535718496,0.0,0.1348468973258233,0.0348636964103495,0.0,0.1106507476414478,0.0,0.6868138050505296
1629029,Luka Dončić,2025-26,LAL,2288.6016666666665,2.1791516421602823e-14,0.0,2.45255348009189e-14,5.735645464429629e-14,0.0,1.9304494657937317e-14,0.999999999999877,0.0
1630568,Luka Garza,2025-26,BOS,1117.9083333333333,0.0,0.5612869632057813,0.0,0.0,0.009787987980985,0.0,0.1323166728993407,0.2966083759138928
1628379,Luke Kennard,2025-26,LAL,1680.4766666666667,0.0,0.1037514547908669,0.1286030462628682,0.0,0.0195958462350064,0.2650789029563377,0.0,0.4829707497549205
1628436,Luke Kornet,2025-26,SAS,1430.08,0.5525599463869613,0.3527629491980029,0.0,0.0,0.0,0.0,0.0237775481724835,0.0708995562425523
1641869,Malachi Smith,2025-26,BKN,358.82,0.0,0.1632774571760953,0.0913135385068829,0.429609339043245,0.0,0.0334631650996533,0.0780115418263657,0.2043249583477575
1628370,Malik Monk,2025-26,SAC,1363.6433333333334,0.0,0.0141771195916544,0.0,0.3042606308018654,0.0,0.1411512544966733,0.2467063877413096,0.2937046073684973
1631204,Marcus Sasser,2025-26,DET,456.5033333333334,0.0,0.0,0.164274838060784,0.3439834111085684,0.0,0.1966161566287382,0.0582143811836287,0.2369112130182805
203935,Marcus Smart,2025-26,LAL,1768.9783333333332,0.0278739960579801,0.0,0.2687192043698385,0.3205979852520831,0.0,0.125810851670362,0.0,0.2569979626497363
1631109,Mark Williams,2025-26,PHX,1416.05,0.0,0.3649648387874384,0.0535306255906968,0.0,0.5815045356218649,0.0,0.0,0.0
1628963,Marvin Bagley III,2025-26,DAL,1200.9033333333334,0.0118938615021021,0.6709718918250519,0.0,0.0,0.1448422219905973,0.0,0.0759616520642227,0.0963303726180259
1641824,Matas Buzelis,2025-26,CHI,2248.2483333333334,0.140177624535257,0.1743448712377564,0.0261940059829441,0.0,0.0826438144172264,0.0,0.1406059257593792,0.4360337580674366
1629680,Matisse Thybulle,2025-26,POR,479.65,0.0,0.0,0.9999999999999636,0.0,0.0,0.0,3.641697693185418e-14,0.0
1631108,Max Christie,2025-26,DAL,2244.48,0.0,0.0,0.0587948663369076,0.0461080160890754,0.1860445981366522,0.0956937027528258,0.0598285878442818,0.553530228840257
1628467,Maxi Kleber,2025-26,LAL,461.01,0.1758444245341387,0.1878334502485347,0.080822237305828,0.2665297861994257,0.0810993667600268,0.0,0.0,0.207870734952046
1642875,Maxime Raynaud,2025-26,SAC,1963.88,0.0,0.5022226501316814,0.0,0.1421964707481654,0.2556553767207235,0.0627400949226898,0.00949902112592,0.0276863863508196
1642877,Micah Peavy,2025-26,NOP,912.935,0.0,0.0,0.1644326361958991,0.2833927640986173,0.26804046564529,0.0309710740659026,0.0,0.2531630599942909
1630695,Micah Potter,2025-26,IND,908.3166666666668,0.0,0.1794809032397653,0.0686973180913828,0.0,0.2650842215324228,0.0,0.1166346773685792,0.3701028797678498
1629008,Michael Porter Jr.,2025-26,BKN,1688.6033333333332,0.0,0.1305461250385581,0.0,0.0,0.0228158410956105,0.1300424893035656,0.3975309688001159,0.3190645757621498
1628969,Mikal Bridges,2025-26,NYK,2691.935,0.0,0.1132826099049378,0.1848662537645443,0.0,0.091342122664478,0.2456961144053943,0.0377783597397177,0.3270345395209277
201144,Mike Conley,2025-26,MIN,991.2983333333332,0.0,0.0,0.1794566762696608,0.2723458652783841,0.0,0.0419140854182175,0.0,0.5062833730337375
1628970,Miles Bridges,2025-26,CHA,2387.2316666666666,0.0,0.1784973496218716,0.0,0.0934004938278522,0.1897961764688536,0.0,0.2344850312310933,0.3038209488503291
1630540,Miles McBride,2025-26,NYK,1080.035,0.0,0.0,0.1193637476277119,0.0138780275830386,0.0,0.2418268181961981,0.0937617411274769,0.5311696654655743
1629011,Mitchell Robinson,2025-26,NYK,1174.5016666666668,0.8026527582630711,0.1211987973358709,0.0761484444010578,0.0,0.0,0.0,0.0,0.0
1642885,Mohamed Diawara,2025-26,NYK,634.1516666666666,0.0209893372705179,0.0516715408652167,0.0764773162318638,0.0978810826613415,0.1051103994819358,0.0618254916599359,0.0377431083219818,0.5483017235072062
1629021,Moritz Wagner,2025-26,ORL,426.595,0.0061793319337647,0.3254641779945435,0.0,0.0316163986583626,0.2277022131750224,0.0,0.151972777891556,0.2570651003467504
1630541,Moses Moody,2025-26,GSW,1539.8983333333333,0.0,0.0306575576187788,0.1816135293732408,0.0,0.1139980680837531,0.054863362640305,0.0871118108019012,0.531755671482021
1631243,Mouhamed Gueye,2025-26,ATL,1178.8366666666666,0.0527656239606187,0.0,0.2839820068697771,0.0,0.4323415107940014,0.0,0.0,0.2309108583756027
1630619,Moussa Cisse,2025-26,DAL,529.58,1.0,0.0,0.0,0.0,0.0,0.0,0.0,0.0
1631217,Moussa Diabaté,2025-26,CHA,1898.9566666666667,0.1268497910851952,0.4933119230168316,0.0307972041871388,0.0,0.3490410817108342,0.0,0.0,0.0
1626167,Myles Turner,2025-26,MIL,1911.8033333333333,0.0980041946170694,0.2586092379463626,0.0363554899998413,0.0,0.0,0.0939653706860999,0.0205028767843078,0.4925628299663188
1642066,Myron Gardner,2025-26,MIA,410.505,0.0488010926519711,0.1789198246464891,0.2444536590625249,0.0522030781792789,0.0913947670940513,0.0,0.0824258476480464,0.3018017307176379
1641772,Nae'Qwan Tomlin,2025-26,CLE,1003.6383333333332,0.1110942134771098,0.0016026381516186,0.2104326275311865,0.0,0.4131551222714977,0.0,0.0,0.2637153985685872
1630230,Naji Marshall,2025-26,DAL,2183.74,0.0,0.0578517998429691,0.0751339199215957,0.22777930203559,0.3436285423065796,0.0951586317850409,0.2004478041082245,0.0
1629675,Naz Reid,2025-26,MIN,2007.35,0.0,0.240128102668047,0.1117304756312984,0.0819526635439554,0.0905997052163393,0.0,0.1771730059142406,0.298416047026119
1629674,Neemias Queta,2025-26,BOS,1926.2066666666667,0.0,0.9999999999999644,0.0,0.0,0.0,0.0,3.568679644344125e-14,0.0
1629651,Nic Claxton,2025-26,BKN,1920.3666666666663,0.0324683265358782,0.707880753561559,0.0,0.1797826695063445,0.0,0.0198998759913955,0.0599683744048227,0.0
1630208,Nick Richards,2025-26,CHI,700.71,0.2766441043449358,0.0305712070612906,0.0,0.0387407788145651,0.6540439097792083,0.0,0.0,0.0
1641733,Nick Smith Jr.,2025-26,LAL,374.87666666666667,0.0,0.0,0.0,0.326684488100766,0.0,0.2182139808730509,0.1180270825175744,0.3370744485086085
1629638,Nickeil Alexander-Walker,2025-26,ATL,2603.1766666666667,0.0,0.0340219243221028,0.1493404100327002,0.0,0.1054580239081523,0.1090202481806198,0.2492625106981567,0.3528968828582678
201587,Nicolas Batum,2025-26,LAC,1294.595,0.0,0.0,0.2443882727244157,0.0,0.024330106626592,0.0,0.0,0.7312816206489922
203999,Nikola Jokić,2025-26,DEN,2264.855,0.0,0.3310877674436678,0.0,0.0,0.0,0.0,0.6689122325563323,0.0
1631107,Nikola Jović,2025-26,MIA,808.0183333333333,0.1399727728534061,0.0,0.0484483107106223,0.3081506774706858,0.1350225187250771,0.0,0.0918925138886153,0.2765132063515934
202696,Nikola Vučević,2025-26,BOS,1818.118333333333,0.0,0.4223741320179101,0.0,0.1012830973323228,0.0,0.0605396311281757,0.141297320937049,0.2745058185845422
1642363,Nique Clifford,2025-26,SAC,1881.925,0.0485323418272223,0.0,0.0609302186468645,0.5067651532090269,0.0537465871746549,0.2226224794387194,0.0,0.1074032197035117
1641730,Noah Clowney,2025-26,BKN,1780.0633333333333,0.0933848530377305,0.0165556894775431,0.0653469624131993,0.0278663065717306,0.1862520779090633,0.0,0.122515258208576,0.4880788523821568
1642869,Noah Penda,2025-26,ORL,757.275,0.1060703199330918,0.0378003720525781,0.1774997914358641,0.3900022397369035,0.1795787977810089,0.0,0.0174172464731684,0.0916312325873848
1642849,Nolan Traore,2025-26,BKN,1243.3916666666669,0.0446618013519717,0.0,0.0225213175596878,0.814290861570236,0.0,0.0044119897353729,0.1141140297827312,0.0
1626181,Norman Powell,2025-26,MIA,1716.9366666666667,0.0,0.1014901890903536,0.0600732645709161,0.0,0.0739048824594857,0.1143552480372219,0.3235361328955245,0.326640282946498
1628384,OG Anunoby,2025-26,NYK,2223.8716666666664,0.0,0.0858586671242061,0.2715140914055069,0.0,0.24449305177031,0.0032221024077248,0.1397173790551259,0.2551947082371261
1630167,Obi Toppin,2025-26,IND,423.725,0.0,0.2006489317522218,0.0,0.0,0.0774184466605492,0.0,0.3251848719195866,0.396747749667642
1630534,Ochai Agbaji,2025-26,BKN,973.2033333333334,0.0819617728370496,0.0,0.0545870563732918,0.0821758742857251,0.3097453632412243,0.0,0.0,0.4715299332627089
1641765,Olivier-Maxence Prosper,2025-26,MEM,983.5916666666668,0.0,0.2443951841337814,0.1516589453205484,0.0,0.229961640406608,0.0,0.0888931574326039,0.285091072706458
1630168,Onyeka Okongwu,2025-26,ATL,2296.9683333333332,0.0,0.3924892111444314,0.085328590011087,0.0302457171369078,0.0894705845188038,0.0,0.1030269261336208,0.2994389710551488
1631131,Oscar Tshiebwe,2025-26,UTA,448.42,0.42755411852711,0.2626607000244636,0.0,0.15531660038729,0.0226887039215078,0.0,0.1317798771396284,0.0
1642345,Oso Ighodaro,2025-26,PHX,1808.37,0.4676087918243137,0.232774261707608,0.0,0.2402816649182168,0.0,0.0,0.0593352815498615,0.0
1631172,Ousmane Dieng,2025-26,MIL,1099.4716666666666,0.0666749413243697,0.0,0.0,0.3758176261562916,0.0,0.2481481460922664,0.0715278859271679,0.2378314004999042
1629023,P.J. Washington,2025-26,DAL,1735.62,0.014472058479679,0.1972779374509468,0.0643532672077989,0.1829178934085648,0.27885256183346,0.0,0.0930832783072253,0.1690430033123249
1631094,Paolo Banchero,2025-26,ORL,2501.685,0.1186129794119711,0.0681002491520798,0.0,0.0775157222586806,0.205816606722929,0.1124331531955094,0.41752128925883,0.0
1627783,Pascal Siakam,2025-26,IND,2056.651666666666,0.0,0.1695569291582467,0.0,0.1056488991951156,0.0698957588050663,0.2342393941642332,0.3520862170753993,0.0685728016019386
1630311,Pat Spencer,2025-26,GSW,1228.9266666666667,0.0,0.0,0.033775754749122,0.657977312270865,0.0,0.1258092313333881,0.1824377016466249,0.0
1630172,Patrick Williams,2025-26,CHI,1473.78,0.1029016054966019,0.0,0.0831606276941697,0.4147202042841679,0.0,0.0234872015644707,0.0,0.3757303609605896
202331,Paul George,2025-26,PHI,1135.0316666666668,0.0,0.0,0.2139742286029623,0.0,0.0,0.3654977286142775,0.2130673089003185,0.2074607338824415
1630194,Paul Reed,2025-26,DET,900.6283333333333,0.0,0.6937272042090303,0.1946489892097891,0.0,0.0,0.0,0.1116238065811805,0.0
1630202,Payton Pritchard,2025-26,BOS,2555.5233333333335,0.0,0.0,0.0,0.2019442151423431,0.0,0.1681010458978908,0.317079251957892,0.3128754870018741
1641796,Pelle Larsson,2025-26,MIA,1849.1433333333337,0.0143048284034804,0.2434315713341645,0.0111847718908253,0.2610387038646393,0.1879245280760854,0.0,0.0986428488690858,0.1834727475617191
1631250,Pete Nance,2025-26,MIL,737.0983333333334,0.0,0.2157720093140202,0.024770175932519,0.0,0.131680133270535,0.0,0.0,0.6277776814829258
1631212,Peyton Watson,2025-26,DEN,1597.7583333333334,0.0280828738586028,0.2169484280564461,0.0753887166854694,0.0092770121882548,0.2210005166955176,0.1558192451932175,0.0757791216489856,0.2177040856735059
1630173,Precious Achiuwa,2025-26,SAC,1745.185,0.0,0.3969376810411076,0.0602745564797779,0.227768095328653,0.2784896622286039,0.0,0.0328814291698985,0.003648575751959
1629656,Quentin Grimes,2025-26,PHI,2205.721666666667,0.10820278067101,0.0,0.0745360999627199,0.1431524118214928,0.0971283435818094,0.1195287475211861,0.0995816294057724,0.3578699870360091
1631245,Quenton Jackson,2025-26,IND,897.425,0.0532174074711961,0.0854438073552068,0.058606751766661,0.299076923395522,0.1196059559434396,0.1082759006841747,0.1464956910052249,0.1292775623785745
1642366,Quinten Post,2025-26,GSW,1159.1983333333333,0.0,0.2134926066224025,0.0190433805544649,0.0,0.1205635661866293,0.0,0.0800497377115912,0.5668507089249119
1629628,RJ Barrett,2025-26,TOR,1725.76,0.0,0.1943977478278893,0.0,0.0555566371788015,0.2202022035797536,0.0,0.2911815501220926,0.2386618612914629
1642853,Rasheer Fleming,2025-26,PHX,673.4016666666666,0.069457199506453,0.0,0.1488798974003927,0.0,0.2886959204676326,0.0,0.0,0.4929669826255216
1641712,Rayan Rupert,2025-26,MEM,1072.545,0.0202354206768619,0.0,0.2074553487422837,0.4463304423336204,0.2031479379486306,0.0346122857478701,0.0,0.088218564550733
1642263,Reed Sheppard,2025-26,HOU,2146.923333333333,0.0,0.0,0.2803797313919936,0.0974511347673092,0.0,0.1505474676494867,0.2316811279732507,0.2399405382179595
1642265,Rob Dillingham,2025-26,CHI,969.9533333333334,0.0382048250023576,0.0,0.0706414212744682,0.6919464751705476,0.0,0.1891540623003726,0.0100532162522537,0.0
1629057,Robert Williams III,2025-26,POR,1008.2133333333334,0.0213651098506586,0.5978769010663698,0.0911975847796763,0.0,0.2895604043032952,0.0,0.0,0.0
1631199,Ron Harper Jr.,2025-26,BOS,317.52666666666664,0.0,0.0297106956067837,0.1746356843464703,0.0224796461364476,0.0740702045258979,0.0,0.0887833242555097,0.6103204451288906
1641842,Ronald Holland II,2025-26,DET,1550.4483333333333,0.0302575380518137,0.0,0.3486294932864006,0.1747932541026337,0.4135759460561308,0.0,0.0327437685030211,0.0
1626220,Royce O'Neale,2025-26,PHX,2213.0533333333333,0.0,0.0147980816907005,0.2461427575384035,0.0623970112054447,0.0,0.0,0.0565812932412707,0.6200808563241804
203497,Rudy Gobert,2025-26,MIN,2380.0466666666666,0.7096466833140125,0.0,0.0,0.0,0.244533083187742,0.0,0.0458202334982456,0.0
1629060,Rui Hachimura,2025-26,LAL,1926.565,0.0,0.0062006080687086,0.0,0.0,0.1640423362004835,0.3647754596076693,0.0,0.4649815961231385
201566,Russell Westbrook,2025-26,SAC,1852.57,0.0,0.0,0.0687409956719993,0.525104171681285,0.0,0.0545982200987974,0.3515566125479181,0.0
1642346,Ryan Dunn,2025-26,PHX,1355.245,0.0,0.0,0.2927357673591504,0.0915489382801617,0.4160046027909696,0.0,0.0,0.199710691569718
1641750,Ryan Kalkbrenner,2025-26,CHA,1479.131666666667,0.5610568069809215,0.4096666584921877,0.0,0.0,0.014349833462399,0.0,0.0,0.0149267010644917
1642948,Ryan Nembhard,2025-26,DAL,1170.88,0.0,0.0,0.0,0.5535347509582195,0.0,0.4464652490417806,0.0,0.0
1631157,Ryan Rollins,2025-26,MIL,2375.483333333333,0.0,0.0,0.144219138272651,0.3871525520410014,0.0,0.1448749307085652,0.3201755691567796,0.0035778098210025
1630180,Saddiq Bey,2025-26,NOP,2245.575,0.0,0.1000639080225682,0.0090570900052687,0.0,0.2520286077571707,0.0287326341419653,0.2503587798828004,0.3597589801902265
1630573,Sam Hauser,2025-26,BOS,1934.15,0.0,0.0379692566643907,0.0345947770294205,0.0,0.0,0.0515865453768155,0.0194982267888461,0.8563511941405272
1630241,Sam Merrill,2025-26,CLE,1377.0733333333333,0.0,0.04024621785615,0.0595177713342543,0.0,0.0,0.0612984968385795,0.0845081418568011,0.754429372114215
1630572,Sandro Mamukelashvili,2025-26,TOR,1750.6916666666666,0.0,0.43088519877221,0.0988230989858523,0.0,0.0066866903002,0.0,0.1067115795924462,0.3568934323492913
1630583,Santi Aldama,2025-26,MEM,1198.0783333333334,0.0,0.3734483250326021,0.0098064888502967,0.0,0.0945618009720718,0.027802179613073,0.1535175840240807,0.3408636215078756
1630703,Scoot Henderson,2025-26,POR,747.83,0.0512881878430245,0.0,0.0491660519132317,0.4085520825434368,0.0,0.1153089084415755,0.2517926041740376,0.1238921650846936
1630567,Scottie Barnes,2025-26,TOR,2680.776666666666,0.0,0.3727969193287017,0.0792031994159522,0.1047296647537942,0.0,0.1974573491982254,0.2458128673033264,0.0
1631101,Shaedon Sharpe,2025-26,POR,1471.3016666666667,0.0797628070845843,0.0,0.0774214972307332,0.2452718973481971,0.0,0.2434894719570221,0.2967346341311996,0.0573196922482636
1628983,Shai Gilgeous-Alexander,2025-26,OKC,2258.9466666666667,0.0,0.0,0.0,0.0,0.0,0.1898166105959599,0.8101833894040401,0.0
1630536,Sharife Cooper,2025-26,WAS,699.9983333333333,0.0388503257190069,0.0,0.0,0.5265820644639925,0.0903506012255425,0.1832353189258782,0.1609816896655797,0.0
1631321,Sidy Cissoko,2025-26,POR,1435.055,0.0565119192261347,0.0,0.1607238244271095,0.2719061248292979,0.1909924379500442,0.0,0.0,0.3198656935674134
1631323,Simone Fontecchio,2025-26,MIA,1172.47,0.0,0.0592934800866725,0.1059536572727389,0.0,0.1227263808928182,0.0,0.1369342900074041,0.5750921917403663
1642883,Sion James,2025-26,CHA,1843.28,0.0663069378632605,0.0,0.1307907175043487,0.244505423202624,0.1468949029978912,0.0,0.0,0.4115020184318754
1642461,Spencer Jones,2025-26,DEN,1416.79,0.0,0.0,0.213832931827624,0.0,0.3915467596783517,0.0,0.0,0.3946203084940241
201939,Stephen Curry,2025-26,GSW,1328.7283333333332,0.0,0.0,0.0608280733258347,0.0,0.0,0.0112929848579517,0.6070874904999636,0.32079145131625
1642264,Stephon Castle,2025-26,SAS,2037.743333333333,0.0068444277214692,0.1188637008853065,0.0175095282311152,0.318775752611859,0.1250042930177241,0.0,0.4130022975325257,0.0
203500,Steven Adams,2025-26,HOU,730.365,0.7557860551434122,0.0,0.0,0.1871785204238934,0.0107815292911236,0.0,0.0462538951415707,0.0
1629004,Svi Mykhailiuk,2025-26,UTA,1155.611666666667,0.0,0.0,0.0787076126265411,0.0196666530397914,0.2266671971932446,0.0,0.0456353631514664,0.6293231739889562
204456,T.J. McConnell,2025-26,IND,962.505,0.0,0.0,0.0242328645010575,0.2538698782883032,0.0,0.4668963304327088,0.2550009267779304,0.0
1643007,Taelon Peter,2025-26,IND,492.23,0.0,0.0,0.2811774605358202,0.1882354084040839,0.0,0.0,0.0,0.5305871310600958
1631106,Tari Eason,2025-26,HOU,1549.105,0.0068628769848356,0.0,0.2324935725809296,0.1666268655477105,0.2823874030851892,0.0578152250842243,0.0668477061023112,0.1869663506147993
1627752,Taurean Prince,2025-26,MIL,611.3033333333333,0.0,0.0,0.1147311095939566,0.0582482840651448,0.1452583032415687,0.0389034467825849,0.0285513556072223,0.6143075007095227
1641707,Taylor Hendricks,2025-26,MEM,1118.465,0.0311995299791296,0.1107177945770002,0.2225831673719951,0.0167862992557612,0.266472072176559,0.0,0.0,0.3522411366395549
1629611,Terance Mann,2025-26,BKN,1529.0166666666669,0.0505624521690388,0.0,0.0533623424511093,0.4012207737172871,0.1780877604501866,0.1264765092681185,0.014866366102257,0.1754237958420024
1630545,Terrence Shannon Jr.,2025-26,MIN,537.675,0.1346218585768277,0.0,0.0219271976440906,0.0723546012265989,0.2327976248068158,0.0787602612424682,0.0856654966908767,0.3738729598123218
1628418,Thomas Bryant,2025-26,CLE,731.8166666666667,0.0259577069921528,0.446768687713671,0.0,0.0,0.0187602249052188,0.0,0.0467973904126838,0.4617159899762735
1642275,Tidjane Salaün,2025-26,CHA,575.38,0.018498189444162,0.2773812552428412,0.0956411462962713,0.0,0.1946535857966875,0.0,0.0,0.4138258232200377
203501,Tim Hardaway Jr.,2025-26,DEN,2127.3,0.0,0.0542406745451155,0.0,0.0,0.0,0.1956695093501206,0.0448126873510694,0.7052771287536943
202699,Tobias Harris,2025-26,DET,1745.45,0.0,0.1320589487878304,0.0577741533651753,0.0440127261637128,0.2221757346436876,0.1965750995678711,0.1404774631082124,0.2069258743635102
1628396,Tony Bradley,2025-26,ATL,450.68666666666667,3.448491365786049e-15,0.0,0.0,2.3182007361647432e-14,0.9999999999999734,0.0,0.0,0.0
1641739,Toumani Camara,2025-26,POR,2731.2366666666667,0.042511843548846,0.0280659063128465,0.1586601119639866,0.0857251843563768,0.118248939227478,0.0,0.0513549721000417,0.5154330424904244
1629027,Trae Young,2025-26,WAS,383.7533333333334,0.0099303869376624,0.0,0.0,0.2698932965486041,0.0,0.131195391181517,0.5889809253322164,0.0
1631218,Trayce Jackson-Davis,2025-26,TOR,496.0366666666667,0.3242101993696067,0.5799935642971646,8.964124390727963e-05,0.085808489387779,0.0098981057015422,0.0,0.0,0.0
1642848,Tre Johnson,2025-26,WAS,1442.8166666666666,0.0,0.0,0.0,0.298100737273994,0.0,0.2694893671718472,0.0823300391229412,0.3500798564312175
1630200,Tre Jones,2025-26,CHI,1752.3733333333332,0.0,0.1470308848406125,0.1197921588648092,0.2377636597844932,0.2398825571403986,0.0050331436172729,0.2504975957524133,0.0
1630544,Tre Mann,2025-26,CHA,668.4583333333334,0.0,0.0,0.0301301075178185,0.5632202070108386,0.0,0.1289193319013532,0.1441343528195908,0.1335960007503987
1630570,Trendon Watford,2025-26,PHI,863.7166666666667,0.0,0.4183059119871518,0.0,0.4646539941087136,0.0694005565913883,0.0,0.0476395373127461,0.0
1630530,Trey Murphy III,2025-26,NOP,2340.6383333333333,0.0,0.2037763451975027,0.0998357072383326,0.0,0.0,0.015041736474172,0.2702883937446461,0.4110578173453465
1641774,Tristan Vukcevic,2025-26,WAS,670.98,0.1009366450851383,0.2302927527307522,0.0,0.0,0.0,0.1262750694521756,0.252560536619182,0.289934996112752
1641783,Tristan da Silva,2025-26,ORL,1899.4566666666667,0.0,0.1086649494856584,0.1326488645599423,0.0626387542548485,0.1901149439798247,0.0541295577938011,0.0378231071735108,0.413979822752414
1629660,Ty Jerome,2025-26,MEM,338.68833333333333,0.0,0.0,0.0,0.1413662108416613,0.0,0.0,0.8495352232607092,0.0090985658976295
1631174,Tyler Burton,2025-26,MEM,306.74333333333334,0.1269197857070355,0.0,0.0870389948219987,0.0700517610043136,0.0851221192009981,0.0548603251464137,0.0,0.5760070141192403
1629639,Tyler Herro,2025-26,MIA,1032.6533333333334,0.0,0.1019635035057408,0.0,0.1160479901778224,0.0,0.1616573266753098,0.3335034222036099,0.286827757437517
1642278,Tyler Kolek,2025-26,NYK,727.1616666666666,0.0,0.0,0.0163103790769818,0.6965411126428676,0.0,0.0,0.2522143642568443,0.0349341440233062
1631213,Tyrese Martin,2025-26,PHI,776.61,0.0376767266245468,0.0,0.0708275632301099,0.4011975963600462,0.024839889230279,0.0,0.0823653861050241,0.3830928384499937
1630178,Tyrese Maxey,2025-26,PHI,2661.1183333333333,0.0,0.044173143522596,0.1317318469223131,0.1227485226786301,0.0,0.1153045501482026,0.52057638784878,0.0654655488794779
1642878,Tyrese Proctor,2025-26,CLE,545.0866666666667,0.0127671701114446,0.0,0.1405944228447886,0.334737273508652,0.0,0.0685654902795161,0.1958786504928206,0.2474569927627779
1630623,Tyson Etienne,2025-26,BKN,380.01666666666665,0.0,0.0,0.0662905997450819,0.1155335691777935,0.0,0.1482070114367138,0.1053416131154699,0.5646272065249407
1626145,Tyus Jones,2025-26,DEN,978.5783333333334,0.0,0.0,0.0858363132087846,0.5397450071539334,0.0,0.0660104759243975,0.0,0.3084082037128845
1642845,VJ Edgecombe,2025-26,PHI,2623.305,0.0552084471236548,0.0325429684049368,0.1099385920431559,0.2788567493300052,0.0,0.2166485337040844,0.1241584536331568,0.1826462557610058
1641705,Victor Wembanyama,2025-26,SAS,1865.6483333333333,0.0221293063478028,0.5020263656599893,0.0,0.0,0.0,0.0,0.4758443279922079,0.0
1631246,Vince Williams Jr.,2025-26,UTA,819.395,0.0057929017942519,0.0,0.0873404459221683,0.5671216455633397,0.0,0.0,0.2072502763992235,0.1324947303210166
1630249,Vít Krejčí,2025-26,POR,1392.1,0.0,0.117082125002435,0.1241530170803227,0.0,0.0,0.0171540847020604,0.0,0.7416107732151818
1642383,Walter Clayton Jr.,2025-26,MEM,1410.535,0.0619105293138902,0.0,0.0106227299843006,0.6020612702821487,0.0,0.0539977594324597,0.1516986391198897,0.1197090718673108
1628976,Wendell Carter Jr.,2025-26,ORL,2288.3516666666665,0.0864551958312481,0.2560015825878484,0.0300441281327044,0.0,0.1832344013659981,0.1415741637544562,0.0131776240178712,0.2895129043098734
1642954,Will Richard,2025-26,GSW,1376.805,0.0,0.0,0.380074250751688,0.066621038776965,0.1886884070547985,0.0023596931832436,0.0,0.3622566102333048
1642860,Will Riley,2025-26,WAS,1632.4716666666666,0.0833159860196958,0.032438715275278,0.0134638134072552,0.3012936618118784,0.0826190713014119,0.1707352708863892,0.0826552063190791,0.2334782749790121
1642949,Yanic Konan Niederhäuser,2025-26,LAC,423.67833333333334,0.2456053583340717,0.6046704691344877,0.0,0.0,0.1497241725314405,0.0,0.0,0.0
1642274,Yves Missi,2025-26,NOP,1297.0366666666666,0.6883459471547358,0.1493575607866668,0.0,0.1622964920585974,0.0,0.0,0.0,0.0
1642258,Zaccharie Risacher,2025-26,ATL,1503.253333333333,0.0890603846901422,0.050710803184182,0.1512519669989114,0.0,0.1509768543036058,0.1249339130665258,0.0,0.4330660777566325
203897,Zach LaVine,2025-26,SAC,1224.263333333333,0.0492091238525941,0.0,0.0,0.0365963466379308,0.0744277936311518,0.3098750964755285,0.1368168069278725,0.3930748324749222
1630192,Zeke Nnaji,2025-26,DEN,625.9883333333333,0.2170849266163632,0.08325224981072,0.0597130435508138,0.0,0.2751352307353431,0.0107359703944945,0.0,0.3540785788922652
1630533,Ziaire Williams,2025-26,BKN,1281.2666666666669,0.0501018875392147,0.0,0.343686077850537,0.0,0.1817725306814836,0.0317958645657949,0.0553080115859988,0.3373356277769707
1629627,Zion Williamson,2025-26,NOP,1841.0633333333333,0.0195360478918492,0.6100312833130571,0.0,0.0179597107138689,0.0630413203657357,0.0,0.2894316377154889,0.0
1630639,A.J. Lawson,2023-24,DAL,310.9,0.0,0.0,0.11085800751432204,0.14669607475310117,0.46104937105053084,0.0,0.0,0.28139654668204606
1631260,AJ Green,2023-24,MIL,614.2816666666666,0.0,0.0,0.0,0.0,0.0,0.10256578730897722,0.0,0.8974342126910227
203932,Aaron Gordon,2023-24,DEN,2296.81,0.11791571200148979,0.20988436825537105,0.018197578281491943,0.0,0.3424088239156498,0.0,0.1494390764139841,0.16215444113201327
1628988,Aaron Holiday,2023-24,HOU,1269.2966666666666,0.0,0.0,0.07932571393275488,0.34758037309641454,0.0,0.20520801482301135,0.08736957812114265,0.28051632002667654
1630174,Aaron Nesmith,2023-24,IND,1994.655,0.0,0.15805516400057287,0.12538837039526018,0.0,0.21237707581514165,0.018218606125439064,0.024932297318215578,0.46102848634537075
1630598,Aaron Wiggins,2023-24,OKC,1227.9383333333333,0.0,0.22137285663103723,0.2520812821336541,0.0,0.25989693699377125,0.019552820796456132,0.034481071896416346,0.212615031548665
201143,Al Horford,2023-24,BOS,1739.7966666666666,0.0,0.3303515154335912,0.08509351256886573,0.0,0.06327701218636553,0.0,0.0,0.5212779598111775
202692,Alec Burks,2023-24,NYK,1211.545,0.018483728429694434,0.0,0.0,0.004278940052410129,0.06089061420908761,0.25409713665378136,0.16084193173748154,0.501407648917545
1630197,Aleksej Pokusevski,2023-24,CHA,405.3833333333333,0.13086411428862835,0.11706682027175741,0.12137788782587738,0.0079962229789377,0.15722945775683386,0.1260901341385445,0.0,0.33937536273942087
1627936,Alex Caruso,2023-24,CHI,2040.3433333333332,0.0338399581681508,0.0471892138201296,0.42924635037250364,0.0957604519570448,0.06633549400196881,0.0191133490773681,0.0843770167633835,0.22413816583945073
203458,Alex Len,2023-24,SAC,444.245,0.5990600271836792,0.13021452937834388,0.0,0.11955377920188508,0.11867401799253331,0.0,0.03249764624355854,0.0
1630578,Alperen Sengun,2023-24,HOU,2045.635,0.0,0.5468367418034503,0.0,0.06404622263691899,0.0,0.03337293457970438,0.35574410097992615,0.0
1641708,Amen Thompson,2023-24,HOU,1388.5316666666668,0.15341530078419113,0.2389289833239087,0.20626949759059232,0.08899607058491031,0.14982179872366375,0.056666566364189416,0.10590178262854426,0.0
1629599,Amir Coffey,2023-24,LAC,1460.5966666666666,0.0,0.0,0.09217299836829444,0.0,0.27651760015099686,0.13613378611153457,0.0,0.49517561536917415
203083,Andre Drummond,2023-24,CHI,1351.2516666666668,0.7071156115520728,0.09648385795365966,0.027728083094582384,0.0,0.0,0.0,0.16867244739968515,0.0
1641748,Andre Jackson Jr.,2023-24,MIL,572.3283333333334,0.0,0.0,0.13946502276775805,0.34030144119714584,0.3541267077045531,0.0,0.0,0.16610682833054308
1629614,Andrew Nembhard,2023-24,IND,1696.685,0.0,0.013928903299329005,0.10287693289632979,0.5033634104753241,0.0,0.33628274041240985,0.0,0.04354801291660725
203952,Andrew Wiggins,2023-24,GSW,1920.4483333333333,0.03474192932983135,0.2292082278948092,0.0,0.19449657353690813,0.018991176714459962,0.2786029953027598,0.0,0.24395909722123144
1629014,Anfernee Simons,2023-24,POR,1581.7433333333333,0.0,0.0,0.0,0.2972860749083847,0.0,0.13888313121450538,0.401104341705096,0.16272645217201373
1641710,Anthony Black,2023-24,ORL,1164.21,0.09568832678497498,0.0,0.12246102745275919,0.16077703697111712,0.3082723242013147,0.11069226196343782,0.0,0.20210902262639618
203076,Anthony Davis,2023-24,LAL,2700.2433333333333,0.0,0.6012843710272691,0.0,0.0,0.0,0.17639016777910516,0.22232546119362576,0.0
1630162,Anthony Edwards,2023-24,MIN,2770.383333333333,0.07251569874360615,0.0,0.0,0.15427436473085765,0.0,0.22573830333974565,0.505397378720388,0.04207425446540257
1630264,Anthony Gill,2023-24,WAS,466.49666666666667,0.015247955090757609,0.3148900997729527,0.0,0.3197710608395321,0.20217457352346999,0.0,0.0,0.1479163107732876
1630204,Ashton Hagans,2023-24,POR,315.57166666666666,0.14657528439807155,0.0239971924342502,0.07420225360868113,0.7552252695589972,0.0,0.0,0.0,0.0
1641709,Ausar Thompson,2023-24,DET,1582.805,0.0939892501302777,0.05442579150265716,0.19819776522837843,0.19390449591025444,0.40791261028674713,0.051570086941685085,0.0,0.0
1630559,Austin Reaves,2023-24,LAL,2628.95,0.0639957443256525,0.034127313780649295,0.0,0.2721947593102151,0.0,0.1524362425054452,0.2627665954589056,0.21447934461913237
1630245,Ayo Dosunmu,2023-24,CHI,2212.4683333333332,0.0,0.02445902829920074,0.1375567467029334,0.1323995930345574,0.30050521582450823,0.05503472154781151,0.07900217121801724,0.27104252337297147
1628389,Bam Adebayo,2023-24,MIA,2416.4733333333334,0.0,0.4644367432201662,0.0,0.012453747687835439,0.0,0.31828845966197167,0.20482104943002674,0.0
1641767,Ben Sheppard,2023-24,IND,814.26,0.0,0.0,0.1686055470655392,0.021097586827645894,0.21277568732891344,0.0,0.0,0.5975211787779015
1627732,Ben Simmons,2023-24,BKN,358.9166666666667,0.5403184964733033,0.008240809924365357,0.0,0.34285566051052796,0.0,0.0,0.10858503309180345,0.0
1631097,Bennedict Mathurin,2023-24,IND,1538.39,0.15379143904048423,0.044144471102311254,0.0,0.2030463693909968,0.06812631454486757,0.18604741564344757,0.10899882617435248,0.2358451641035402
1641731,Bilal Coulibaly,2023-24,WAS,1715.25,0.11180606986307894,0.0,0.1365083316825878,0.1767257574272066,0.322413410611612,0.009832372544256937,0.0,0.24271405787125763
202687,Bismack Biyombo,2023-24,OKC,791.4616666666667,0.6308575355128457,0.036031472987181505,0.0,0.3331109914999727,0.0,0.0,0.0,0.0
1631104,Blake Wesley,2023-24,SAS,875.925,0.14071047444324178,0.0,0.07672963459822302,0.552171792550751,0.15474150213025462,0.0756465962775296,0.0,0.0
1626171,Bobby Portis,2023-24,MIL,2008.1666666666667,0.0,0.17434335364229053,0.010136622077863906,0.0,0.19947093643859296,0.3184679003426603,0.10188365014138014,0.19569753735721215
203992,Bogdan Bogdanović,2023-24,ATL,2401.4083333333333,0.0,0.020067518901728074,0.12330417829474473,0.0689871822506321,0.009027486171901248,0.14597698298154585,0.1840010230188907,0.44863562838055737
202711,Bojan Bogdanovic,2023-24,NYK,1478.0033333333333,0.0,0.0,0.0,0.06404477255077963,0.1426411795875565,0.21337247493994085,0.14971207568929037,0.4302294972324327
1629626,Bol Bol,2023-24,PHX,469.0283333333333,0.0,0.45055488936560717,0.0,0.0,0.20386071814280857,0.11125131506131547,0.015852449662921795,0.21848062776734692
1630538,Bones Hyland,2023-24,LAC,540.21,0.0,0.0,0.10195830635352468,0.5900592564981276,0.0,0.0021742723037714066,0.2565096125983963,0.04929855224618003
203078,Bradley Beal,2023-24,PHX,1766.7333333333333,0.0,0.061179257673208975,0.02926061763007427,0.2611167688176482,0.07597744498967535,0.3136367313021897,0.17728909484989544,0.08154008473730814
1641764,Brandin Podziemski,2023-24,GSW,1968.2533333333333,0.0,0.22703309669897193,0.019462759016462473,0.5019945548926661,0.0,0.04599217042316583,0.07977725468104205,0.12574016428769164
1630527,Brandon Boston,2023-24,LAC,345.1716666666667,0.13673994209340126,0.0,0.0,0.2783918832279091,0.0,0.3701298406146086,0.0,0.21473833406408108
1627742,Brandon Ingram,2023-24,NOP,2102.68,0.030957966671167868,0.010197987526607421,0.0,0.07619163828786892,0.0,0.5801059329685169,0.2660583208678861,0.03648815367795271
1641706,Brandon Miller,2023-24,CHA,2382.963333333333,0.005057795731351362,0.0787493576961721,0.0,0.14360907575579404,0.0,0.26691429688380225,0.12684968631776988,0.37881978761511037
1641729,Brice Sensabaugh,2023-24,UTA,584.3633333333333,0.03553308618709237,0.0,0.0,0.4924772502973491,0.039772128922817854,0.13763974634860374,0.0648684337742532,0.22970935446988358
201572,Brook Lopez,2023-24,MIL,2411.1516666666666,0.0291981335274383,0.4353798243087846,0.0,0.0,0.0,0.015856553582069027,0.0,0.5195654885817083
1628971,Bruce Brown,2023-24,TOR,1865.3666666666666,0.0,0.12403414188078019,0.041274866270183785,0.33080975792254913,0.19438073938983588,0.1925017831754578,0.0,0.11699871136119316
1628981,Bruno Fernando,2023-24,ATL,682.3033333333333,0.619512104950219,0.15352289598061003,0.0,0.14786520492702523,0.0,0.0,0.0790997941421457,0.0
1631121,Bryce McGowens,2023-24,CHA,881.595,0.09696083524206488,0.0,0.04014855869620602,0.12402668117300344,0.2683564268241839,0.09988909621842186,0.0,0.3706184018461199
1627741,Buddy Hield,2023-24,PHI,2159.8883333333333,0.0,0.07192870213492909,0.1345341176996162,0.06640951258347605,0.0,0.048635279940468165,0.1057583165964354,0.5727340710450751
203468,CJ McCollum,2023-24,NOP,2158.536666666667,0.0,0.04195436633055729,0.00656726174664063,0.11756048218788279,0.0,0.11281397835916983,0.3706326850844753,0.35047122629127414
1630595,Cade Cunningham,2023-24,DET,2074.225,0.0,0.0,0.0,0.3660207604346359,0.0,0.20564710505915124,0.42833213450621294,0.0
1631216,Caleb Houstan,2023-24,ORL,815.335,0.0,0.0,0.05593289925824028,0.0,0.052147951375433904,0.0,0.0,0.8919191493663258
1628997,Caleb Martin,2023-24,MIA,1756.5533333333333,0.03305146460770268,0.05199375475332,0.05148520953380222,0.25229099978356556,0.15704013923594126,0.18813045416121404,0.0,0.2660079779244542
1629629,Cam Reddish,2023-24,LAL,984.0616666666666,0.0,0.0,0.24720786393744337,0.11879175232292676,0.36143364264254013,0.013372231274803827,0.0,0.2591945098222859
1630560,Cam Thomas,2023-24,BKN,2074.85,0.011968161354547188,0.0,0.0,0.14497796143763983,0.0,0.39272033281733437,0.2683335764180326,0.1819999679724461
1641715,Cam Whitmore,2023-24,HOU,880.3333333333334,0.006266814738538806,0.1939793904246554,0.05542081807148181,0.0,0.10963099662840246,0.016823361615576002,0.23506749777410735,0.3828111207472382
1629661,Cameron Johnson,2023-24,BKN,1599.0383333333334,0.0,0.03334826292818284,0.08121982276161754,0.0,0.14892241904804923,0.1268994392037725,0.12879716536413263,0.48081289069424527
1626166,Cameron Payne,2023-24,PHI,1304.0766666666666,0.0,0.0,0.06183993967715556,0.33597632473944633,0.0,0.08786229226154789,0.17871786179922913,0.33560358152262115
1627747,Caris LeVert,2023-24,CLE,1958.0833333333333,0.049443486406607624,0.08664923592440292,0.05018735059220141,0.36836397448716085,0.004171551862834442,0.031209162139835194,0.2862589643541227,0.12371627423283495
1641717,Cason Wallace,2023-24,OKC,1691.9216666666666,0.0,0.0,0.2812377459390086,0.0,0.21203267903391482,0.12596789056922844,0.0,0.38076168445784814
1626224,Cedi Osman,2023-24,SAS,1268.7516666666668,0.0,0.16426238386551895,0.06439135083725538,0.09406997360771002,0.09550120803083914,0.01427552161608954,0.009674495854837279,0.5578250661877497
1631096,Chet Holmgren,2023-24,OKC,2412.7966666666666,0.014119469609918648,0.5853974753598639,0.0,0.0,0.0,0.013798031903866777,0.17712455058831938,0.2095604725380313
1629002,Chimezie Metu,2023-24,DET,858.9066666666666,0.06887140284660952,0.2086229083799517,0.24478996688989313,0.061451794966092446,0.19475258482091704,0.023277489760556016,0.011495025163265365,0.18673882717271467
1628449,Chris Boucher,2023-24,TOR,704.8833333333333,0.1334785228590377,0.19357135110050927,0.0004502479096579874,0.0,0.28204793403347794,0.0,0.053954972008776775,0.33649697208854035
1630537,Chris Duarte,2023-24,SAC,719.5183333333333,0.02693601765761051,0.0,0.1557113765442694,0.14873418574833,0.09761589857140764,0.11618978958118942,0.0,0.454812731897193
101108,Chris Paul,2023-24,GSW,1530.89,0.0,0.0,0.08940672016866781,0.32795440860946884,0.0,0.5014764214934428,0.08116244972842045,0.0
1631128,Christian Braun,2023-24,DEN,1655.565,0.055189991219118176,0.2005325057521065,0.036768609551622124,0.15040478888986095,0.23913741250800344,0.04055813480810807,0.0,0.27740855727118074
1626174,Christian Wood,2023-24,LAL,871.9433333333334,0.1798494989164964,0.20113566359593119,0.0,0.03935105210653432,0.1453597345969483,0.05287318934941695,0.0050624531373019395,0.37636840829737084
1629643,Chuma Okeke,2023-24,ORL,431.73,0.05520280023718601,0.0,0.026084404469181963,0.1993277142657539,0.07911401972333434,0.0,0.0,0.6402710613045437
203991,Clint Capela,2023-24,ATL,1883.0866666666666,0.5991956099612691,0.28712838892394926,0.0,0.0,0.0,0.0,0.07188124449630537,0.04179475661847626
1629632,Coby White,2023-24,CHI,2881.3566666666666,0.025742726245477153,0.016027883366381362,0.0,0.2614499137369495,0.03684117423293741,0.10032067866102612,0.25775966839413245,0.30185795536309606
1628998,Cody Martin,2023-24,CHA,752.9916666666667,0.09184679272499932,0.0,0.126287293922951,0.5158834397506559,0.0,0.26598247360139377,0.0,0.0
203469,Cody Zeller,2023-24,NOP,319.70666666666665,0.4230656742017928,0.1991803627240658,0.0,0.28242161638796937,0.09533234668617187,0.0,0.0,0.0
1630175,Cole Anthony,2023-24,ORL,1817.3116666666667,0.0061897955550619275,0.06329657939913741,0.041215877662227916,0.3664463631032044,0.0,0.2536137247076356,0.23809654787076553,0.03114111170196715
1629012,Collin Sexton,2023-24,UTA,2074.7633333333333,0.0,0.08198608665144756,0.0,0.30585204794802356,0.12252779094248231,0.04670557913771918,0.4429284953203274,0.0
1630557,Corey Kispert,2023-24,WAS,2067.435,0.0,0.12069678110040141,0.0,0.0,0.12538670687801676,0.0,0.10774903903208999,0.6461674729894917
1641854,Craig Porter Jr.,2023-24,CLE,649.355,0.05594416850190176,0.11896133393406481,0.0,0.3698187400901787,0.0,0.3170581317022638,0.13821762577159089,0.0
1626156,D'Angelo Russell,2023-24,LAL,2484.1283333333336,0.0,0.0,0.0,0.3089500614199258,0.0,0.13645058562396004,0.31438308443118357,0.24021626852493047
1630625,Dalano Banton,2023-24,POR,1046.8466666666666,0.04462546297252799,0.11231063412309285,0.0,0.401531132238089,0.03981293206024948,0.022093691487798158,0.2761598195708568,0.1034663275473858
1631207,Dalen Terry,2023-24,CHI,680.71,0.14139519757463154,0.0,0.21373676725919574,0.30570599758181416,0.1880898884398197,0.0,0.0,0.15107214914453887
203081,Damian Lillard,2023-24,MIL,2578.4283333333333,0.033527127322885326,0.0,0.0,0.1808012147417815,0.0,0.13605858552182915,0.4956342853677174,0.1539787870457865
1629655,Daniel Gafford,2023-24,DAL,1814.355,0.48520518223902437,0.4487736687229501,0.0,0.0,0.0,0.0,0.0660211490380254,0.0
1628464,Daniel Theis,2023-24,LAC,1014.84,0.04914998354213018,0.4839808149482767,0.0,0.051172731488471436,0.0981836514394838,0.026526602980086068,0.0,0.29098621560155186
201568,Danilo Gallinari,2023-24,MIL,629.29,0.17108294474111913,0.0,0.0,0.0,0.0,0.3765393504834879,0.04782115020954521,0.4045565545658476
203957,Dante Exum,2023-24,DAL,1087.6216666666667,0.0,0.12203384888937849,0.022400059288171386,0.21605112933700626,0.3020837427055597,0.00227594017202907,0.10630888333444666,0.22884639627340833
1627863,Danuel House Jr.,2023-24,PHI,509.055,0.11121827815607638,0.0,0.1324365469805856,0.011548023967679438,0.34252007861727746,0.021683906808500308,0.0,0.38059316546988076
203967,Dario Saric,2023-24,GSW,1097.7516666666668,0.0,0.31038931993101193,0.013207152221066904,0.1862993341648177,0.01051820949690252,0.0,0.1845101396163868,0.2950758445698142
1629636,Darius Garland,2023-24,CLE,1900.4383333333333,0.0,0.0,0.040786850625471695,0.51090279860019,0.0,0.14025552824714677,0.3080548225271917,0.0
1631223,David Roddy,2023-24,PHX,1176.9816666666666,0.06519992766551053,0.030530352796892906,0.0,0.4234132685578069,0.2066389142323932,0.003767783339515168,0.0,0.2704497534078812
1630558,Davion Mitchell,2023-24,SAC,1101.1,0.0,0.0,0.0,0.40693572476070305,0.04407587708315551,0.21118305572099305,0.0,0.33780534243514837
202722,Davis Bertans,2023-24,CHA,674.0716666666667,0.0,0.029543895689852013,0.17399643350304325,0.0,0.0,0.03037013600806926,0.0,0.7660895347990355
1630549,Day'Ron Sharpe,2023-24,BKN,920.575,0.22444686862495103,0.491384259597253,0.0,0.04640463348407977,0.18338692250066654,0.0,0.05437731579304951,0.0
1628368,De'Aaron Fox,2023-24,SAC,2658.7633333333333,0.0,0.0,0.11955424623995417,0.20043386342022096,0.0,0.18457323096305034,0.4954386593767744,0.0
1629631,De'Andre Hunter,2023-24,ATL,1681.0933333333332,0.041107091020150505,0.026502956224414894,0.0,0.0,0.1544923622558197,0.2895097155571796,0.05698758902751646,0.4314002859149188
1629001,De'Anthony Melton,2023-24,PHI,1023.3316666666667,0.04704794794430317,0.0,0.317771688476579,0.1724522372080732,0.0,0.09306613431160209,0.09761852776847821,0.27204346429096443
201599,DeAndre Jordan,2023-24,DEN,395.71666666666664,0.8213709929709473,0.0,0.0,0.0,0.08979683069945019,0.0,0.05692888788695409,0.03190328844264837
201942,DeMar DeRozan,2023-24,CHI,2988.568333333333,0.029465497448843747,0.0,0.0,0.0,0.02486914694276493,0.7791206285838747,0.16654472702451661,0.0
1629731,Dean Wade,2023-24,CLE,1108.08,0.0,0.023860384665354947,0.2133157985864613,0.0,0.05808282575520916,0.0,0.0,0.7047409909929746
1629028,Deandre Ayton,2023-24,POR,1783.4983333333332,0.0,0.3709771902734114,0.0,0.0,0.1362348881655349,0.49278792156105367,0.0,0.0
1627749,Dejounte Murray,2023-24,ATL,2783.3433333333332,0.0,0.0,0.027369112597536976,0.31228368796956085,0.0,0.22127369337879518,0.3873040967035105,0.051769409350596464
1626153,Delon Wright,2023-24,MIA,741.5666666666667,0.0,0.11717415662307369,0.3467388181397389,0.3631674110182743,0.0,0.17291961421891305,0.0,0.0
1630166,Deni Avdija,2023-24,WAS,2256.6433333333334,0.053586798175681044,0.23220124422554828,0.0,0.22779783602637682,0.21914824248728496,0.0,0.1815632732921428,0.08570260579296596
203471,Dennis Schröder,2023-24,BKN,2485.945,0.0,0.0,0.0,0.4611473307168873,0.0,0.2782943127485799,0.1577314513391378,0.10282690519539504
1628372,Dennis Smith Jr.,2023-24,BKN,1058.6583333333333,0.05621511582071292,0.0,0.31249151862984453,0.43719966940640387,0.040307811484269915,0.12101598498484974,0.032769899673919016,0.0
1641726,Dereck Lively II,2023-24,DAL,1294.2816666666668,0.4177210041517335,0.0,0.008364312343930775,0.0,0.5739146835043357,0.0,0.0,0.0
1627884,Derrick Jones Jr.,2023-24,DAL,1782.8566666666666,0.048407425095975155,0.023039987577244153,0.1532121456431688,0.0,0.40174086593231667,0.0,0.0,0.37359957575129527
201565,Derrick Rose,2023-24,MEM,399.33666666666664,0.0,0.0,0.0,0.5397555667717469,0.11882975101721448,0.19541705060465625,0.14599763160638246,0.0
1628401,Derrick White,2023-24,BOS,2380.985,0.0,0.1367062628327754,0.09614330572223537,0.11974945600264443,0.0,0.014423954352693913,0.271558131590324,0.36141888949932693
1630217,Desmond Bane,2023-24,MEM,1442.8483333333334,0.017768864084667036,0.01662660852698435,0.0,0.18845027593202854,0.01750244671476339,0.09785548913822456,0.4615799705806646,0.20021634502266747
1626164,Devin Booker,2023-24,PHX,2446.6566666666668,0.0,0.0,0.0,0.02287966781557142,0.0,0.43195260642411415,0.45685628426272257,0.08831144149759182
1630170,Devin Vassell,2023-24,SAS,2247.7433333333333,0.0,0.03592691782496694,0.01673410931145381,0.04756371824120122,0.0,0.40729694857794596,0.1445826905002792,0.3478956155441528
1628984,Devonte' Graham,2023-24,SAS,312.92333333333335,0.0,0.0,0.027874589324725366,0.3518372086217244,0.0,0.025458922958707414,0.11600716974539095,0.4788221093494519
1628415,Dillon Brooks,2023-24,HOU,2226.7383333333332,0.0,0.15218761041906612,0.018634941300967604,0.2547494743062077,0.011949874568041623,0.14087073692586446,0.0,0.4216073624798524
1627734,Domantas Sabonis,2023-24,SAC,2928.0216666666665,0.0,0.6251217483673832,0.0,0.05627801188312989,0.0,0.0,0.3186002397494869,0.0
1631230,Dominick Barlow,2023-24,SAS,419.54,0.0,0.08601679250049657,0.05049567987168544,0.0,0.6498832698543885,0.21360425777342937,0.0,0.0
1628378,Donovan Mitchell,2023-24,CLE,1942.65,0.0,0.0,0.1642546834796979,0.06651580218912745,0.0,0.14012623799413404,0.5789495051569538,0.0501537711800869
1628978,Donte DiVincenzo,2023-24,NYK,2360.3933333333334,0.0,0.03410613710877116,0.2635935467467614,0.0,0.011698501492925095,0.0,0.19952240798882112,0.49107940666272115
1627827,Dorian Finney-Smith,2023-24,BKN,1934.5933333333332,0.051606398821864324,0.00966567387678704,0.13110794573620219,0.004606899156767561,0.17877217486948233,0.0,0.0,0.6242409075388965
203926,Doug McDermott,2023-24,IND,904.4783333333334,0.0,0.0,0.010492400186054266,0.0,0.059978825197296706,0.01803777108075029,0.0,0.9114910035358987
203110,Draymond Green,2023-24,GSW,1490.1833333333334,0.018101121919765047,0.3643963833059165,0.13001618274470234,0.43679392046228654,0.0,0.0,0.05069239156732972,0.0
1629234,Drew Eubanks,2023-24,PHX,1168.705,0.024242465071059007,0.23656221779389275,0.010268277260753376,0.0,0.7289270398742949,0.0,0.0,0.0
1629130,Duncan Robinson,2023-24,MIA,1905.4483333333333,0.0,0.08123731385039618,0.05973030895882518,0.0412436841088509,0.05673442172264315,0.0,0.1174758863382088,0.6435783850210759
1641871,Duop Reath,2023-24,POR,1214.115,0.0,0.3676705784807756,0.00854262308863628,0.0,0.050156379345456775,0.0,0.08825903248883954,0.48537138659629186
203939,Dwight Powell,2023-24,DAL,836.3033333333333,0.35932838419015106,0.052377781099492905,0.06117217093534054,0.0,0.5271216637750155,0.0,0.0,0.0
1630700,Dyson Daniels,2023-24,NOP,1358.525,0.0,0.12805103855078845,0.37892797448692855,0.36080048460284697,0.08643442615306228,0.03151947431275761,0.0,0.014266601893616119
201569,Eric Gordon,2023-24,PHX,1892.63,0.0,0.0886452861973713,0.16169405334889833,0.1666114276190643,0.0,0.026019079761254015,0.002101766209991365,0.5549283868634206
1630647,Eugene Omoruyi,2023-24,WAS,393.3066666666667,0.07429329416679037,0.2115085780002442,0.2755814484891286,0.22327708568993465,0.0930972247269901,0.03343960981935403,0.07603401971884707,0.012768739388710884
203095,Evan Fournier,2023-24,DET,579.6733333333333,0.0,0.0,0.16855144295763602,0.22619637031057105,0.0,0.2366292957389678,0.0,0.3686228909928251
1630596,Evan Mobley,2023-24,CLE,1532.35,0.0,0.5698024716672081,0.013842382817503256,0.0,0.26483947308761047,0.0,0.15151567242767833,0.0
1630532,Franz Wagner,2023-24,ORL,2337.4166666666665,0.0,0.2985392807766842,0.0,0.20635446175163497,0.07353905026658732,0.0,0.3219731280758122,0.09959407912928135
1627832,Fred VanVleet,2023-24,HOU,2684.4266666666667,0.0,0.0,0.08782798693743335,0.2107982412980221,0.0,0.23797796649615668,0.28782645574235716,0.1755693495260308
1641713,GG Jackson,2023-24,MEM,1233.165,0.110038807409691,0.014158813133876055,0.0,0.0,0.16947049775568496,0.03473154222316542,0.18753412796580546,0.484066211511777
1629726,Garrison Mathews,2023-24,ATL,992.1216666666667,0.0,0.0,0.05483433589550782,0.0,0.06887504685693889,0.0315288942303594,0.0,0.8447617230171939
203914,Gary Harris,2023-24,ORL,1297.3466666666666,0.0,0.0,0.22251040508676326,0.0,0.15479148704740936,0.04666102583101726,0.0,0.5760370820348101
1627780,Gary Payton II,2023-24,GSW,679.9,0.0,0.12720439851136037,0.38488014055761555,0.08464354555629132,0.39453320989939,0.0,0.0,0.008738705475342785
1629018,Gary Trent Jr.,2023-24,TOR,1993.5983333333334,0.0,0.0,0.09937725223924027,0.00749597476566457,0.0,0.39032267554448874,0.0,0.5028040974506065
1627777,Georges Niang,2023-24,CLE,1831.125,0.0,0.06673664464202218,0.0,0.04645494946296325,0.20905820059237804,0.0,0.03644909032388014,0.6413011149787563
203507,Giannis Antetokounmpo,2023-24,MIL,2567.2433333333333,0.15975403804489927,0.2594341378447433,0.0,0.0,0.0,0.0,0.5808118241103573,0.0
1629048,Goga Bitadze,2023-24,ORL,957.0866666666667,0.23979369801455933,0.586947657243895,0.08383166160284442,0.0,0.08942698313870118,0.0,0.0,0.0
202330,Gordon Hayward,2023-24,OKC,1245.25,0.02784290548124261,0.11550215532851925,0.023975566601989656,0.2873991924492301,0.08285358934441195,0.4271986657346568,0.0,0.035227925059949663
1641711,Gradey Dick,2023-24,TOR,1267.6683333333333,0.0,0.0,0.03082244279623039,0.06659797918287168,0.19957386043831207,0.14681003950975072,0.0,0.5561956780728351
1629684,Grant Williams,2023-24,CHA,2129.56,0.04878276426363594,0.0777652416731496,0.036224330895498744,0.12369413423416296,0.16615611986910633,0.030986543930637624,0.03168183201890531,0.48470903311490343
1628960,Grayson Allen,2023-24,PHX,2513.3,0.0,0.14598827214342033,0.13232075813528685,0.0,0.08387056148677745,0.0,0.09216128310336173,0.5456591251311537
203084,Harrison Barnes,2023-24,SAC,2380.87,0.0,0.0692793437841043,0.03467794489993341,0.0,0.29450209035612046,0.04298136791266794,0.03863494280105064,0.5199243102461232
1629312,Haywood Highsmith,2023-24,MIA,1365.835,0.0,0.06960340513040814,0.22481311307113788,0.02565479615482843,0.21555580050745832,0.0,0.0,0.46437288513616715
1630529,Herbert Jones,2023-24,NOP,2321.4283333333333,0.0029131526093116584,0.09361523922707848,0.30251829958055104,0.0,0.3064011439822062,0.052446373673174417,0.00518271105755435,0.2369230798701239
1630193,Immanuel Quickley,2023-24,TOR,1985.3366666666666,0.0,0.0,0.0,0.24012477803955554,0.02785908012760523,0.13591791038824913,0.351801647532205,0.24429658391238496
1630171,Isaac Okoro,2023-24,CLE,1887.0566666666666,0.01702261738839148,0.0,0.17522581831284592,0.0,0.4625515967147006,0.0,0.0,0.3451999675840621
1628392,Isaiah Hartenstein,2023-24,NYK,1896.3483333333334,0.15830171329743126,0.7272415956515762,0.1144566910509925,0.0,0.0,0.0,0.0,0.0
1630543,Isaiah Jackson,2023-24,IND,770.905,0.524129198691127,0.16107878070074802,0.04784240377673373,0.0,0.17604130042492475,0.0,0.09090831640646665,0.0
1630198,Isaiah Joe,2023-24,OKC,1444.8666666666666,0.0,0.01927250395627462,0.14518981705120457,0.0,0.0,0.18268766130202183,0.003888916395406141,0.6489611012950928
1630587,Isaiah Livers,2023-24,DET,469.39666666666665,0.0003357228202741828,0.0,0.03619328468418686,0.21515109317864678,0.13962418532086507,0.042221587047503305,0.0,0.5664741269485238
1630191,Isaiah Stewart,2023-24,DET,1422.8166666666666,0.05603314318755026,0.21508349019827494,0.0,0.052807076109603265,0.2409434355845511,0.0,0.0,0.43513285492002035
202397,Ish Smith,2023-24,CHA,740.8466666666667,0.0,0.0,0.0,0.6741225906263624,0.0,0.3258774093736376,0.0,0.0
1627826,Ivica Zubac,2023-24,LAC,1794.4483333333333,0.37472078830453504,0.5232768673989078,0.0,0.0260064020553669,0.0,0.0,0.0759959422411904,0.0
1630550,JT Thor,2023-24,CHA,780.6266666666667,0.0762417864643669,0.0,0.0,0.0,0.39617456681826557,0.0,0.0,0.5275836467173675
1629630,Ja Morant,2023-24,MEM,317.925,0.06805909239041359,0.0,0.0,0.3155442059318156,0.03442357138084209,0.0,0.5819731302969288,0.0
201580,JaVale McGee,2023-24,SAC,339.3616666666667,0.1466739569344118,0.7319480360511168,0.005118811351155468,0.08552820923024951,0.0,0.0,0.03073098643306649,0.0
1631095,Jabari Smith Jr.,2023-24,HOU,2423.845,0.04576820706763121,0.25051990943098645,0.0,0.0,0.0,0.2489698980560844,0.010966325100726664,0.4437756603445713
1631133,Jabari Walker,2023-24,POR,1700.5733333333333,0.09781328277004502,0.12741819779676097,0.015853804686938432,0.10142936763819016,0.4174711996549412,0.005484441438175471,0.02076898238437497,0.21376072363057375
1631367,Jacob Gilyard,2023-24,BKN,698.405,0.0,0.0,0.2603758485256034,0.40176277466008703,0.0,0.04311841182785208,0.0028356767162425025,0.291907288270215
1630702,Jaden Hardy,2023-24,DAL,989.2133333333334,0.00026747937234938125,0.0,0.0,0.3171354431644752,0.0034420568806186277,0.2723166277097785,0.10394184270511385,0.3028965501676646
1631093,Jaden Ivey,2023-24,DET,2217.4766666666665,0.05911959730239863,0.0,0.0,0.41204142594918325,0.0961016706639439,0.09332790496956653,0.22340370352852182,0.11600569758638589
1630183,Jaden McDaniels,2023-24,MIN,2105.4533333333334,0.0,0.0,0.1302759568356804,0.09689701926329385,0.39775647600263037,0.07298613365983,0.0,0.30208441423856547
1630531,Jaden Springer,2023-24,BOS,506.995,0.10393916934647643,0.0,0.3625895065310275,0.33693607096374123,0.0808124994386732,0.11572275372008166,0.0,0.0
203109,Jae Crowder,2023-24,MIL,1155.6983333333333,0.0,0.0,0.11222259829622294,0.0,0.22348009918425554,0.10130393815350411,0.0,0.5629933643660173
1630256,Jae'Sean Tate,2023-24,HOU,1031.4566666666667,0.0,0.027197286515278116,0.21283315889309118,0.35876363798605415,0.38090691063451015,0.0,0.0,0.02029900597106636
1631170,Jaime Jaquez Jr.,2023-24,MIA,2113.195,0.0,0.06000497003127247,0.12459004792135132,0.29170875548122543,0.37284453155468156,0.014172794633455632,0.09833783154121056,0.038341068836802925
1631222,Jake LaRavia,2023-24,MEM,805.55,0.13327086288431483,0.017649521262014186,0.09475228303744482,0.15253643918437076,0.09981411466020017,0.023686671050557065,0.13495095016378109,0.3433391577573171
1627751,Jakob Poeltl,2023-24,TOR,1319.1083333333333,0.44933789355406556,0.3765439077085517,0.0,0.051043869295229666,0.0,0.0,0.12307432944215303,0.0
1628973,Jalen Brunson,2023-24,NYK,2726.3033333333333,0.0,0.0,0.0,0.16724323792762433,0.0,0.22326805989599732,0.6094887021763784,0.0
1631105,Jalen Duren,2023-24,DET,1777.4816666666666,0.444774622197891,0.2747918720532595,0.0,0.10619691113466181,0.021335155510436195,0.0,0.1529014391037514,0.0
1630224,Jalen Green,2023-24,HOU,2601.3816666666667,0.09667691967380572,0.0,0.0,0.21150239120061792,0.0,0.1683604809445173,0.30021918700163736,0.2232410211794217
1630552,Jalen Johnson,2023-24,ATL,1888.8666666666666,0.0,0.3840367952790943,0.061038116467217865,0.12407392359051493,0.14054620319861083,0.013106878176847222,0.12174627421924243,0.15545180906847242
1629667,Jalen McDaniels,2023-24,TOR,538.0066666666667,0.08967349530446694,0.0,0.0,0.5880222788444137,0.18039748781974854,0.0,0.0,0.14190673803137066
1630188,Jalen Smith,2023-24,IND,1046.625,0.0,0.5560155166463956,0.0,0.0,0.03236237173938664,0.0,0.10974082591127818,0.3018812857029395
1630591,Jalen Suggs,2023-24,ORL,2024.59,0.035745595931486976,0.04357187594763882,0.299372517103071,0.12079601197090852,0.01914145239158075,0.10269849173403424,0.14483050276167245,0.23384355215960723
1631114,Jalen Williams,2023-24,OKC,2223.5983333333334,0.0,0.21999520339601103,0.004536378563315055,0.16117352210485114,0.0,0.27152033508225654,0.26895273098295297,0.0738218298706133
1630592,Jalen Wilson,2023-24,BKN,664.5366666666666,0.0,0.09197930027215506,0.0,0.17749323142170165,0.29832866404364644,0.06315677279878318,0.0,0.3690420314637136
1627750,Jamal Murray,2023-24,DEN,1861.37,0.0,0.0,0.0,0.15471073605858068,0.0,0.35275778743313996,0.4230912957344449,0.06944018077383435
201935,James Harden,2023-24,LAC,2469.6683333333335,0.09360565596293081,0.0,0.026403131243660793,0.2270580393254885,0.0,0.0,0.502632310511289,0.1503008629566309
1630164,James Wiseman,2023-24,DET,1091.0433333333333,0.4698908284993996,0.22050058674753822,0.0,0.1977545500537375,0.032783551741531594,0.05482763916191656,0.024242843795876552,0.0
1641716,Jarace Walker,2023-24,IND,340.42333333333335,0.0912421455664453,0.001001137428943446,0.19261729433754357,0.18881990917745733,0.0,0.26243304213513624,0.0,0.2638864713544741
1630215,Jared Butler,2023-24,WAS,565.6516666666666,0.03934779501242416,0.010943128918903377,0.1347668525194438,0.6083578656042831,0.0,0.0,0.20658435794494553,0.0
1628991,Jaren Jackson Jr.,2023-24,MEM,2124.18,0.0,0.42342539919846933,0.0,0.13361466959330134,0.024978406459966532,0.0,0.32512014570699244,0.09286137904127036
1629020,Jarred Vanderbilt,2023-24,LAL,581.2366666666667,0.06755725362924071,0.0,0.3544822433144836,0.039352765336179846,0.538607737720096,0.0,0.0,0.0
1628386,Jarrett Allen,2023-24,CLE,2442.0616666666665,0.36079414764135026,0.20425662844396808,0.0,0.0,0.2197033444728112,0.0,0.21524587944187062,0.0
1631241,Javon Freeman-Liberty,2023-24,TOR,403.03833333333336,0.10422207934557894,0.04141757742152086,0.0019234444531430423,0.45523165986229475,0.12814297319778437,0.11972681331435803,0.0017836122143789958,0.14755184019094097
1629637,Jaxson Hayes,2023-24,LAL,877.1333333333333,0.5962212767286881,0.1859301418130291,0.05063251204933112,0.0,0.11145660675929363,0.0,0.0,0.05575946264965807
1627759,Jaylen Brown,2023-24,BOS,2342.5216666666665,0.04119729004336442,0.0688796637823522,0.01740413926870923,0.141814489584998,0.09284431076234902,0.14202274806520573,0.3707344290990149,0.12510292939400658
1631119,Jaylin Williams,2023-24,OKC,896.9466666666667,0.04115110734974382,0.273448290687686,0.11476089162699839,0.0,0.009869535468272284,0.0,0.015969354854766016,0.5448008200125335
1628369,Jayson Tatum,2023-24,BOS,2645.213333333333,0.11117245790212821,0.03419235461650344,0.0,0.0,0.008548288595007959,0.1090506713109255,0.550976344741435,0.1860598828339999
201145,Jeff Green,2023-24,HOU,1307.3383333333334,0.04606150960294645,0.10914111778829784,0.0,0.0,0.3358339688139818,0.07847051892266038,0.01467172060420048,0.41582116426791293
203924,Jerami Grant,2023-24,POR,1830.1866666666667,0.0,0.06561459761535424,0.0,0.06596947510261582,0.21790546796591162,0.2663033425279366,0.21264487721459288,0.1715622395735889
1630526,Jeremiah Robinson-Earl,2023-24,NOP,334.31333333333333,0.0,0.09050946836240736,0.12786098141550298,0.10913763127469381,0.3870144129811543,0.0025169831400055206,0.0,0.28296052282623607
1631110,Jeremy Sochan,2023-24,SAS,2193.095,0.040334349052524365,0.17243190231119285,0.0,0.4022377128758766,0.1766865217744727,0.06128380642522812,0.034415725609786674,0.11260998195091872
1630579,Jericho Sims,2023-24,NYK,584.7833333333333,0.7113920498698062,0.07878086509348518,0.0,0.1179337414814355,0.04608668545985235,0.0,0.0,0.04580665809542088
1628975,Jevon Carter,2023-24,CHI,1003.6016666666667,0.0,0.0,0.0805879063564688,0.18411716361119948,0.0,0.2479227964112817,0.0,0.4873721336210499
202710,Jimmy Butler III,2023-24,MIA,2042.0583333333334,0.0,0.09902138481706622,0.025080548311714836,0.0,0.3562324293247178,0.10715725336942734,0.4125083841770739,0.0
1629111,Jock Landale,2023-24,HOU,763.46,0.07539191759213518,0.5315768899196227,0.0,0.07082883580332161,0.0,0.138093706943558,0.0,0.18410864974136257
204060,Joe Ingles,2023-24,ORL,1169.0316666666668,0.0,0.043836424951798715,0.20541175155217475,0.4574785639727129,0.0,0.0,0.043037805601306156,0.2502354539220075
203954,Joel Embiid,2023-24,PHI,1309.3716666666667,0.0,0.11506248935687999,0.0,0.0,0.0,0.22175934113842705,0.6631781695046929,0.0
1628381,John Collins,2023-24,UTA,1901.06,0.0,0.3450893934091829,0.0,0.0,0.32663494053004327,0.0,0.09742461489050151,0.2308510511702723
1629723,John Konchar,2023-24,MEM,1173.5733333333333,0.1190301562196628,0.0,0.2982343960948854,0.15439839174694767,0.17055584595525833,0.0,0.0,0.25778120998324583
1631098,Johnny Davis,2023-24,WAS,613.48,0.0011813922238431728,0.0,0.0,0.3883883474862426,0.3102066619452176,0.11636723034375801,0.0,0.18385636800093852
1630548,Johnny Juzang,2023-24,UTA,371.80333333333334,0.0,0.0,0.0,0.0438695148576364,0.26318396186148246,0.0,0.0,0.6929465232808812
202685,Jonas Valančiūnas,2023-24,NOP,1924.8316666666667,0.0,0.5635300030498711,0.0,0.0,0.1343766096588339,0.08378139469872119,0.14302603262626598,0.07528595996630788
1628371,Jonathan Isaac,2023-24,ORL,914.61,0.0944910988380877,0.36951416066336973,0.2276414720629063,0.0,0.058674249034592514,0.13029128561826914,0.0,0.11938773378277466
1630228,Jonathan Kuminga,2023-24,GSW,1949.5133333333333,0.0,0.3031176097552477,0.0,0.1369250363823847,0.2040041956678815,0.10401073501692884,0.19689288555075746,0.05504953762679994
1629007,Jontay Porter,2023-24,DET,359.73833333333334,0.11834713552042628,0.12502244183084898,0.3051755270028911,0.11376687575782009,0.0,0.0,0.07910657257154918,0.2585814473164643
203903,Jordan Clarkson,2023-24,UTA,1682.3416666666667,0.0,0.0,0.0,0.6176651781365126,0.0036455621862972643,0.11910520931714022,0.24614468408978846,0.013439366270261549
1630692,Jordan Goodwin,2023-24,MEM,1055.77,0.06354677928866616,0.0,0.12396669406709483,0.5032260162078998,0.0,0.23012717951142658,0.07913333092491262,0.0
1641722,Jordan Hawkins,2023-24,NOP,1160.58,0.0,0.0,0.0,0.0,0.046858773486441005,0.27574880284980485,0.0,0.6773924236637541
1629162,Jordan McLaughlin,2023-24,MIN,626.12,0.0,0.0,0.4300707415260251,0.06653048156719191,0.13604474682583234,0.05096007777841081,0.0373284158514675,0.2790655364510722
1629670,Jordan Nwora,2023-24,TOR,711.3933333333333,0.07214312126067625,0.04595902987363656,0.1011134821611289,0.1724281749843576,0.18916656130379564,0.008086063245742337,0.15836644719448376,0.25273711997617887
1629673,Jordan Poole,2023-24,WAS,2345.555,0.008836495571677618,0.0,0.0,0.38994695339886765,0.0,0.16428614582998605,0.23402812943236265,0.20290227576710607
1630631,Jose Alvarado,2023-24,NOP,1028.37,0.0,0.0,0.3287177167637399,0.26710580090267777,0.0024181150428030825,0.06880630386988805,0.05593100726088112,0.2770210561600101
1630581,Josh Giddey,2023-24,OKC,2011.5583333333334,0.0,0.22479723155626885,0.0,0.37048242284598504,0.17890330096271015,0.0,0.22581704463503602,0.0
1630182,Josh Green,2023-24,DAL,1504.72,0.0,0.0,0.15406060443888095,0.1037187187158542,0.3839494615920878,0.0,0.0,0.3582712152531771
1628404,Josh Hart,2023-24,NYK,2706.7716666666665,0.08634251986737107,0.14552749965912082,0.05640284985674971,0.3591810322927439,0.0493480464666922,0.08808090826429865,0.006026647848740703,0.20909049574428298
1629006,Josh Okogie,2023-24,PHX,959.715,0.09932217885924775,0.0,0.33465670899951744,0.0,0.40329621831044754,0.0,0.0,0.1627248938307872
1626196,Josh Richardson,2023-24,MIA,1102.83,0.0,0.08259852255042452,0.016245825831811524,0.1598278095897916,0.0,0.2519826530197383,0.007379130096857917,0.48196605891137606
201950,Jrue Holiday,2023-24,BOS,2263.278333333333,0.0,0.15813413613478516,0.05740324584634495,0.3343035673985027,0.0,0.09794597940527441,0.144941577694491,0.2072714935206017
1630577,Julian Champagnie,2023-24,SAS,1467.875,0.09301562528700566,0.0029590174975273114,0.16644782209912887,0.0,0.14278607082702818,0.0,0.0,0.59479146428931
1641763,Julian Phillips,2023-24,CHI,322.55,0.07720367940094684,0.0,0.050858750389592866,0.0,0.3860467024541539,0.0,0.0,0.4858908677553064
1631124,Julian Strawther,2023-24,DEN,545.415,0.05598069836528201,0.0,0.022268842107358848,0.25529382977391135,0.0,0.09360935696051195,0.005865936519243792,0.5669813362736922
203944,Julius Randle,2023-24,NYK,1630.095,0.0,0.152191449144501,0.0,0.1688664961938686,0.19568234854037175,0.0,0.459890574572693,0.023369131548565503
203200,Justin Holiday,2023-24,DEN,862.0133333333333,0.0,0.0,0.19997985644065516,0.0,0.08544704611902165,0.1487475189796718,0.0,0.5658255784606513
1631303,Justin Minaya,2023-24,POR,380.98333333333335,0.11362360661437249,0.0,0.0010554729424534126,0.4043473070064141,0.0,0.0,0.0,0.48097361343676004
203994,Jusuf Nurkić,2023-24,PHX,2078.035,0.1953508695444519,0.5257726987010327,0.016392291027392043,0.17673930710459626,0.0,0.0,0.0857448336225271,0.0
1630231,KJ Martin,2023-24,PHI,746.495,0.1147118532551308,0.03479523865908738,0.10290827204911135,0.16979038895441748,0.47265833513671573,0.0,0.0,0.10513591194553704
1626157,Karl-Anthony Towns,2023-24,MIN,2025.565,0.0,0.39339232329240326,0.0,0.0,0.08461870450983756,0.0,0.3271101066298059,0.19487886556795325
202695,Kawhi Leonard,2023-24,LAC,2330.04,0.0,0.15576179172121338,0.10718903154401141,0.0,0.0,0.336704372541454,0.3700955860854115,0.030249218107909755
1631099,Keegan Murray,2023-24,SAC,2588.5666666666666,0.0,0.19021391465565982,0.04249004903056677,0.0,0.0,0.2439350167428203,0.0,0.523361019570953
1628966,Keita Bates-Diop,2023-24,BKN,664.59,0.0629495409038443,0.010026815669250492,0.19423472203608946,0.0,0.43209598752052714,0.0,0.0,0.3006929338702886
1629640,Keldon Johnson,2023-24,SAS,2038.3616666666667,0.0,0.1015756673621439,0.0,0.18957138970666168,0.228588781753629,0.0,0.1934484404826617,0.2868157206949037
203482,Kelly Olynyk,2023-24,TOR,1758.73,0.010925768251239188,0.35218039715946975,0.11758850353498267,0.21760086139110255,0.06930369494307827,0.0177786259405644,0.21462214877956326,0.0
1626162,Kelly Oubre Jr.,2023-24,PHI,2055.32,0.08648630214633661,0.08461736410854565,0.08074598051106076,0.08650105800578037,0.20673184818608187,0.04469273741173823,0.12661753903656037,0.2836071705938962
1629026,Kenrich Williams,2023-24,OKC,1029.0066666666667,0.0,0.10253551849121925,0.16405752047886626,0.06669602269140078,0.16050468088591982,0.06473423459223528,0.0,0.4414720228603587
203484,Kentavious Caldwell-Pope,2023-24,DEN,2401.7566666666667,0.0,0.0,0.19958566289004812,0.0,0.11552018473516906,0.28841805570874063,0.0,0.3964760966660421
1631165,Keon Ellis,2023-24,SAC,978.485,0.0006872505468483277,0.05785996826789074,0.3728635835946737,0.0,0.010377063575000145,0.08261393870516649,0.0,0.4755981953104207
201142,Kevin Durant,2023-24,PHX,2790.6366666666668,0.0,0.13403418194149994,0.0,0.0,0.0,0.4764847757674342,0.34250279017961155,0.04697825211145448
1628989,Kevin Huerter,2023-24,SAC,1562.2266666666667,0.0,0.17917011678607314,0.04883483799967025,0.05842443491034223,0.0,0.053820556064770445,0.046501211301862536,0.6132488429372813
1628995,Kevin Knox II,2023-24,POR,560.2333333333333,0.0,0.06428275993971326,0.018437415519408258,0.08290976128280761,0.24700391781770117,0.05932835402110544,0.0,0.5280377914192643
201567,Kevin Love,2023-24,MIA,924.2633333333333,0.0,0.25448201265183945,0.0,0.0,0.0022662647377511957,0.0,0.2784017061753856,0.4648500164350238
1626172,Kevon Looney,2023-24,GSW,1194.4283333333333,0.4512060361198554,0.260157480889728,0.0,0.235056427077022,0.0,0.004073329768691334,0.04950672614470322,0.0
1641718,Keyonte George,2023-24,UTA,2022.5766666666666,0.004034363895343425,0.0,0.0,0.531933043002231,0.0,0.08970282184790061,0.21041425740116917,0.16391551385335595
203114,Khris Middleton,2023-24,MIL,1487.27,0.0,0.0,0.006584474075710639,0.2586683813990458,0.0,0.41529080164375487,0.27117304585188373,0.04828329702960489
1630165,Killian Hayes,2023-24,DET,1007.6583333333333,0.0,0.0,0.0,0.5016158874455664,0.0,0.4983841125544336,0.0,0.0
202691,Klay Thompson,2023-24,GSW,2284.1683333333335,0.0,0.0009958872066892354,0.0,0.0,0.0,0.31101006240106915,0.11298052402934833,0.5750135263628932
1641738,Kobe Brown,2023-24,LAC,393.99833333333333,0.055046635803387436,0.0003213904348804482,0.0805856893791567,0.2097369641544934,0.14692901274646875,0.0,0.0,0.5073803074816131
1627739,Kris Dunn,2023-24,UTA,1249.1766666666667,0.0,0.11938360218185035,0.2074863647065591,0.6428576686273935,0.0,0.0,0.03027236448419709,0.0
1631200,Kris Murray,2023-24,POR,1348.2716666666668,0.03891373203734975,0.0,0.16971278275180798,0.28708017120835205,0.24930314823247185,0.0,0.0,0.2549901657700183
204001,Kristaps Porziņģis,2023-24,BOS,1689.9483333333333,0.0,0.48505570103066675,0.0,0.0,0.0,0.07655483479967934,0.2657501327330122,0.1726393314366416
203937,Kyle Anderson,2023-24,MIN,1781.8816666666667,0.0,0.10835276168259003,0.06891643107702627,0.3059697753968894,0.3554849878630483,0.09525000501926043,0.06602603896118558,0.0
1628398,Kyle Kuzma,2023-24,WAS,2281.141666666667,0.0,0.08224187914116639,0.0,0.17002568720682082,0.177923457410882,0.0714680927855793,0.33307027475501916,0.16527060870053228
200768,Kyle Lowry,2023-24,PHI,1689.7666666666667,0.010943634455562679,0.0,0.1835301670304154,0.3627979008178341,0.0,0.07827407071310691,0.052222927983685066,0.31223129899939583
202681,Kyrie Irving,2023-24,DAL,2029.6083333333333,0.0,0.049955485914630636,0.008399583654505249,0.09267709646493946,0.0,0.23664912418195938,0.45252192567685,0.15979678410711534
1630163,LaMelo Ball,2023-24,CHA,711.35,0.0,0.0,0.0939629238786257,0.29443941435565707,0.0,0.0,0.6115976617657172,0.0
1630205,Lamar Stevens,2023-24,MEM,559.0133333333333,0.021365007076549702,0.11759784194212272,0.1260558428249494,0.053612969615988215,0.30619392095665465,0.2979708841590621,0.019345210604815786,0.05785832281985757
1629013,Landry Shamet,2023-24,WAS,726.4966666666667,0.019548108886259567,0.0,0.09724591481333388,0.09843031877097581,0.07331808365631816,0.1929796598862516,0.0,0.518477913986861
1626204,Larry Nance Jr.,2023-24,NOP,1216.1383333333333,0.0,0.243606319967884,0.3283984181140673,0.005983933873861999,0.40508452017248137,0.0,0.0,0.016926807871705345
1628374,Lauri Markkanen,2023-24,UTA,1819.7466666666667,0.0,0.337848349149209,0.0,0.0,0.040984551780084366,0.0,0.2780884560943806,0.3430786429763259
2544,LeBron James,2023-24,LAL,2503.6833333333334,0.0,0.25095299106620045,0.0,0.11280691632829608,0.04074385618167829,0.002862266973105918,0.5926339694507191,0.0
1631311,Lester Quinones,2023-24,GSW,394.455,0.022867668668317336,0.0,0.0,0.23122868782650371,0.06686022787681538,0.02062999230120137,0.11827787657311205,0.5401355467540501
1629022,Lonnie Walker IV,2023-24,BKN,1011.14,0.04293862454348147,0.0,0.06565592835750626,0.11557722488537878,0.0,0.22267468342316907,0.1407962860636552,0.412357252726809
1629652,Luguentz Dort,2023-24,OKC,2245.971666666667,0.06116217210725327,0.034538222887382196,0.13717827210718686,0.0,0.09866307179147372,0.11233383392179493,0.0,0.5561244271849091
1629029,Luka Dončić,2023-24,DAL,2624.04,0.001540459979847302,0.0,0.0,0.03306292872789274,0.0,0.0,0.96539661129226,0.0
1629677,Luka Samanic,2023-24,UTA,404.37666666666667,0.1351675127894461,0.000597478503748073,0.0,0.2791637954726878,0.35903362438404585,0.0,0.0,0.22603758885007205
1628379,Luke Kennard,2023-24,MEM,999.0466666666666,0.0,0.011350909377712099,0.03800520055657923,0.02794817021255727,0.0,0.08354326382062893,0.14077108033388336,0.6983813756986392
1628436,Luke Kornet,2023-24,BOS,983.31,0.027784846937919175,0.9365556272146779,0.0,0.0,0.0,0.0,0.0,0.03565952584740283
1630201,Malachi Flynn,2023-24,DET,876.9216666666666,0.0036438047087232386,0.0,0.12926160566612618,0.45486057805919733,0.0,0.14278309043090467,0.17047371506882078,0.09897720606622776
1631103,Malaki Branham,2023-24,SAS,1594.3266666666666,0.0,0.0,0.0,0.355226724756862,0.08993948691513824,0.2120899356290331,0.0,0.34274385269896673
1627763,Malcolm Brogdon,2023-24,POR,1120.8166666666666,0.0,0.0,0.0,0.2821099185032235,0.0,0.2798571669030299,0.30419092119031155,0.13384199340343503
1627736,Malik Beasley,2023-24,MIL,2337.3716666666664,0.0,0.0,0.08529687487449354,0.0,0.11891992784313635,0.05833025423011512,0.0,0.737452943052255
1628370,Malik Monk,2023-24,SAC,1872.3066666666666,0.00528858022522097,0.028917068054391426,0.0,0.3104229998839436,0.0,0.10661209701623243,0.3433838986577424,0.20537535616246913
1630699,MarJon Beauchamp,2023-24,MIL,607.6883333333334,0.05202137802090314,0.0,0.04138125291924929,0.0813330151172315,0.26620395792909346,0.14702288979874445,0.0,0.41203750621477814
202694,Marcus Morris Sr.,2023-24,CLE,816.9766666666667,0.005671054997809408,0.0,0.0,0.021797854769211925,0.05768132071894118,0.49782525147,0.0,0.4170245180440375
1631204,Marcus Sasser,2023-24,DET,1351.11,0.0,0.0,0.005931160918698701,0.45879248603823936,0.0,0.2951705479630158,0.13231189927493878,0.10779390580510725
203935,Marcus Smart,2023-24,MEM,604.845,0.0,0.0,0.32023267753346774,0.4235341885718467,0.0,0.06424619257267956,0.19198694132200608,0.0
1631109,Mark Williams,2023-24,CHA,508.39166666666665,0.5501973048256461,0.3268303829873817,0.0,0.0,0.0,0.0,0.12297231218697205,0.0
1628365,Markelle Fultz,2023-24,ORL,909.9383333333334,0.0,0.0,0.12421540844040495,0.33290826038100824,0.35000998546819884,0.19286634571038797,0.0,0.0
1628963,Marvin Bagley III,2023-24,WAS,1053.3516666666667,0.0069965064902270235,0.5170141181952742,0.0,0.0,0.297039858906185,0.011520980477075176,0.1035261400597282,0.06390239587151031
203486,Mason Plumlee,2023-24,LAC,673.9266666666666,0.4889648009463719,0.0,0.0,0.0,0.45443228402634894,0.0,0.05660291502727905,0.0
1629680,Matisse Thybulle,2023-24,POR,1487.3833333333334,0.0,0.0,0.5630230806892182,0.06321912370940042,0.033637843111285363,0.0,0.0,0.3401199524900961
1630346,Matt Ryan,2023-24,NOP,390.385,0.0,0.0,0.03270172845032769,0.0,0.07695786016967884,0.08804342903891134,0.0,0.802296982341082
1631108,Max Christie,2023-24,LAL,944.3183333333334,0.025847571287296856,0.0,0.019814965676249106,0.1608849296666184,0.2099506002055388,0.1623100975836465,0.0,0.4211918355806504
1629622,Max Strus,2023-24,CLE,2239.175,0.04651310099905146,0.03541049645589382,0.1152341516774167,0.14698971262331567,0.04894924177050831,0.0,0.06767399378222452,0.5392293026915895
1628467,Maxi Kleber,2023-24,DAL,871.4116666666666,0.16197715694131057,0.0,0.05145483942228105,0.0,0.16886648407663452,0.03822130596277647,0.0,0.5794802135969973
1629008,Michael Porter Jr.,2023-24,DEN,2564.605,0.0,0.19754451452165797,0.0,0.0,0.0,0.3088425705846285,0.0,0.49361291489371356
1628969,Mikal Bridges,2023-24,BKN,2854.24,0.0,0.0,0.01613684590673319,0.08728282474077366,0.14647257459889623,0.18343179204257426,0.24319235855703522,0.32348360415398747
201144,Mike Conley,2023-24,MIN,2193.4583333333335,0.0,0.0,0.19059511681829092,0.24525641163663464,0.0,0.06643652325758492,0.22699839245370623,0.2707135558337833
203488,Mike Muscala,2023-24,OKC,600.18,0.1041443557714814,0.0,0.0,0.15990229928190272,0.11215824604594662,0.050127415531662355,0.0,0.573667683369007
1628970,Miles Bridges,2023-24,CHA,2581.116666666667,0.008813338167849282,0.15251294197752926,0.0,0.12515885042811217,0.11554727936335343,0.13825549538140008,0.17369693366504996,0.2860151610167057
1630540,Miles McBride,2023-24,NYK,1327.74,0.0,0.0,0.18461390355167354,0.05455901511875496,0.015629764859848388,0.2663916434572868,0.00988393807092307,0.46892173494151335
1629011,Mitchell Robinson,2023-24,NYK,768.11,0.8692107315040831,0.0,0.13078926849591685,0.0,0.0,0.0,0.0,0.0
1628964,Mo Bamba,2023-24,PHI,740.3516666666667,0.2680410355223533,0.4060606844629282,0.06182126995736502,0.0,0.0,0.0,0.0,0.2640770100573534
1628420,Monte Morris,2023-24,MIN,476.04333333333335,0.0,0.0,0.12236896084293357,0.12610673434024222,0.0,0.48622944414416647,0.0,0.26529486067265773
1629021,Moritz Wagner,2023-24,ORL,1414.7366666666667,0.0,0.5049977730943233,0.004417596017656502,0.0,0.23712551731980944,0.0,0.16526606854665646,0.08819304502155424
1630541,Moses Moody,2023-24,GSW,1155.885,0.0,0.18611385937102753,0.13025300133569262,0.06587592935495695,0.09265809505119049,0.11337615223814951,0.06012670634689483,0.351596256302088
1626167,Myles Turner,2023-24,IND,2076.4366666666665,0.012602863820457106,0.5302299543474686,0.0,0.0,0.0,0.11777860595072144,0.09564093116494332,0.24374764471640947
1630230,Naji Marshall,2023-24,NOP,1257.1233333333332,0.0,0.0,0.19164450035155742,0.19330715106999602,0.35476607095845175,0.050462628109822924,0.07747548109999816,0.13234416841017366
1629642,Nassir Little,2023-24,PHX,458.28333333333336,0.023623781238177547,0.0771456052847441,0.05997364100029001,0.02037465036869157,0.23835091864337166,0.010389435142774102,0.0,0.5701419683219511
1641877,Nathan Mensah,2023-24,CHA,306.64166666666665,0.5825328182195079,0.0,0.0,0.4174671817804922,0.0,0.0,0.0,0.0
1629675,Naz Reid,2023-24,MIN,1963.8283333333334,0.0,0.34529521453885903,0.07891168813448342,0.0,0.07751984177298196,0.0,0.1533738958379253,0.34489935971575025
1629674,Neemias Queta,2023-24,BOS,333.21666666666664,0.41538015143288576,0.4653564559293655,0.0,0.0,0.0,0.0,0.11926339263774866,0.0
1629651,Nic Claxton,2023-24,BKN,2115.6633333333334,0.03833150711576199,0.47987068738817545,0.0,0.0,0.48179780549606255,0.0,0.0,0.0
1630208,Nick Richards,2023-24,CHA,1758.7366666666667,0.6158618986058759,0.24345274797150843,0.0,0.0,0.023171682666224925,0.0407379545720409,0.011343082242602564,0.06543263394174717
1641733,Nick Smith Jr.,2023-24,CHA,728.71,0.0,0.0,0.0,0.3365553515584822,0.0,0.33331568185994026,0.0,0.3301289665815774
1629638,Nickeil Alexander-Walker,2023-24,MIN,1920.9183333333333,0.0,0.0,0.1943251271538042,0.12037538294418869,0.17350433254904357,0.06477851639293482,0.015146155494405783,0.4318704854656229
201587,Nicolas Batum,2023-24,PHI,1529.5866666666666,0.0,0.0,0.21365882365924782,0.0,0.2192518795669446,0.0,0.0,0.5670892967738077
203999,Nikola Jokić,2023-24,DEN,2736.5333333333333,0.0,0.40206118132745544,0.0,0.0,0.0,0.0,0.5979388186725444,0.0
1631107,Nikola Jović,2023-24,MIA,896.2366666666667,0.0,0.2076185994354279,0.07254561485945128,0.06621125082912611,0.11563706835307873,0.0,0.09903089857734809,0.4389565679455678
202696,Nikola Vučević,2023-24,CHI,2609.5016666666666,0.0,0.41400327732315156,0.0,0.08206242227642338,0.0,0.2168606733583366,0.07421465902388942,0.2128589680181991
1641730,Noah Clowney,2023-24,BKN,369.85833333333335,0.06696170365216832,0.22886422860290587,0.07603691292994634,0.0,0.39535479505654647,0.0,0.0,0.23278235975843295
1626181,Norman Powell,2023-24,LAC,1990.3783333333333,0.0,0.10222535815480088,0.012787590971773921,0.0,0.1376221943385561,0.17548411437032085,0.07250624683857458,0.49937449532597367
1628384,OG Anunoby,2023-24,NYK,1702.035,0.0,0.05529648603423772,0.2312202531926015,0.0,0.27103223679095556,0.08314673176462103,0.019743409922441692,0.3395608822951425
1630167,Obi Toppin,2023-24,IND,1730.6016666666667,0.0,0.3717140098090813,0.06304502015054408,0.0,0.14018185431035596,0.0,0.028821877510309766,0.39623723821970896
1630534,Ochai Agbaji,2023-24,TOR,1641.6116666666667,0.059275156435638895,0.0,0.09178139266139304,0.2242807074503606,0.2589309500858853,0.0,0.0,0.36573179336672235
1641765,Olivier-Maxence Prosper,2023-24,DAL,336.21166666666664,0.10642131092976731,0.0,0.0039024713547277214,0.0,0.4101177284002452,0.06224192007054396,0.0,0.4173165692447157
1630209,Omer Yurtseven,2023-24,UTA,545.1016666666667,0.0,0.4099133026230931,0.0,0.23485789157478923,0.35522880580211774,0.0,0.0,0.0
1630168,Onyeka Okongwu,2023-24,ATL,1404.7366666666667,0.004687985332145195,0.3682558187549874,0.0094311024970231,0.0,0.5170482081906349,0.0,0.0,0.10057688522520959
1631115,Orlando Robinson,2023-24,MIA,303.69,0.05664349814251101,0.47137838003911203,0.0,0.33818810949140976,0.1041386435926399,0.006563681148459931,0.02308768758586734,0.0
1629052,Oshae Brissett,2023-24,BOS,630.165,0.1702742243111774,0.005159879392386144,0.10096411227937868,0.02976365292311687,0.4242700907083123,0.023894350654540746,0.01672381826477814,0.22894987146630977
1631172,Ousmane Dieng,2023-24,OKC,364.9533333333333,0.03307410650166599,0.049533509905183355,0.04880954251881313,0.11462845889445268,0.17215549377023864,0.01950822844560622,0.0,0.56229065996404
200782,P.J. Tucker,2023-24,LAC,486.31333333333333,0.0,0.0,0.1736454949337481,0.0758534913407713,0.34514068142169413,0.0,0.0,0.40536033230378654
1629023,P.J. Washington,2023-24,DAL,2220.6783333333333,0.0149910228633488,0.21830734987708922,0.08266401415777093,0.11634709199301252,0.11222506901461007,0.0,0.027731605401001783,0.4277338466931668
1631094,Paolo Banchero,2023-24,ORL,2798.701666666667,0.13050697667991062,0.03806311261570292,0.0,0.15598953547144428,0.0,0.28569769806772394,0.38974267716521827,0.0
1627783,Pascal Siakam,2023-24,IND,2657.8883333333333,0.0,0.20995107071596206,0.0,0.032938602359064525,0.2510465215059491,0.1397369987991659,0.29398775719531606,0.07233904942454235
1626192,Pat Connaughton,2023-24,MIL,1676.28,0.022115340614019943,0.0,0.10974825182298624,0.0880933346619793,0.19792782383189853,0.0,0.0,0.582115249069116
1631116,Patrick Baldwin Jr.,2023-24,WAS,493.5083333333333,0.17872979445744996,0.0018700951949083757,0.10053512408974666,0.049455977117203134,0.05969870339884779,0.016266855779170895,0.0,0.5934434499626732
201976,Patrick Beverley,2023-24,MIL,1462.5116666666668,0.018007255673789222,0.0770569511756912,0.0675755415627753,0.5171005522438736,0.07988636618362024,0.011013069023039081,0.09683268411069691,0.13252758002651432
1630172,Patrick Williams,2023-24,CHI,1174.085,0.11035742451830542,0.009810546761843713,0.12902695203286946,0.10021289654440887,0.10246584691239034,0.24859054368439013,0.0,0.29953578954579213
201988,Patty Mills,2023-24,MIA,415.315,0.0,0.0,0.17177809511733927,0.2996951321748734,0.0,0.17974527217234318,0.0,0.3487815005354442
202331,Paul George,2023-24,LAC,2501.766666666667,0.0,0.020597694562392726,0.12549653085705678,0.0,0.0,0.33959133037243233,0.30539569739953193,0.2089187468085863
1630194,Paul Reed,2023-24,PHI,1589.5016666666668,0.0976381043524575,0.4776927651061077,0.11751679957021191,0.10073027445842223,0.08285619196349833,0.12148365216127642,0.0,0.0020822123880260114
1630202,Payton Pritchard,2023-24,BOS,1825.7333333333333,0.0,0.0,0.01618074563054922,0.2085568163236171,0.0,0.15828019334281554,0.17156562590517402,0.4454166187978442
1631212,Peyton Watson,2023-24,DEN,1487.8366666666666,0.1129420027505959,0.1710960378436738,0.0787131716929063,0.006355482238836433,0.24179558567161047,0.06124666409962146,0.0,0.3278510557027555
1630173,Precious Achiuwa,2023-24,NYK,1623.7533333333333,0.16140599473545011,0.20709923301996616,0.08142875979917008,0.12160635694307637,0.32679729720034434,0.0,0.0,0.10166235830199298
1629656,Quentin Grimes,2023-24,DET,1024.9433333333334,0.0,0.0,0.16085622841198174,0.007660692008835607,0.09818054631961504,0.04859229064917234,0.0,0.6847102426103954
1629628,RJ Barrett,2023-24,TOR,1838.1333333333334,0.0,0.12429807743454174,0.0,0.08340620874023989,0.3536925149943249,0.0,0.2639854436866716,0.1746177551442218
1641712,Rayan Rupert,2023-24,POR,633.225,0.02733065488706431,0.0,0.0,0.6366540195563796,0.13503085880836566,0.0,0.0,0.20098446674819054
203493,Reggie Bullock Jr.,2023-24,HOU,417.47333333333336,0.0,0.0,0.12319227638091253,0.0,0.1281696848892199,0.0,0.0,0.7486380387298674
202704,Reggie Jackson,2023-24,DEN,1816.82,0.0,0.0,0.0,0.5470134009718,0.0,0.26913815848921574,0.08160664520133765,0.10224179533764673
1626158,Richaun Holmes,2023-24,WAS,554.11,0.07703569412683807,0.2829089561572744,0.0,0.03029047998722185,0.6097648697286657,0.0,0.0,0.0
203496,Robert Covington,2023-24,PHI,488.415,0.03814299728894762,0.18701840663475713,0.5251190061272831,0.0,0.0,0.0,0.0,0.24971958994901214
1626220,Royce O'Neale,2023-24,PHX,1954.2416666666666,0.030680687720149556,0.05568322423712392,0.15076402960855298,0.09640190302821604,0.0,0.0,0.019801675176213014,0.6466684802297444
203497,Rudy Gobert,2023-24,MIN,2593.1133333333332,0.7262557622829293,0.18780869664298885,0.0,0.0,0.0,0.0,0.08593554107408186,0.0
1629060,Rui Hachimura,2023-24,LAL,1825.4933333333333,0.0,0.18669876296997767,0.0,0.0,0.25482819638703474,0.19547242874809004,0.0,0.3630006118948976
201566,Russell Westbrook,2023-24,LAC,1528.8166666666666,0.04969940005986745,0.0,0.1210524239721483,0.3392938705772645,0.21066530245926068,0.0,0.279289002931459,0.0
1630180,Saddiq Bey,2023-24,ATL,2061.6583333333333,0.030676373957287256,0.0,0.05698702861758951,0.0,0.3633243915746335,0.0,0.0810692867566845,0.46794291909380525
1630573,Sam Hauser,2023-24,BOS,1740.585,0.0,0.08521201946496633,0.06001639484316231,0.0,0.0,0.0,0.03573574835482068,0.8190358373370507
1630241,Sam Merrill,2023-24,CLE,1068.9183333333333,0.0,0.0,0.009697036405123604,0.0,0.0,0.0,0.09474657771644512,0.8955563858784313
1630572,Sandro Mamukelashvili,2023-24,SAS,450.9583333333333,0.024045313175187082,0.2884875988199909,0.0,0.05730949731312251,0.194273690978172,0.0,0.08251157654393614,0.35337232316959133
1630583,Santi Aldama,2023-24,MEM,1618.0566666666666,0.0073384782351546395,0.26664514387051247,0.03619388658248395,0.03402430047953845,0.11134863737240314,0.0,0.08056999178563487,0.4638795616742724
1628426,Sasha Vezenkov,2023-24,SAC,511.0733333333333,0.0,0.15293494295279245,0.1540643635202803,0.0,0.1043171737401382,0.0,0.0,0.5886835197867891
1630703,Scoot Henderson,2023-24,POR,1765.3933333333334,0.036942186924920815,0.0,0.0,0.5727574862006696,0.0,0.18389119869116954,0.2064091281832402,0.0
1630567,Scottie Barnes,2023-24,TOR,2094.2483333333334,0.0,0.3379289481155757,0.02821450750474419,0.23329399510965815,0.0,0.07948092965572215,0.3179326918595454,0.0031489277547543807
1630590,Scotty Pippen Jr.,2023-24,MEM,526.8283333333334,0.05857140960265517,0.0,0.30622809320060385,0.31399525306576226,0.0,0.019937850185866638,0.3012673939451122,0.0
203552,Seth Curry,2023-24,CHA,615.4133333333333,0.0,0.0,0.0584020162959973,0.12647477943356555,0.0,0.5059712577324975,0.0,0.30915194653793954
1631101,Shaedon Sharpe,2023-24,POR,1059.0183333333334,0.13925901124540344,0.0,0.0,0.2858438636148363,0.0,0.2276369732629492,0.11026320452153474,0.23699694735527643
1628983,Shai Gilgeous-Alexander,2023-24,OKC,2552.6866666666665,0.03452974690177307,0.05460009103057774,0.006037015594378839,0.0,0.0,0.18464329518321257,0.7201898512900577,0.0
1629003,Shake Milton,2023-24,NYK,581.16,0.04581522306203225,0.001155162026213013,0.052785180867175534,0.3672900880888692,0.15573139785748374,0.22597117562079047,0.0011019965213605728,0.1501497759560752
1631323,Simone Fontecchio,2023-24,DET,1643.8933333333334,0.0,0.05798620309633965,0.11402067700271605,0.0,0.25303529082375376,0.0,0.033411056828871626,0.5415467722483189
1630219,Skylar Mays,2023-24,LAL,433.27166666666665,0.0,0.0,0.10187957926537464,0.6213456689081712,0.0,0.1758081323161665,0.10096661951028787,0.0
203915,Spencer Dinwiddie,2023-24,LAL,2152.4083333333333,0.027616484136343506,0.0,0.0,0.4356402463485638,0.026936201710385577,0.048371370819683915,0.19405327156036487,0.2673824254246584
1630649,Stanley Umude,2023-24,DET,307.12166666666667,0.0,0.03174879574751183,0.13317633952349234,0.0,0.34432016801277276,0.013982521707863373,0.03301284485058745,0.44375933015777225
201939,Stephen Curry,2023-24,GSW,2421.5383333333334,0.0,0.0,0.0,0.03132090390117567,0.0,0.03964907968161963,0.5787042493781807,0.35032576703902407
1629004,Svi Mykhailiuk,2023-24,BOS,413.16333333333336,0.0,0.0,0.08422530286326446,0.0,0.056534159864318,0.018887321688715243,0.040740002871409275,0.799613212712293
204456,T.J. McConnell,2023-24,IND,1290.9766666666667,0.0,0.09159647961016491,0.00180208320398723,0.4192368506381973,0.0,0.10015796781230642,0.38720661873534407,0.0
1629659,Talen Horton-Tucker,2023-24,UTA,1008.6983333333334,0.0,0.052819060943765234,0.08237776020812161,0.5401257420806649,0.0,0.05402355798841553,0.2706538787790327,0.0
1631106,Tari Eason,2023-24,HOU,480.105,0.06474605121170417,0.30228799342049867,0.31970424002485026,0.033421346232784366,0.08135335539011435,0.13441197040866323,0.027506860108353282,0.03656818320303158
1627752,Taurean Prince,2023-24,LAL,2107.6216666666664,0.0,0.007126772215283886,0.110844747485609,0.02811669562343021,0.25112503364274014,0.0068274215557172415,0.0,0.5959593294772196
1641707,Taylor Hendricks,2023-24,UTA,856.4316666666666,0.0,0.0900042931336072,0.16970310640084332,0.0,0.2941361661787574,0.0,0.0,0.4461564342867921
1629611,Terance Mann,2023-24,LAC,1872.8916666666667,0.0,0.06699852876003964,0.06854434168189377,0.006555064943524222,0.36637671020074974,0.06307760033069779,4.714322331980815e-05,0.428400610859775
1626179,Terry Rozier,2023-24,MIA,2040.3816666666667,0.0,0.0,0.0,0.33727541816032386,0.007811633269539759,0.22180003242516846,0.3340582192651528,0.09905469687981511
201152,Thaddeus Young,2023-24,PHX,439.50166666666667,0.0,0.2931749670248263,0.19226930287035762,0.12485603511540275,0.3896996949894133,0.0,0.0,0.0
1628418,Thomas Bryant,2023-24,MIA,441.365,0.00921606204326949,0.5760932498294965,0.0,0.0,0.19657502518098285,0.06564446728672109,0.05010853372691846,0.10236266193261162
203501,Tim Hardaway Jr.,2023-24,DAL,2120.3283333333334,0.0,0.0,0.0,0.0,0.019842117841606374,0.3239120538557404,0.030877770764119652,0.6253680575385335
202699,Tobias Harris,2023-24,PHI,2367.78,0.0,0.2768826874623696,1.8971773360321022e-05,0.10885118541385305,0.06627735231597108,0.24136459735727667,0.12620232702358164,0.18040287865358764
1628470,Torrey Craig,2023-24,CHI,1048.6016666666667,0.0419916306086342,0.0,0.15304492309746165,0.03873681229116122,0.2663470086546228,0.0,0.0,0.49987962534811997
1641787,Tosan Evbuomwan,2023-24,DET,366.5783333333333,0.0,0.013454870067294402,0.04339853577265845,0.0,0.5932808102999895,0.0,0.0,0.3498657838600577
1641739,Toumani Camara,2023-24,POR,1739.32,0.09026692917351486,0.015986518767011786,0.19036347622465633,0.254945328924393,0.30773566862774615,0.0,0.0,0.14070207828267792
1629027,Trae Young,2023-24,ATL,1941.7133333333334,0.0,0.0,0.0,0.31699569362818103,0.0,0.035279320946643745,0.6477249854251753,0.0
1631218,Trayce Jackson-Davis,2023-24,GSW,1130.4516666666666,0.48081685218048276,0.4216761255315762,0.0,0.0,0.0,0.0,0.09750702228794111,0.0
1630200,Tre Jones,2023-24,SAS,2138.18,0.0,0.02998492170603328,0.0992291208570085,0.5185841446015681,0.17891197659542,0.021951976444918156,0.15133785979505196,0.0
1630544,Tre Mann,2023-24,CHA,987.0983333333334,0.015340993293191009,0.0,0.1833521564838408,0.5230236139584652,0.0,0.10411735230090509,0.17416588396359792,0.0
1630570,Trendon Watford,2023-24,BKN,856.52,0.0,0.3126840990011456,0.0,0.2658778876205537,0.23518160385093106,0.0,0.1862564095273697,0.0
1630235,Trent Forrest,2023-24,ATL,413.76166666666666,0.0,0.01776169222155886,0.0,0.7952880715379096,0.1522794772353156,0.03467075900521597,0.0,0.0
1641998,Trey Jemison III,2023-24,MEM,573.985,0.5993417244536831,0.006955276373148361,0.0,0.36088788744193034,0.0,0.0328151117312382,0.0,0.0
1626168,Trey Lyles,2023-24,SAC,1158.2183333333332,0.02077828101360883,0.10847948102821293,0.003265260598408796,0.0,0.2024782817746765,0.0,0.01641572271572655,0.6485829728693664
1630530,Trey Murphy III,2023-24,NOP,1690.265,0.0,0.1633999464805972,0.06623841073884687,0.0,0.0,0.0,0.16136594902809184,0.6089956937524642
202684,Tristan Thompson,2023-24,CLE,548.9166666666666,0.6634166638390447,0.005700893147199099,0.0,0.28147440856014283,0.001971152080568777,0.0,0.04743688237304452,0.0
1628972,Troy Brown Jr.,2023-24,DET,826.5116666666667,0.017943943341158227,0.0,0.08112927238475923,0.24333975392679086,0.0976267265942678,0.12122118711942656,0.0,0.4387391166335974
1629639,Tyler Herro,2023-24,MIA,1407.105,0.0,0.0,0.0,0.18854318710255635,0.0,0.25293775492674236,0.31314463983929247,0.24537441813140878
1630169,Tyrese Haliburton,2023-24,IND,2223.5383333333334,0.0,0.0,0.0357882813244306,0.2510407394319729,0.0,0.01840107629570795,0.6082396601817804,0.08653024276610793
1630178,Tyrese Maxey,2023-24,PHI,2625.806666666667,0.0,0.0534739586981803,0.0,0.18960737177219295,0.0,0.10480987924400433,0.45705552227218055,0.19505326801344192
1626145,Tyus Jones,2023-24,WAS,1932.6666666666667,0.0,0.018187358707955206,0.029569961815915792,0.5180211703231056,0.0,0.17306408177271224,0.17766420706108163,0.08349322031922954
203995,Vasilije Micic,2023-24,CHA,1175.73,0.06524344186053702,0.0,0.0,0.6848101147606575,0.0,0.11646804855031252,0.12877896669512298,0.004699428133370021
1641705,Victor Wembanyama,2023-24,SAS,2106.235,0.16869783274628394,0.41033432903222755,0.012631917960249973,0.0,0.0,0.0,0.4083359202612385,0.0
1631246,Vince Williams Jr.,2023-24,MEM,1436.53,0.12060669635503829,0.0,0.16086691872578043,0.19644013920269585,0.1500574302689834,0.0,0.11861725546740215,0.2534115599800998
1630249,Vít Krejčí,2023-24,ATL,541.32,0.0,0.05934827783317743,0.08882792607576181,0.1778381316131102,0.09634514124891176,0.0,0.0,0.5776405232290388
1631117,Walker Kessler,2023-24,UTA,1493.1066666666666,0.11345395515671891,0.3852388559870129,0.0,0.0,0.5013071888562683,0.0,0.0,0.0
1628976,Wendell Carter Jr.,2023-24,ORL,1406.3033333333333,0.012609362987699112,0.29643375091024293,0.03492699780863539,0.0,0.2711770261444549,0.0,0.09916231395148312,0.2856905481974845
202083,Wesley Matthews,2023-24,ATL,412.87,0.04460693779971942,0.0,0.17428750002237925,0.0,0.12358554828197278,0.02707640911122884,0.0,0.6304436047846997
1630214,Xavier Tillman,2023-24,BOS,974.555,0.02326561573001735,0.10625316037518255,0.283771444675412,0.1660983985574786,0.38844652012386965,0.0,0.0,0.03216486053803983
1629139,Yuta Watanabe,2023-24,MEM,464.37333333333333,0.0040751813286733435,0.0,0.06080070603797774,0.23941362592287882,0.14098228098497634,0.0,0.0,0.554728205725494
1628380,Zach Collins,2023-24,SAS,1525.7283333333332,0.006763183549150409,0.4281154758193601,0.0,0.28079054883727733,0.010589521618498953,0.04976758476953979,0.11940518737481748,0.10456849803135597
203897,Zach LaVine,2023-24,CHI,871.8616666666667,0.12660316415261785,0.0,0.0,0.1227974258545151,0.0,0.25393572840751705,0.22191744950551687,0.274746232079833
1630192,Zeke Nnaji,2023-24,DEN,576.12,0.3109468343447191,0.1478357184025522,0.03553877796727263,0.08053908900911627,0.3079962684786818,0.0,0.0,0.11714331179765787
1630533,Ziaire Williams,2023-24,MEM,1037.6816666666666,0.07120237073605691,0.0,0.09382823769716617,0.194244954214389,0.1450078550461204,0.16284146104767402,0.0,0.33287512125859336
1629627,Zion Williamson,2023-24,NOP,2206.923333333333,0.021074801101147612,0.48087342319687115,0.0,0.07202461685262104,0.06354426455464264,0.0,0.36248289429471764,0.0
1630639,A.J. Lawson,2024-25,TOR,486.41,0.09555511343198797,0.0,0.04535998402944997,0.0,0.2674158814112018,0.0,0.09577090464383864,0.4958981164835217
1631260,AJ Green,2024-25,MIL,1659.1416666666667,0.0,0.0,0.0679963047819799,0.0,0.0,0.0936336898937486,0.0,0.8383700053242715
1642358,AJ Johnson,2024-25,WAS,638.3866666666667,0.152854926163732,0.0,0.0,0.6425665681254045,0.0,0.0,0.0,0.20457850571086353
203932,Aaron Gordon,2024-25,DEN,1446.7166666666667,0.0,0.1768382646728474,0.0,0.0,0.31065804790699136,0.02868060307658004,0.21783173421081223,0.2659913501327689
1628988,Aaron Holiday,2024-25,HOU,792.2466666666667,0.0,0.0,0.06555086173000137,0.19922605908153923,0.0,0.13523570502352414,0.11712452020106782,0.4828628539638674
1630174,Aaron Nesmith,2024-25,IND,1121.6183333333333,0.0,0.1835986380704544,0.08845562630124967,0.0,0.14421751447560258,0.09089421704589253,0.033094930365238834,0.459739073741562
1630598,Aaron Wiggins,2024-25,OKC,1743.9,0.0,0.1170855031829085,0.12142519467439808,0.011193592097415566,0.1936353301331471,0.0,0.16265438615437092,0.39400599375775985
1641737,Adem Bona,2024-25,PHI,904.55,0.565454791266182,0.0,0.0,0.0,0.43454520873381786,0.0,0.0,0.0
1642349,Ajay Mitchell,2024-25,OKC,596.955,0.0,0.19226588504425732,0.12781996651392039,0.4631800204705259,0.052384403144426724,0.126593489502531,0.010278748919459822,0.027477486404878754
201143,Al Horford,2024-25,BOS,1658.5733333333333,0.0,0.23795668878174353,0.061166519320725955,0.0,0.0688848684381685,0.0,0.0,0.631991923459362
202692,Alec Burks,2024-25,MIA,863.4966666666667,0.0,0.0,0.16811284708276178,0.0,0.13955843043571511,0.05442505989888209,0.06743447175289434,0.5704691908297467
1627936,Alex Caruso,2024-25,OKC,1040.635,0.0,0.13592337543599822,0.5812649503864713,0.0,0.04891159267070817,0.05782844270996786,0.012808423757260459,0.16326321503959387
203458,Alex Len,2024-25,LAL,379.79,0.18458419324556924,0.2656386706088593,0.0,0.31101298249865017,0.2387641536469213,0.0,0.0,0.0
1642259,Alex Sarr,2024-25,WAS,1814.2283333333332,0.07924440753203742,0.30156318134914184,0.0,0.2060478274685449,0.0,0.06747472233509168,0.06155837233765764,0.28411148897752647
1630578,Alperen Sengun,2024-25,HOU,2394.9766666666665,0.0,0.5025030695774877,0.0,0.09649505653465446,0.0,0.05438480786805456,0.3466170660198033,0.0
1641708,Amen Thompson,2024-25,HOU,2225.415,0.0,0.2727381293136218,0.16819389243080127,0.0,0.3529653324025931,0.06388726673073963,0.14221537912224422,0.0
1629599,Amir Coffey,2024-25,LAC,1747.54,0.0,0.06213551177700078,0.01786211501210965,0.0,0.18210541522226625,0.2375737450960816,0.0,0.5003232128925418
203083,Andre Drummond,2024-25,PHI,750.6333333333333,0.38456531287217754,0.06041343052746694,0.16013250278375105,0.054298606752285976,0.3215931145248673,0.0,0.018997032539451168,0.0
1641748,Andre Jackson Jr.,2024-25,MIL,980.0916666666667,0.046635277566265905,0.0,0.18563393234552253,0.3718573733184277,0.3186905466236378,0.0,0.0,0.07718287014614603
1629614,Andrew Nembhard,2024-25,IND,1880.67,0.023642552926438267,0.0,0.1072466399801375,0.4343457653389694,0.0,0.43476504175445496,0.0,0.0
203952,Andrew Wiggins,2024-25,MIA,1842.2816666666668,0.0,0.24217621562603694,0.025664528997336924,0.1136970657339408,0.01628317201260936,0.1564396458983443,0.2110519468252533,0.23468742490647837
1629014,Anfernee Simons,2024-25,POR,2291.8983333333335,0.0,0.0,0.0,0.3176283847647126,0.0,0.09756939117311324,0.3473291351167114,0.23747308894546265
1641710,Anthony Black,2024-25,ORL,1886.9933333333333,0.09677002667658172,0.0,0.1657737487212499,0.3835790418004513,0.1637120464122339,0.09422199345943445,0.09594314293004876,0.0
203076,Anthony Davis,2024-25,DAL,1705.4883333333332,0.022236058495625943,0.43788423303613333,0.0,0.0,0.0,0.22554102527227646,0.31433868319596425,0.0
1630162,Anthony Edwards,2024-25,MIN,2871.0583333333334,0.07925438591573519,0.0,0.007013288580288709,0.02854990882231572,0.0,0.07866104404768554,0.5590259158266112,0.2474954568073636
1630264,Anthony Gill,2024-25,WAS,397.575,0.1076617514628175,0.08577402686699878,0.005382640366015281,0.06224485129465896,0.4196191992548626,0.00907801894495615,0.0,0.3102395118096906
1641810,Antonio Reeves,2024-25,NOP,659.5583333333333,0.0014931159649897233,0.0,0.09334035606828836,0.08508092738582261,0.17965330433619017,0.11860084704146312,0.03610753091769192,0.48572391828555417
1641709,Ausar Thompson,2024-25,DET,1327.715,0.015595076913809645,0.29191160374653335,0.36094994765218563,0.0018794567490683775,0.2950514222635758,0.0,0.03461249267482724,0.0
1630559,Austin Reaves,2024-25,LAL,2550.0916666666667,0.00686309741814972,0.08431659602620553,0.02489150572822288,0.18582469736916074,0.01162589722198672,0.030137835464692644,0.4089719051152457,0.24736846565633608
1630245,Ayo Dosunmu,2024-25,CHI,1393.8833333333334,0.0,0.08541508286377772,0.09524256026285002,0.2657116894286321,0.23417372632812303,0.0,0.06735001765712495,0.2521069234594922
1628389,Bam Adebayo,2024-25,MIA,2673.693333333333,0.0,0.29743758126922887,0.0,0.12693930584570473,0.07893519185814282,0.24821276138002643,0.24534165298142138,0.0031335066654757282
1631248,Baylor Scheierman,2024-25,BOS,383.8883333333333,0.0,0.0,0.22231575109634205,0.19163979371455372,0.011906382628549272,0.05675077760121801,0.0,0.5173872949593369
1641767,Ben Sheppard,2024-25,IND,1229.5583333333334,0.0,0.0,0.1383316424021423,0.0,0.26056188504196015,0.0,0.0,0.6011064725558977
1627732,Ben Simmons,2024-25,LAC,1119.6933333333334,0.38910922875650594,0.0,0.0,0.566197382084517,0.0,0.0,0.044693389158977116,0.0
1631097,Bennedict Mathurin,2024-25,IND,2149.318333333333,0.20235466973159266,0.0,0.0,0.1234148320590245,0.09788449643292288,0.22089112837448713,0.10616394491905633,0.2492909284829165
1641731,Bilal Coulibaly,2024-25,WAS,1947.5066666666667,0.15687041850964326,0.01607481353208965,0.10292523492588303,0.38132936201677076,0.04104301479664521,0.1941283442161526,0.0,0.10762881200281549
202687,Bismack Biyombo,2024-25,SAS,527.4866666666667,0.4987771743426661,0.15528597658141455,0.0,0.3459368490759194,0.0,0.0,0.0,0.0
1631104,Blake Wesley,2024-25,SAS,683.1066666666667,0.12527631854120627,0.0,0.23351957716948796,0.46255864970929444,0.09111284369576113,0.08753261088425017,0.0,0.0
1626171,Bobby Portis,2024-25,MIL,1243.68,0.0,0.2247966477212181,0.0,0.0042847731685165535,0.05823858720050666,0.39341856933385594,0.09933599010177248,0.21992543247413016
203992,Bogdan Bogdanović,2024-25,LAC,1347.6583333333333,0.007904278368540543,0.0,0.07022075140544752,0.23469778296529228,0.0,0.17146085840700065,0.09161162692070537,0.4241047019330136
1629626,Bol Bol,2024-25,PHX,448.48333333333335,0.0,0.27581766100611627,0.0,0.0,0.11524394426863525,0.20304244978931268,0.037308253312019896,0.3685876916239158
203078,Bradley Beal,2024-25,PHX,1702.1916666666666,0.0,0.04673575256031333,0.08063570593919413,0.18440492140030273,0.03735664831177514,0.37760200157781637,0.08807679868862357,0.18518817152197461
1641764,Brandin Podziemski,2024-25,GSW,1716.3483333333334,0.0,0.06357229628638318,0.1202883943490462,0.222697141424447,0.0,0.19658659377685667,0.13061525288955475,0.2662403212737122
1630527,Brandon Boston,2024-25,NOP,992.78,0.060709694037807314,0.0,0.20417322219846334,0.15929228900413656,0.0,0.4267717621208897,0.0,0.14905303263870318
1629634,Brandon Clarke,2024-25,MEM,1206.8616666666667,0.0,0.3238902042872041,0.13618643339613914,0.0,0.5219978343598539,0.017925527956802884,0.0,0.0
1627742,Brandon Ingram,2024-25,TOR,595.0316666666666,0.0,0.0,0.0,0.21189657294370326,0.0,0.3804483868717899,0.3394962025413878,0.0681588376431191
1641706,Brandon Miller,2024-25,CHA,923.565,0.0190717024164822,0.0217791426902119,0.011936798768316654,0.15788724806341048,0.0,0.01416342726482041,0.3595804615482232,0.41558121924853514
1630314,Brandon Williams,2024-25,DAL,487.13,0.03570615010769547,0.07252670418089946,0.1889450171629449,0.2905992390689324,0.06273842881694956,0.068041516735422,0.2814429439271563,0.0
1641729,Brice Sensabaugh,2024-25,UTA,1431.9216666666666,0.0,0.0,0.08638425142135578,0.13401586182521688,0.10847190136493055,0.02259850076946664,0.20553023199145137,0.44299925262757867
201572,Brook Lopez,2024-25,MIL,2546.07,0.0,0.4414815242173926,0.0,0.0,0.0,0.07736116434335058,0.0,0.4811573114392568
1628971,Bruce Brown,2024-25,NOP,921.53,0.0,0.03325091845377418,0.09203541044686457,0.33874964400014884,0.29550030024878066,0.16137193535097097,0.0,0.07909179149946077
1642267,Bub Carrington,2024-25,WAS,2457.79,0.012673003401275354,0.0,0.0,0.42992045934726864,0.0,0.28925064127755445,0.0,0.26815589597390166
1627741,Buddy Hield,2024-25,GSW,1862.9883333333332,0.0,0.0,0.1594460468311663,0.08582192764636694,0.030254764370314813,0.06184733165831297,0.10344716838101449,0.5591827611128245
203468,CJ McCollum,2024-25,NOP,1831.6783333333333,0.003297223879755026,0.0,0.0,0.2243037140181121,0.0,0.18430673685915383,0.28529696530486603,0.30279535993811285
1630595,Cade Cunningham,2024-25,DET,2451.9466666666667,0.0,0.05221095122719489,0.0,0.31538170392380155,0.0,0.0,0.6324073448490034,0.0
1631216,Caleb Houstan,2024-25,ORL,787.99,0.0,0.0,0.09733340986776301,0.0,0.0795460413441572,0.0,0.0,0.8231205487880797
1628997,Caleb Martin,2024-25,DAL,1218.0166666666667,0.06301608307657353,0.0,0.13021867671112236,0.2860323738951921,0.1520743219516491,0.3423958778431292,0.0,0.026262666522333833
1629629,Cam Reddish,2024-25,LAL,589.45,0.01354282355703008,0.0,0.33248498207166144,0.18511184269927536,0.27359088002710436,0.0,0.0,0.1952694716449288
1630560,Cam Thomas,2024-25,BKN,781.1566666666666,0.005361683541926708,0.0,0.0,0.09896449058930355,0.0,0.23531525908090456,0.4431635431794805,0.21719502360838464
1641715,Cam Whitmore,2024-25,HOU,826.585,0.043393335996763385,0.07886946999992266,0.08994978971684041,0.08717437410665851,0.11804200257495369,0.04846389501383523,0.2184289007244541,0.3156782318665722
1629661,Cameron Johnson,2024-25,BKN,1799.7633333333333,0.0,0.13140301903661972,0.049094139573484935,0.0,0.04050633094492043,0.10589861433225879,0.29654073244044693,0.3765571636722692
1626166,Cameron Payne,2024-25,NYK,1089.9766666666667,0.0,0.0,0.059395243319623606,0.4141944483635067,0.0,0.0,0.2791694413278789,0.24724086698899087
1627747,Caris LeVert,2024-25,ATL,1596.1066666666666,0.07096867717534061,0.04938151439060728,0.11599257614458634,0.014015640913255582,0.1553152953822263,0.03438439680801535,0.1889474109748556,0.37099448821111297
1641717,Cason Wallace,2024-25,OKC,1876.26,0.0,0.059651662676786,0.4056040747441262,0.23487688418350317,0.16401792128235154,0.030313842353306877,0.0,0.10553561475992619
1629646,Charles Bassey,2024-25,SAS,375.515,0.6187806141430382,0.25928134202418346,0.0,0.046372474887280205,0.0,0.0,0.07556556894549833,0.0
1631096,Chet Holmgren,2024-25,OKC,876.54,0.10663098392015993,0.529230136708326,0.0,0.0,0.0,0.04005198629660623,0.1584456951187081,0.1656411979561996
1628449,Chris Boucher,2024-25,TOR,862.3,0.0,0.23597894790171572,0.030733129726278865,0.0,0.17000732741256502,0.0,0.16830057743012952,0.39498001752931094
101108,Chris Paul,2024-25,SAS,2292.1633333333334,0.0,0.0,0.14375675514475195,0.3606212516052706,0.0,0.20843136669448406,0.20310541835484447,0.08408520820064906
1631128,Christian Braun,2024-25,DEN,2675.383333333333,0.0,0.36545871491241316,0.0686347772586921,0.0,0.19858265778674947,0.0819716990665367,0.0081263399886685,0.27722581098694005
1631132,Christian Koloko,2024-25,LAL,341.53,0.5116577373847907,0.0,0.0,0.05103899846234264,0.37775757894867634,0.0,0.0,0.05954568520419037
203991,Clint Capela,2024-25,ATL,1176.4333333333334,0.5405647040039869,0.28348790895578213,0.0,0.12975682597308813,0.0,0.0,0.034161174431605185,0.012029386635537558
1629632,Coby White,2024-25,CHI,2450.2566666666667,0.04779960006955538,0.0,0.0,0.20246273436302206,0.04236854770964455,0.0447136529071219,0.3239457389680788,0.3387097259825774
1628998,Cody Martin,2024-25,PHX,1173.2066666666667,0.03436800154174288,0.0,0.26606343508112457,0.1632675081537719,0.19786483826705786,0.16071872266012613,0.0,0.17771749429617656
1642262,Cody Williams,2024-25,UTA,1059.6116666666667,0.0,0.0,0.0,0.5039367125138698,0.24358127054819004,0.0,0.0,0.25248201693794003
1641732,Colby Jones,2024-25,WAS,514.6483333333333,0.06387589508111151,0.13314895185134326,0.18928878423516068,0.3370750297709868,0.004346801047743491,0.1775089392761438,0.0,0.09475559873751048
1630175,Cole Anthony,2024-25,MEM,1234.1133333333332,0.01846344381869558,0.0,0.04072682770233379,0.4835683615013418,0.0,0.1204584536728149,0.3367829133048139,0.0
1630658,Colin Castleton,2024-25,TOR,431.99,0.098142861480426,0.12863385973541164,0.0,0.2860592860706828,0.48716399271347943,0.0,0.0,0.0
1631221,Collin Gillespie,2024-25,PHX,461.2183333333333,0.0,0.0,0.19154056569171607,0.2690503206007865,0.0,0.0875988160572879,0.23873938754920004,0.21307091010100954
1629012,Collin Sexton,2024-25,UTA,1757.76,0.0,0.0,0.0,0.4036547878978513,0.09578150978482709,0.1342647131533363,0.36629898916398546,0.0
1630557,Corey Kispert,2024-25,WAS,1601.5233333333333,0.0,0.16340842403407516,0.0,0.10211019273817717,0.0748026305013846,0.0011818281112914307,0.014625445764222759,0.6438714788508489
202709,Cory Joseph,2024-25,ORL,611.7333333333333,0.0,0.0,0.2138880428250685,0.25327283135502315,0.0,0.12331921914068966,0.0,0.4095199066792188
1641854,Craig Porter Jr.,2024-25,CLE,513.265,0.13830252374422952,0.10026142575405451,0.1398602554323177,0.41680523751527027,0.005307900251530149,0.08128601573299998,0.0817719790730784,0.03640466249651931
1626156,D'Angelo Russell,2024-25,BKN,1480.4183333333333,0.0,0.0,0.04247198263220716,0.3969962297316914,0.0,0.03183547260853708,0.35587465174854044,0.17282166327902387
1629610,DaQuan Jeffries,2024-25,CHA,1071.5066666666667,0.0013168240674222098,0.0,0.06529166997694572,0.1954703096635628,0.2705237779437058,0.0,0.0,0.46739741834836346
1630625,Dalano Banton,2024-25,POR,1119.945,0.07366535123587171,0.058183895279064264,0.08206384319689669,0.38328655840571596,0.02412864649677741,0.020899173111769902,0.2345180743134429,0.12325445796046107
1631207,Dalen Terry,2024-25,CHI,987.1783333333333,0.07629661968863416,0.0,0.20939960573408375,0.30770162084957087,0.2858974905210689,0.0,0.0,0.12070466320664221
1642261,Dalton Knecht,2024-25,LAL,1493.795,0.0,0.07741574807289632,0.0,0.0,0.1153225519550669,0.09358237522731266,0.04627950589717279,0.6673998188475513
203081,Damian Lillard,2024-25,MIL,2092.87,0.0,0.0,0.015823294310354712,0.11425889029078481,0.0,0.1712924996341514,0.5300273421344962,0.168597973630213
1641878,Damion Baugh,2024-25,CHA,370.48833333333334,0.001141218427573219,0.0,0.07129566851167243,0.8915429959051643,0.03602011715558993,0.0,0.0,0.0
1629655,Daniel Gafford,2024-25,DAL,1226.095,0.5274406951881101,0.3405926716630193,0.0,0.0,0.0,0.0,0.13196663314887044,0.0
1628464,Daniel Theis,2024-25,NOP,621.2416666666667,0.09796930249853346,0.3189961002968828,0.0031955604585057447,0.28032012342518664,0.09949205570654347,0.036625007466936595,0.0,0.1634018501474114
203957,Dante Exum,2024-25,DAL,372.31,0.0,0.03858249740053391,0.06671323392860529,0.3632282956088838,0.16462030334887107,0.06025175317302246,0.16030700650375415,0.14629691003632941
1629636,Darius Garland,2024-25,CLE,2300.77,0.0,0.0,0.035559124295535004,0.29919735801012853,0.0,0.10664850821328546,0.48561669353412734,0.07297831594692383
1631223,David Roddy,2024-25,HOU,409.75333333333333,0.06905785893289608,0.16633958585252132,0.11144873479256003,0.2737643435206133,0.06893554633049592,0.0,0.010982000737225285,0.2994719298336881
1630558,Davion Mitchell,2024-25,MIA,2027.3133333333333,0.04857698214512498,0.0,0.13334633432375823,0.7212863986999243,0.0,0.043464396294982534,0.05332588853620985,0.0
1630549,Day'Ron Sharpe,2024-25,BKN,907.4583333333334,0.09067029778821037,0.49594060235178195,0.1289136826181342,0.11788106368404276,0.09779140171590499,0.0,0.06880295184192556,0.0
1628368,De'Aaron Fox,2024-25,SAS,2241.1366666666668,0.004305141842301986,0.0,0.022876402963788716,0.33435091508590126,0.0,0.2767700921369652,0.3616974479710428,0.0
1629631,De'Andre Hunter,2024-25,CLE,1740.015,0.0,0.11426890558813504,0.018403671633626908,0.0,0.13703526782704153,0.1257441457690764,0.20216156765948126,0.4023864415226388
201599,DeAndre Jordan,2024-25,DEN,690.7016666666667,0.7016763454960211,0.16832448522714932,0.0,0.12999916927682972,0.0,0.0,0.0,0.0
201942,DeMar DeRozan,2024-25,SAC,2767.615,0.0,0.0,0.0,0.0,0.0,0.9366318728234778,0.018624636974298968,0.0447434902022231
1629731,Dean Wade,2024-25,CLE,1252.4516666666666,0.0,0.003302898858508172,0.18001656206289002,0.0,0.13219952712300773,0.0,0.0,0.6844810119555941
1629028,Deandre Ayton,2024-25,POR,1205.62,0.0,0.36818360587498095,0.0,0.0,0.266298312516846,0.3251052412976609,0.0,0.040412840310512184
1627749,Dejounte Murray,2024-25,NOP,1012.1483333333333,0.0,0.0,0.11172823418610946,0.3532314607936419,0.0,0.19951753086296217,0.3355227741572865,0.0
1626153,Delon Wright,2024-25,NYK,634.4966666666667,0.06069557977889182,0.0,0.3003276978940833,0.48070407499792606,0.0,0.0,0.0,0.15827264732909885
1630166,Deni Avdija,2024-25,POR,2161.1483333333335,0.11249126033376249,0.15464941690302597,0.054636587958740816,0.10715379754442393,0.1268771427368173,0.0,0.32787495385964444,0.11631684066358519
203471,Dennis Schröder,2024-25,DET,2104.778333333333,0.0,0.0,0.0,0.5000134893557463,0.0,0.22729282107645105,0.21161249409718585,0.061081195470616974
1641726,Dereck Lively II,2024-25,DAL,832.7366666666667,0.443771859411162,0.4895723540130531,0.0,0.0,0.0,0.0,0.06665578657578483,0.0
1627884,Derrick Jones Jr.,2024-25,LAC,1873.3883333333333,0.0,0.15514669102576206,0.23424172771236404,0.0,0.352806859367702,0.0,0.0,0.2578047218941717
1628401,Derrick White,2024-25,BOS,2573.615,0.0,0.056207946514024464,0.10772201021381163,0.02882616551234716,0.0,0.0,0.28767254561742234,0.5195713321423944
1630217,Desmond Bane,2024-25,ORL,2205.225,0.0,0.13403626652029776,0.042161547443790935,0.2676327165556615,0.02003679798202088,0.07208812710247113,0.3631154164617937,0.10092912793396411
1626164,Devin Booker,2024-25,PHX,2794.9666666666667,0.0,0.0,0.0,0.13247163333800727,0.0,0.35791860838076905,0.38161431403047963,0.12799544425074408
1642269,Devin Carter,2024-25,SAC,395.9433333333333,0.10333685226904991,0.0,0.19992897612763585,0.4815491615633109,0.0,0.09733118430625948,0.05896729317228338,0.0588865325614605
1630170,Devin Vassell,2024-25,SAS,1983.185,0.004848419829870766,0.0,0.1252445387964555,0.052744819121115755,0.0,0.36309513879794125,0.08403477463183026,0.37003230882278637
1628415,Dillon Brooks,2024-25,HOU,2388.2616666666668,0.0,0.06293180383254625,0.014577604821154227,0.11554137471914076,0.013609692505284777,0.25427590831725183,0.028202309821385208,0.510861305983237
1641794,Dillon Jones,2024-25,OKC,551.4933333333333,0.1588508148063711,0.0,0.0414486977333637,0.48394428644608495,0.06158490661968306,0.0,0.0,0.25417129439449726
1627734,Domantas Sabonis,2024-25,SAC,2428.8766666666666,0.0,0.5955624819950329,0.0,0.07238172299797299,0.048932077495163845,0.0,0.28312371751183013,0.0
1631230,Dominick Barlow,2024-25,ATL,374.99833333333333,0.0,0.1376893841686175,0.018187988069225544,0.0,0.558879656145084,0.07148314336071854,0.0,0.21375982825635434
1642270,Donovan Clingan,2024-25,POR,1323.6433333333334,0.3022593562852264,0.5857382406729659,0.0,0.011969776779458973,0.0,0.0,0.0,0.1000326262623488
1628378,Donovan Mitchell,2024-25,CLE,2232.0333333333333,0.0,0.0,0.04565722758406214,0.13394146266235157,0.0,0.14350993228403933,0.5289236596079983,0.14796771786154875
1628978,Donte DiVincenzo,2024-25,MIN,1605.7333333333333,0.0,0.0,0.24905914154054487,0.13766932733148501,0.0,0.0,0.179828141488606,0.4334433896393641
1627827,Dorian Finney-Smith,2024-25,LAL,1818.6783333333333,0.0,0.017522059936114873,0.19527564311812798,0.0,0.16792486115453548,0.0,0.0,0.6192774357912215
203926,Doug McDermott,2024-25,SAC,341.65166666666664,0.0,0.0,0.0,0.0,0.04010601776615465,0.0005979657308676122,0.0,0.9592960165029777
203110,Draymond Green,2024-25,GSW,1983.3066666666666,0.07480317583701834,0.09371348666650775,0.28084904259262844,0.404304622558649,0.097071494316729,0.0,0.04925817802846746,0.0
1629234,Drew Eubanks,2024-25,LAC,746.01,0.07541741834977282,0.324768872501614,0.0,0.0,0.5998137091486131,0.0,0.0,0.0
1629130,Duncan Robinson,2024-25,MIA,1785.595,0.0,0.06789937015585105,0.030990961474673152,0.08351716745304008,0.02197661977051828,0.0,0.0988411526178987,0.6967747285280187
1641871,Duop Reath,2024-25,POR,469.4266666666667,0.04866687904327814,0.1653642568249515,0.05938134660638609,0.0,0.04742833008773337,0.0,0.06243409164239003,0.6167250957952608
203939,Dwight Powell,2024-25,DAL,550.86,0.24403844147037382,0.08889881272165286,0.10264218197779802,0.0,0.5644205638301755,0.0,0.0,0.0
1630700,Dyson Daniels,2024-25,ATL,2571.17,0.0,0.26322959785386585,0.41746670838874705,0.25417681839982587,0.0,0.00892709065276086,0.05619978470480036,0.0
203901,Elfrid Payton,2024-25,NOP,510.805,0.0,0.0,0.0,1.0,0.0,0.0,0.0,0.0
201569,Eric Gordon,2024-25,PHI,768.4916666666667,0.04335944336385153,0.056858273661005085,0.17003294113132775,0.11608944012356812,0.0,0.03374885039403614,0.0,0.5799110513262113
1630596,Evan Mobley,2024-25,CLE,2166.555,0.022267877263642537,0.6191748340584908,0.0,0.0,0.02976603032869962,0.0,0.23871220376391536,0.09007905458525162
1630532,Franz Wagner,2024-25,ORL,2023.3066666666666,0.0,0.20038618125839905,0.0,0.21508234970153187,0.058050071801989615,0.003932921880431841,0.5101993766187863,0.012349098738861395
1627832,Fred VanVleet,2024-25,HOU,2111.298333333333,0.0,0.0,0.15878865268027392,0.25847985066199924,0.0,0.23272997828238254,0.13435020967538217,0.2156513086999623
1641713,GG Jackson,2024-25,MEM,458.615,0.09210852114103313,0.0,0.0,0.3433725729480878,0.18830215253738009,0.0,0.0675827608770898,0.30863399249640916
1629216,Gabe Vincent,2024-25,LAL,1527.265,0.0,0.0,0.11376650423203465,0.18672619451843606,0.0,0.07531031007858732,0.0,0.6241969911709422
1629726,Garrison Mathews,2024-25,ATL,829.5083333333333,0.023343775599266814,0.0,0.1488703636224904,0.0,0.06382725440378977,0.023573803943446225,0.02769663292863205,0.7126881695023748
203914,Gary Harris,2024-25,ORL,710.71,0.0,0.0,0.19251237112084318,0.17290740928186216,0.08233860096138546,0.0,0.0,0.5522416186359094
1627780,Gary Payton II,2024-25,GSW,927.1766666666666,0.0,0.21609339573023353,0.3291874477933429,0.12186582017625816,0.2922874630119883,0.0,0.0,0.04056587328817698
1629018,Gary Trent Jr.,2024-25,MIL,1893.395,0.0,0.0,0.12630798141250535,0.0,0.0,0.2831953491921552,0.0,0.5904966693953394
1627777,Georges Niang,2024-25,ATL,1697.2333333333333,0.0,0.06733208736916868,0.014511408496953171,0.0,0.21426010203085738,0.0,0.03834850779942807,0.6655478943035926
203507,Giannis Antetokounmpo,2024-25,MIL,2288.63,0.165616270686178,0.13818187809381746,0.0,0.0,0.0,0.10090091539435937,0.5953009358256452,0.0
1629048,Goga Bitadze,2024-25,ORL,1429.4616666666666,0.1734499300369867,0.6944270220698943,0.07923994019457217,0.009123379441230272,0.037964096480544246,0.005795631776772376,0.0,0.0
1641711,Gradey Dick,2024-25,TOR,1587.3733333333332,0.06316579410392657,0.0,0.06542637336843597,0.0383829720209939,0.11976869096777282,0.1867904176364532,0.03151292900085648,0.4949528229015612
1629684,Grant Williams,2024-25,CHA,479.025,0.10431151330503091,0.11848638383141899,0.18286932259269217,0.08498705172716789,0.018629100260958466,0.06562711025826624,0.0,0.42508951802446543
1628960,Grayson Allen,2024-25,PHX,1543.705,0.0,0.05296994104087824,0.18039057777844963,0.0,0.08686005704116902,0.0,0.11142378931715756,0.5683556348223457
1627824,Guerschon Yabusele,2024-25,PHI,1894.7366666666667,0.025515638620997406,0.2587418740398837,0.09265572671003593,0.007670994344705451,0.13690572427369282,0.0,0.04568183771368221,0.43282820429700236
1630611,Gui Santos,2024-25,GSW,761.5233333333333,0.05376816391410047,0.09193296081208069,0.15562666173782141,0.2428398799153575,0.15566376871613324,0.0,0.0,0.3001685649045068
203084,Harrison Barnes,2024-25,SAS,2230.0633333333335,0.0,0.06625028313895302,4.161017151068865e-05,0.0,0.364942636450446,0.0,0.09436364396774706,0.47440182627134303
1629312,Haywood Highsmith,2024-25,MIA,1818.3266666666666,0.0,0.007959904746369246,0.2353326831253461,0.08555539329823342,0.24358277950711685,0.0,0.0,0.4275692393229342
1630529,Herbert Jones,2024-25,NOP,648.1316666666667,0.002250821678461533,0.0,0.32645429111149504,0.2792704480720392,0.2902940509559765,0.04381761887032979,0.0,0.05791276931169798
1641816,Hunter Tyson,2024-25,DEN,399.935,0.11599264498768819,0.0,0.02203627865524855,0.09282694993671804,0.15371573541839878,0.03791528843407639,0.0,0.57751310256787
1630193,Immanuel Quickley,2024-25,TOR,917.7533333333333,0.0,0.0,0.0,0.30041827269260285,0.0,0.055030969328348556,0.43492673935542364,0.20962401862362492
1642403,Isaac Jones,2024-25,SAC,303.86333333333334,0.0,0.3557842388195268,0.008887608990769584,0.0,0.6353281521897035,0.0,0.0,0.0
1630171,Isaac Okoro,2024-25,CLE,1053.2033333333334,0.0,0.0,0.17244282455663987,0.0,0.35187073540745056,0.0,0.0,0.4756864400359096
1642268,Isaiah Collier,2024-25,UTA,1839.1066666666666,0.09674466911708521,0.0,0.0,0.7849538526003463,0.0,0.0,0.11830147828256848,0.0
1628392,Isaiah Hartenstein,2024-25,OKC,1589.6416666666667,0.32847354847264837,0.327592663128049,0.0,0.09186035468967886,0.0,0.025719873335484165,0.22635356037413948,0.0
1630198,Isaiah Joe,2024-25,OKC,1603.9766666666667,0.0,0.0,0.10034822107645473,0.0,0.0,0.06891049553193476,0.08135969260878297,0.7493815907828276
1630191,Isaiah Stewart,2024-25,DET,1433.8483333333334,0.09108240182211425,0.6779126185180168,0.0,0.18483627518918833,0.0,0.0,0.0,0.04616870447068057
1627826,Ivica Zubac,2024-25,LAC,2624.1766666666667,0.270710999326147,0.5244240123266025,0.0,0.007867477265232776,0.0,0.0,0.19699751108201768,0.0
1629630,Ja Morant,2024-25,MEM,1519.11,0.0020332883241389443,0.0,0.0,0.37254841752168955,0.03850276538543849,0.0,0.5869155287687331,0.0
1642266,Ja'Kobe Walter,2024-25,TOR,1103.235,0.05088954990761091,0.01844110283440879,0.14225754598174614,0.2214691459402924,0.12975487028878951,0.11549719121093657,0.0,0.32169059383621573
1631095,Jabari Smith Jr.,2024-25,HOU,1715.5783333333334,0.03968123228835279,0.20150021146823074,0.0,0.0,0.05428272772474751,0.19627273059544115,0.0071999603586158836,0.5010631375646121
1631133,Jabari Walker,2024-25,POR,749.165,0.03415644746134225,0.1728976548775319,0.2091812826664227,0.014151133801494502,0.388621730075418,0.0,0.03412437474781655,0.14686737636997407
1630702,Jaden Hardy,2024-25,DAL,907.4383333333334,0.008589226853382328,0.0,0.013475059806971133,0.39801680292206365,0.0,0.18735715681182,0.16519810598696924,0.22736364761879369
1631093,Jaden Ivey,2024-25,DET,898.0333333333333,0.055793679898373263,0.018103497020948243,0.016879337815976815,0.35586438835356676,0.09902186569389913,0.04442190372380032,0.3365418344763287,0.07337349301710683
1630183,Jaden McDaniels,2024-25,MIN,2614.41,0.0,0.15035412088663383,0.20030269185411653,0.03508641570937236,0.26279510259615585,0.12177662183550503,0.009966736166541763,0.21971831095167457
1630531,Jaden Springer,2024-25,UTA,365.175,0.03172228250209579,0.0,0.3854273198752921,0.30473427384390733,0.1708962014710289,0.053437315417441886,0.0,0.05378260689023394
1630256,Jae'Sean Tate,2024-25,HOU,588.11,0.0,0.025422447928328547,0.2497996933099102,0.24070996925294727,0.48406788950881396,0.0,0.0,0.0
1631170,Jaime Jaquez Jr.,2024-25,MIA,1368.38,0.0011755004778133008,0.07521082535469356,0.13951096601945268,0.31720268573685884,0.334456573116639,0.0,0.1324434492945426,0.0
1631222,Jake LaRavia,2024-25,SAC,1349.28,0.05015643184773726,0.19760385282096987,0.2238130640510781,0.30649344106701204,0.09424318884496613,0.0,0.05374282620805433,0.07394719516018235
1627751,Jakob Poeltl,2024-25,TOR,1685.7483333333332,0.0,0.6826729566556496,0.03495840734590247,0.0,0.15877691053931303,0.023153402926957504,0.10043832253217733,0.0
1628973,Jalen Brunson,2024-25,NYK,2300.7083333333335,0.0,0.0,0.0,0.23457401678134784,0.0,0.22662424876784942,0.5388017344508026,0.0
1631105,Jalen Duren,2024-25,DET,2033.5483333333334,0.5397449441564193,0.3158952385596678,0.0,0.0,0.0,0.0,0.14435981728391284,0.0
1630224,Jalen Green,2024-25,HOU,2697.11,0.05858706425572347,0.0,0.0,0.2260941525409842,0.0,0.19460938069036496,0.3192763878952316,0.20143301461769572
1641720,Jalen Hood-Schifino,2024-25,PHI,314.6766666666667,0.050856533526598406,0.0,0.0,0.40260257592390286,0.0,0.3770546625288028,0.0,0.169486228020696
1630552,Jalen Johnson,2024-25,ATL,1284.1783333333333,0.0,0.34894135281893046,0.09623686947143885,0.21454188014389855,0.12985725341554757,0.0,0.2104226441501846,0.0
1629618,Jalen Pickett,2024-25,DEN,666.19,0.0,0.0,0.05674148517080131,0.35861028091568875,0.0,0.2790708767465212,0.0,0.30557735716698886
1630188,Jalen Smith,2024-25,CHI,962.3833333333333,0.0758019913480917,0.35259691622246536,0.0,0.0,0.0,0.0,0.09834523065095224,0.4732558617784907
1630591,Jalen Suggs,2024-25,ORL,1002.4533333333334,0.0203960349275652,0.0,0.18485357648277675,0.2973458004781267,0.0,0.10045549612822126,0.3546983526801318,0.04225073930317836
1631114,Jalen Williams,2024-25,OKC,2236.673333333333,0.0,0.13039451434563787,0.10967209547195222,0.1329964990886665,0.0,0.25282400333115,0.37411288776259344,0.0
1630592,Jalen Wilson,2024-25,BKN,2031.3866666666668,0.02177911682692793,0.0109161077945355,0.0058034144436684655,0.21469134497736553,0.20858644389942868,0.0,0.044305759189485164,0.4939178128685888
1631288,Jamal Cain,2024-25,NOP,501.79833333333335,0.0564517585043566,0.0,0.22468328580223954,0.09075239890258592,0.2710095231182715,0.06527248029368134,0.0075790432113296636,0.2842515101675354
1627750,Jamal Murray,2024-25,DEN,2418.346666666667,0.012900553482804352,0.0,0.030682149022820952,0.1838358075284667,0.0,0.43093230582187014,0.2366277643261249,0.10502141981791305
1642347,Jamal Shead,2024-25,TOR,1466.825,0.0,0.0,0.06832985252015483,0.7551616529996912,0.0,0.06767863054811137,0.10882986393204265,0.0
201935,James Harden,2024-25,LAC,2789.036666666667,0.06465633175702569,0.0,0.028025646421451944,0.25447132879457796,0.0,0.0,0.6528466930269444,0.0
1642419,Jamison Battle,2024-25,TOR,1041.6783333333333,0.0,0.0,0.012540999780254027,0.0,0.16948286931777992,0.024700294252955963,0.0,0.79327583664901
1641716,Jarace Walker,2024-25,IND,1186.62,0.05508475589113496,0.14886314499530398,0.21638471047471927,0.19247858080993246,0.021671396976829484,0.08026426197084424,0.02846978495859274,0.25678336392264284
1630215,Jared Butler,2024-25,PHI,1043.735,0.0,0.016746313523140006,0.03906558348933434,0.573758854188567,0.0,0.047113281544178466,0.32331596725478023,0.0
1642272,Jared McCain,2024-25,PHI,591.7916666666666,0.0,0.0,0.0,0.22034619728366003,0.06439224044282829,0.08064958708882974,0.3170037719715176,0.31760820321316435
1628991,Jaren Jackson Jr.,2024-25,MEM,2206.951666666667,0.0,0.41679612861169996,0.024912561254015912,0.03534994178071124,0.02421757945290733,0.044624287315995735,0.33905639956410644,0.11504310202056355
1629020,Jarred Vanderbilt,2024-25,LAL,580.8583333333333,0.1243632321252703,0.0,0.37338251117665283,0.0,0.5022542566980768,0.0,0.0,0.0
1628386,Jarrett Allen,2024-25,CLE,2296.0533333333333,0.35191741375282626,0.31876105798612386,0.0,0.0,0.18305852677173465,0.0,0.1462630014893152,0.0
1629750,Javonte Green,2024-25,CLE,1257.8333333333333,0.07385190239796871,0.0,0.3043460328459966,0.013210348952338183,0.29742542599197813,0.0,0.0,0.31116628981171846
1629637,Jaxson Hayes,2024-25,LAL,1092.6833333333334,0.503888031434465,0.2802822220311285,0.0,0.0,0.20629369319454657,0.0,0.009536053339860007,0.0
1630643,Jay Huff,2024-25,MEM,748.0316666666666,0.0,0.42557705680633057,0.012239370951798985,0.0,0.0,0.0,0.0664287281396353,0.49575484410223514
1627759,Jaylen Brown,2024-25,BOS,2157.9283333333333,0.009532154234139037,0.055885185406231865,0.0,0.26509342909476014,0.07425359793582266,0.17562448036415315,0.37362065090342333,0.04599050206146971
1641740,Jaylen Clark,2024-25,MIN,521.9933333333333,0.0,0.0,0.44659667108061457,0.0,0.33103529831088413,0.05610836208622543,0.0,0.16625966852227592
1642377,Jaylen Wells,2024-25,MEM,2043.4816666666666,0.0014737255496370903,0.0,0.028656670407935982,0.024301966139683894,0.24185145785721154,0.11949507730249752,0.018948788224764458,0.5652723145182694
1631119,Jaylin Williams,2024-25,OKC,784.055,0.0008714975749823078,0.28291351355283245,0.08898997193438361,0.0,0.0,0.0,0.13690652941264772,0.49031848752515395
1642281,Jaylon Tyson,2024-25,CLE,452.96,0.048545286105963634,0.0,0.06791761070384379,0.3823836688247764,0.2898909197764874,0.0,0.06553307161153217,0.14572944297739657
1628369,Jayson Tatum,2024-25,BOS,2623.8166666666666,0.09085086194716795,0.0,0.0,0.0012622658305372037,0.0061711707685773035,0.046206102199106064,0.624037818375209,0.23147178087940246
1630288,Jeff Dowtin Jr.,2024-25,PHI,620.77,0.04137807773042992,0.039973308574118,0.059492407122027365,0.23768726431202908,0.0,0.35821957684860023,0.13455235947134472,0.12869700594145053
201145,Jeff Green,2024-25,HOU,396.44666666666666,0.0,0.0,0.0,0.0,0.24037131975097234,0.08063212729395025,0.08483466723870535,0.5941618857163721
203924,Jerami Grant,2024-25,POR,1523.5866666666666,0.06991562837155164,0.0,0.06878902232922304,0.053908573761470506,0.17494969437641933,0.14630364138814586,0.06053524738164266,0.42559819239154706
1630526,Jeremiah Robinson-Earl,2024-25,NOP,1238.9,0.019704583288487926,0.0,0.1367454517889382,0.04091785249723012,0.411312905088007,0.010251408221783775,0.007152019976630494,0.37391577913892254
1631110,Jeremy Sochan,2024-25,SAS,1363.9683333333332,0.08866387738005714,0.26105481732259167,0.08085089954874256,0.09315225431274764,0.3098680013401929,0.0,0.05489099933268969,0.11151915076297846
1630579,Jericho Sims,2024-25,MIL,631.245,0.6809023945498138,0.0,0.0,0.31909760545018606,0.0,0.0,0.0,0.0
1641724,Jett Howard,2024-25,ORL,701.1066666666667,0.01876647719817749,0.0,0.0,0.27359298017529954,0.0,0.1108411712577964,0.0,0.5967993713687266
1628975,Jevon Carter,2024-25,CHI,320.5733333333333,0.0,0.0,0.11594060523584725,0.15865294064763097,0.0,0.05913686721392902,0.11154793275742175,0.554721654145171
202710,Jimmy Butler III,2024-25,GSW,1746.135,0.0,0.16224014389115887,0.07435403231289268,0.0,0.32864322831914444,0.10798720978137187,0.3267753856954322,0.0
1629111,Jock Landale,2024-25,HOU,500.0233333333333,0.025136895175793407,0.5195620073812552,0.0,0.13564626093674467,0.0,0.19217422268825293,0.0,0.12748061381795361
203954,Joel Embiid,2024-25,PHI,574.3933333333333,0.05676189279268214,0.15780681735136307,0.0,0.0,0.0,0.373803162936074,0.4116281269198807,0.0
1628381,John Collins,2024-25,UTA,1220.4916666666666,0.0,0.32436838909243726,0.03641909807228659,0.02890445251554526,0.2919816867244287,0.004223554366342197,0.2467293119549203,0.06737350727403976
1629723,John Konchar,2024-25,MEM,558.2233333333334,0.022403766641793357,0.0,0.39809594470597753,0.0,0.20194062846095098,0.0,0.0,0.3775596601912781
1642277,Johnny Furphy,2024-25,IND,379.49666666666667,0.11479065372867683,0.0,0.24604007362777172,0.0,0.2675324782686519,0.0,0.0,0.3716367943748994
1630548,Johnny Juzang,2024-25,UTA,1269.83,0.0,0.0,0.09982035332456803,0.005108710666647767,0.14829153240288073,0.10566975985852324,0.039125870428344305,0.6019837733190359
202685,Jonas Valančiūnas,2024-25,SAC,1523.7633333333333,0.0,0.5994207224703796,0.0,0.09869104452489026,0.0,0.185597586319292,0.11629064668543816,0.0
1628371,Jonathan Isaac,2024-25,ORL,1090.015,0.19674460883468153,0.0,0.33960647651414694,0.0,0.2224391860616678,0.12126375329533559,0.0,0.11994597529416816
1630228,Jonathan Kuminga,2024-25,GSW,1144.08,0.0,0.16018010872460842,0.0,0.1772661399754853,0.25031496618518323,0.060415319095594194,0.3101206744421777,0.0417027915769512
1642367,Jonathan Mogbo,2024-25,TOR,1285.655,0.11166072691368668,0.12416397667205722,0.1577793019283488,0.2803578130667052,0.29677005294011527,0.029268128479086906,0.0,0.0
203903,Jordan Clarkson,2024-25,UTA,962.47,0.0,0.0,0.0,0.47016456705407744,0.0,0.05330831383758584,0.3925907068354486,0.08393641227288821
1630692,Jordan Goodwin,2024-25,LAL,542.575,0.0,0.0,0.32798936853918975,0.32013889312769667,0.14544958064636754,0.1286450950348663,0.0,0.07777706265187981
1641722,Jordan Hawkins,2024-25,NOP,1320.5,0.04086527333677793,0.0,0.0,0.08301760755832872,0.0,0.30534033678531186,0.0,0.5707767823195814
1629162,Jordan McLaughlin,2024-25,SAS,314.27666666666664,0.0,0.0,0.2790582654500946,0.3673742918572532,0.0,0.11751970418000361,0.06708056401637323,0.16896717449627532
1641757,Jordan Miller,2024-25,LAC,420.31,0.022484458763423965,0.1755206935916042,0.12179709006905749,0.5193404904261878,0.13856598261561037,0.004675317379870099,0.017615967154246112,0.0
1629673,Jordan Poole,2024-25,WAS,2000.8866666666668,0.010571432267935709,0.0,0.08299890544030993,0.2326638052343831,0.0,0.0,0.45638805447649206,0.21737780258087916
1641775,Jordan Walsh,2024-25,BOS,403.00333333333333,0.06895097881498717,0.0,0.13175360571984138,0.3637313788511853,0.0903590824310285,0.0,0.0,0.3452049541829576
1630631,Jose Alvarado,2024-25,NOP,1365.9,0.0,0.0,0.2104307062817149,0.48215112757490036,0.0,0.0,0.19662980118312728,0.11078836496025754
1630581,Josh Giddey,2024-25,CHI,2116.641666666667,0.0,0.22524036493394264,0.06328626852735499,0.34227145199808373,0.06048078388815713,0.0,0.30872113065246143,0.0
1630182,Josh Green,2024-25,CHA,1887.5033333333333,0.0,0.0,0.19583516882714805,0.15719805973285075,0.26064112629585034,0.016326978048407312,0.0,0.3699986670957437
1628404,Josh Hart,2024-25,NYK,2896.83,0.057890734208774955,0.21560703026936517,0.17436819401160206,0.19500595726912637,0.11637238644131526,0.035210588988517096,0.13161549042242943,0.07392961838886956
1629006,Josh Okogie,2024-25,CHA,624.9783333333334,0.028560131824797184,0.027811968348581566,0.5340108236092824,0.0,0.31967986942867854,0.0,0.08993720678866038,0.0
201950,Jrue Holiday,2024-25,BOS,1896.0683333333334,0.0,0.06468678917438836,0.13577902378174578,0.2816528087013262,0.07886273039735102,0.04258506695862241,0.10268448443927038,0.29374909654729586
1630577,Julian Champagnie,2024-25,SAS,1932.1283333333333,0.01221514194442161,0.06382042182612876,0.13866913511569823,0.0,0.11218281335862433,0.0,0.02539842482343573,0.6477140629316913
1641763,Julian Phillips,2024-25,CHI,1122.905,0.0,0.0,0.15922506652066123,0.0,0.43920216353947816,0.0,0.0,0.4015727699398604
1631124,Julian Strawther,2024-25,DEN,1383.47,0.04794483606692626,0.103846650278617,0.024423221627782227,0.16852139726285237,0.0,0.10954167500027971,0.0,0.5457222197635424
203944,Julius Randle,2024-25,MIN,2225.5266666666666,0.0,0.1508211284784015,0.0,0.18784021591516897,0.19643807356942683,0.0,0.38763071251189707,0.07726986952510562
1630551,Justin Champagnie,2024-25,WAS,1340.5333333333333,0.02295448173377171,0.26328692976388074,0.25582029589772515,0.007931958166865823,0.13020460888738597,0.0,0.0013719884943736878,0.3184297370559969
1642348,Justin Edwards,2024-25,PHI,1154.72,0.04638787980911887,0.040328576831445036,0.1354245426540533,0.17011242982284772,0.05195017165629308,0.1563406167436498,0.0,0.3994557824825922
203994,Jusuf Nurkić,2024-25,CHA,1062.8266666666666,0.1212173026998179,0.4548275411769149,0.03268343111655289,0.3026302951168925,0.0,0.0,0.08864142988982197,0.0
1630231,KJ Martin,2024-25,UTA,911.4983333333333,0.0,0.09714540137243259,0.038547112007051756,0.0049611140426928935,0.6063573512824878,0.0,0.0,0.252989021295335
1642354,KJ Simpson,2024-25,CHA,842.0833333333334,0.034015010233710584,0.0,0.058483287549249675,0.7529704072189254,0.0,0.1006486285514311,0.053882666446683165,0.0
1630539,Kai Jones,2024-25,DAL,468.37,0.0,0.8647767261711466,0.021947646332237596,0.0,0.0,0.08346212645910177,0.0,0.029813501037514033
1626157,Karl-Anthony Towns,2024-25,NYK,2516.72,0.0,0.534718651548892,0.0,0.0,0.03499399978266671,0.0,0.34000479008554074,0.09028255858290056
1631255,Karlo Matković,2024-25,NOP,790.585,0.018680397175853906,0.4137871855921696,0.07150276067153609,0.0,0.30512441715993144,0.0,0.0,0.1909052394005088
202695,Kawhi Leonard,2024-25,LAC,1179.9566666666667,0.0,0.08517250920176436,0.11231401181434875,0.0006999594388013612,0.0,0.36126285243113687,0.35492806887111017,0.08562259824283862
1630811,Keaton Wallace,2024-25,ATL,501.1666666666667,0.0,0.0,0.21334058795421768,0.4978955207558345,0.0,0.218611844926744,0.0384413682632784,0.03171067809992546
1631099,Keegan Murray,2024-25,SAC,2610.173333333333,0.0,0.2113797010194829,0.010635084277526264,0.008844205303742247,0.09482462863176663,0.08478421551300275,0.0,0.5895321652544793
1631232,Keion Brooks Jr.,2024-25,NOP,331.7816666666667,0.04942137337123568,0.1658911391923478,0.07084880421563948,0.0,0.22682465584458536,0.10163838158550774,0.0,0.3853756457906839
1642276,Kel'el Ware,2024-25,MIA,1422.4866666666667,0.020018369062175575,0.6870005059150057,0.0,0.0,0.015536876656610058,0.010580796941579906,0.0,0.2668634514246286
1629640,Keldon Johnson,2024-25,SAS,1837.9966666666667,0.0011359671353855256,0.198317527220098,0.009615519878996061,0.11101539081197163,0.2667757930358289,0.0,0.13112871155018307,0.2820110903675368
203482,Kelly Olynyk,2024-25,NOP,890.9983333333333,0.17198057534615435,0.22095680054146505,0.06053619267336494,0.2614234924055224,0.01890826339835608,0.10230569826649243,0.14714375694774035,0.01674522042090443
1626162,Kelly Oubre Jr.,2024-25,PHI,2078.19,0.008556262416449151,0.20908406157145443,0.15237299527367612,0.15510485601524804,0.19897200082085084,0.049748745600116065,0.04456643655454144,0.18159464174766393
1629026,Kenrich Williams,2024-25,OKC,1131.5383333333334,0.0,0.19528522462442544,0.1464367277937643,0.08623102813908104,0.06737330024858966,0.12212738785760358,0.0020108412210801453,0.38053549011545584
203484,Kentavious Caldwell-Pope,2024-25,MEM,2279.036666666667,0.0,0.0,0.22190536419906298,0.0,0.033585952630551835,0.304246360470016,0.0,0.44026232270036914
1631165,Keon Ellis,2024-25,SAC,1948.1916666666666,0.0,0.1020401432778183,0.4398302466303869,0.0,0.0,0.08083018991210844,0.0,0.37729942017968626
1630553,Keon Johnson,2024-25,BKN,1925.2016666666666,0.037336138750968056,0.0,0.15943393434360392,0.331931713131381,0.10420313255866533,0.03765247153693024,0.09083442390987348,0.23860818576857795
1630556,Kessler Edwards,2024-25,DAL,608.46,0.0,0.18903892578476406,0.12056378104047573,0.007552210099537675,0.3154823841420588,0.0,0.0,0.3673626989331637
201142,Kevin Durant,2024-25,PHX,2264.685,0.0,0.1512515783250491,0.0,0.0,0.0,0.3589644133268607,0.37777011339923305,0.11201389494885712
1628989,Kevin Huerter,2024-25,CHI,1678.9933333333333,0.0,0.08383044665801845,0.15926992278171803,0.12489043394568526,0.026663560412305602,0.053171099968245046,0.0069634834832638035,0.5452110527507638
1629645,Kevin Porter Jr.,2024-25,MIL,1482.02,0.05055931170220974,0.0,0.08121987914788814,0.2701203950539992,0.0,0.3461522456997247,0.25194816839617806,0.0
1626172,Kevon Looney,2024-25,GSW,1142.155,0.11708073942499066,0.3940181993084068,0.05585396921679719,0.07848946454002072,0.285331989314251,0.06922563819553366,0.0,0.0
1641718,Keyonte George,2024-25,UTA,2108.475,0.013253280138207015,0.0,0.0,0.45735383861650986,0.0,0.036989059477294035,0.3079585886805454,0.18444523308744357
203114,Khris Middleton,2024-25,WAS,843.1816666666666,0.0,0.0,0.07318466479228022,0.2282154011289587,0.0,0.4058189555265044,0.22519775829740987,0.0675832202548468
202691,Klay Thompson,2024-25,DAL,1964.5683333333334,0.0,0.0,0.04048813981287319,0.0,0.0,0.32425938996835063,0.03306486328137462,0.6021876069374015
1627739,Kris Dunn,2024-25,LAC,1782.9183333333333,0.0,0.0,0.4630690269722461,0.4165521488097171,0.09901615235686058,0.021362671861176293,0.0,0.0
1631200,Kris Murray,2024-25,POR,1040.3866666666668,0.09006047673836338,0.0,0.11714811547989411,0.28234611092514944,0.2942242350315867,0.0,0.0,0.21622106182500647
204001,Kristaps Porziņģis,2024-25,BOS,1209.9633333333334,0.0,0.42975547767463373,0.0,0.0,0.0,0.05784201377560878,0.27336129255534475,0.23904121599441264
203937,Kyle Anderson,2024-25,MIA,1002.0933333333334,0.0,0.2989159697741522,0.08390037373064017,0.2949970203981872,0.1380676517880186,0.13996729623737056,0.04415168807163126,0.0
1642271,Kyle Filipowski,2024-25,UTA,1521.54,0.0,0.28543618618164995,0.047368400346268484,0.1893155999079119,0.19793327314072914,0.0,0.12039370837714221,0.15955283204629825
1628398,Kyle Kuzma,2024-25,MIL,1936.415,0.07987275705344826,0.003505920693719352,0.0,0.3126422393124848,0.21594602361511694,0.049273431734423286,0.1292064435582031,0.2095531840326042
200768,Kyle Lowry,2024-25,PHI,659.4483333333334,0.0,0.0,0.30460262284937484,0.2594847924717168,0.0,0.06829321502158457,0.0,0.3676193696573239
202681,Kyrie Irving,2024-25,DAL,1803.7966666666666,0.0,0.048682186178361384,0.034787863079123134,0.20355513970906788,0.0,0.1948889447676316,0.41087486113854527,0.10721100512727057
1642273,Kyshawn George,2024-25,WAS,1802.1833333333334,0.12075012320812299,0.0,0.1384748727899176,0.2879083407659687,0.0,0.005397289759583371,0.0,0.44746937347640753
1630163,LaMelo Ball,2024-25,CHA,1504.475,0.0,0.0,0.0,0.30983321008753884,0.0,0.0,0.6705440381294654,0.019622751782995808
1629013,Landry Shamet,2024-25,NYK,761.6,0.0,0.0,0.12089584136320952,0.0,0.11957005170675089,0.08448210061020035,0.0,0.6750520063198392
1626204,Larry Nance Jr.,2024-25,ATL,463.2266666666667,0.0,0.3355638790496224,0.17558524100437853,0.0,0.07960800043948803,0.008530037646271095,0.01259355995344272,0.3881192819067971
1628374,Lauri Markkanen,2024-25,UTA,1475.8433333333332,0.0,0.18072081128054837,0.0,0.0,0.1106198342465596,0.0,0.2023605628100452,0.506298791662847
2544,LeBron James,2024-25,LAL,2444.4466666666667,0.0,0.1626161109783431,0.0,0.17772149307729182,0.0,0.09226331283384094,0.567399083110524,0.0
1630322,Lindy Waters III,2024-25,DET,778.41,0.0,0.0,0.13298095817229252,0.06584498684091647,0.03658069214061686,0.07699693835142335,0.0,0.6875964244947509
1629022,Lonnie Walker IV,2024-25,PHI,476.7033333333333,0.04474883330741483,0.0,0.0,0.1365982157342077,0.0,0.14946468093651644,0.13919718026665967,0.5299910897552014
1628366,Lonzo Ball,2024-25,CHI,777.03,0.0,0.0,0.35008761192818505,0.14940365121418106,0.0,0.0,0.07685062195579091,0.42365811490184296
1629652,Luguentz Dort,2024-25,OKC,2073.3,0.0,0.08756987157470453,0.1936270045277875,0.0,0.00857527349767953,0.07684791181951833,0.0,0.6333799385803102
1629029,Luka Dončić,2024-25,LAL,1768.55,0.007598523006629539,0.0,0.06860113569099995,0.09633287145495334,0.0,0.03384902878829552,0.7936184410591217,0.0
1628379,Luke Kennard,2024-25,MEM,1471.6916666666666,0.0,0.021321035503861687,0.13737160424782743,0.14824485207676694,0.0,0.19616290066899017,0.0794613421690564,0.41743826533349726
1628436,Luke Kornet,2024-25,BOS,1361.06,0.4535438332907726,0.3323636128056379,0.0,0.0,0.14745594317844488,0.0,0.06296954015258546,0.00366707057255906
1631103,Malaki Branham,2024-25,SAS,426.555,0.0,0.04418960029397729,0.0,0.3098846318164976,0.04682173013306537,0.16342340110239734,0.1442808878696366,0.29139974878442587
1627763,Malcolm Brogdon,2024-25,WAS,564.0766666666667,0.056228198766651284,0.08876829472961181,0.0,0.3724519659723996,0.0,0.31244547698583347,0.1701060635455039,0.0
1627736,Malik Beasley,2024-25,DET,2282.9466666666667,0.0,0.0,0.08309529727776643,0.0,0.005932420662778355,0.09193867576677307,0.16903431774255281,0.6499992885501292
1628370,Malik Monk,2024-25,SAC,2054.11,0.0,0.04749665461837577,0.0,0.42147435443483705,0.0,0.09180370767965962,0.2836201539967632,0.15560512927036432
1631204,Marcus Sasser,2024-25,DET,810.7866666666666,0.0,0.0,0.151090547814561,0.335251882972417,0.0,0.19393635624669733,0.1793312765188791,0.1403899364474458
203935,Marcus Smart,2024-25,WAS,680.34,0.0,0.0,0.25228830683446374,0.5212023446610808,0.0,0.057203141189906645,0.16361693640577282,0.005689270908775844
1631109,Mark Williams,2024-25,CHA,1171.045,0.3828899360196682,0.34360917478813197,0.0,0.0,0.064281363454768,0.0,0.20921952573743194,0.0
203486,Mason Plumlee,2024-25,PHX,1300.045,0.5920624236558896,0.0,0.0,0.0,0.3681158283588258,0.0,0.0398217479852847,0.0
1641824,Matas Buzelis,2024-25,CHI,1511.295,0.06776243805823852,0.15243781590845276,0.026849593162208977,0.0,0.29896670458894925,0.0,0.006499233554325529,0.44748421472782496
1629680,Matisse Thybulle,2024-25,POR,312.2816666666667,0.0,0.0956418950185168,0.7683301613827456,0.04178766398309638,0.08546362473735226,0.0,0.008776654878289006,0.0
1631108,Max Christie,2024-25,DAL,2127.141666666667,0.024780789299660263,0.0,0.11962145743113212,0.12760113599217338,0.17020801938706834,0.17772959914598271,0.0,0.3800589987439833
1629622,Max Strus,2024-25,CLE,1272.725,0.0,0.05974168348891434,0.10583187107772594,0.0018758410177404945,0.07862561627389364,0.0,0.05532453956504354,0.6986004485766819
1628467,Maxi Kleber,2024-25,LAL,636.875,0.12010824195233072,0.0,0.0,0.3000824928958575,0.22796027107677105,0.0,0.0,0.35184899407504067
1641721,Maxwell Lewis,2024-25,BKN,327.68833333333333,0.0233839733123818,0.04384400866129415,0.04866201066137396,0.2771953415959739,0.217979565733864,0.08368934063956221,0.0,0.30524575939555004
1630695,Micah Potter,2024-25,UTA,705.165,0.03097516753587013,0.0,0.10706100210952774,0.06348632680265405,0.2811831910511983,0.0,0.0,0.5172943125007496
1629008,Michael Porter Jr.,2024-25,DEN,2593.2633333333333,0.0,0.29562654369614866,0.0,0.0,0.0,0.19924315027974854,0.041160193791127286,0.46397011223297563
1628969,Mikal Bridges,2024-25,NYK,3036.076666666667,0.0,0.04266261255593873,0.02292335008399948,0.07327043880123611,0.183766454479355,0.22015720750261517,0.07965608073350242,0.37756385584335317
201144,Mike Conley,2024-25,MIN,1755.85,0.0,0.0,0.2265515299780672,0.3214205098750252,0.0,0.07038697400257075,0.12172867373007729,0.25991231241425944
1628970,Miles Bridges,2024-25,CHA,2028.735,0.0,0.1769962427707629,0.0,0.1463453807864035,0.13296400712127468,0.0,0.34710909023738346,0.19658527908417522
1630540,Miles McBride,2024-25,NYK,1593.455,0.0,0.0,0.18103168760198585,0.1653419452229349,0.0,0.2749737345644702,0.020509139815341474,0.3581434927952676
1628964,Mo Bamba,2024-25,NOP,413.485,0.17814467410468382,0.3676678421207834,0.029342687422343777,0.0,0.0853251343839411,0.0,0.0,0.3395196619682478
1628420,Monte Morris,2024-25,PHX,570.77,0.0,0.0,0.08320414801140644,0.3213001202308738,0.07381495601478835,0.36044491663894895,0.0015881963537425668,0.15964766275023992
1629021,Moritz Wagner,2024-25,ORL,564.1566666666666,0.015002200882613344,0.4060964513659787,0.12797096209052247,0.0,0.17056126636829164,0.0,0.27308855394105286,0.007280565351541046
1630541,Moses Moody,2024-25,GSW,1649.15,0.0,0.060191761219245986,0.15497422242400155,0.0,0.18714490758667737,0.045096856159670705,0.05737100445353315,0.49522124815687113
1631243,Mouhamed Gueye,2024-25,ATL,532.7566666666667,0.11381311046831416,0.10906774995915312,0.2667418298488354,0.0,0.2672658001713837,0.0,0.0,0.2431115095523136
1631217,Moussa Diabaté,2024-25,CHA,1240.6333333333334,0.6068706784543776,0.0,0.038700833339513935,0.0659243947390791,0.24697212997562223,0.0,0.041531963491407246,0.0
1626167,Myles Turner,2024-25,IND,2173.6366666666668,0.051111074027094625,0.4138908757320588,0.0,0.0,0.0,0.09691327920899051,0.060351399312296106,0.37773337171955995
1630230,Naji Marshall,2024-25,DAL,1919.0833333333333,0.0,0.0460069629068135,0.10771853778651297,0.27171194844850866,0.3421529378079049,0.008498241324169452,0.1743640530083202,0.049547318717770406
1629675,Naz Reid,2024-25,MIN,2200.116666666667,0.0,0.34487055522076787,0.012648991374221864,0.03599319745199024,0.03271096899101667,0.0,0.16544254589962523,0.40833374106237813
1629674,Neemias Queta,2024-25,BOS,863.09,0.4462456394388697,0.2632821451528123,0.0,0.04169950791472616,0.222802061101522,0.0,0.025970646392069825,0.0
1629651,Nic Claxton,2024-25,BKN,1881.7316666666666,0.027207277050589704,0.6174036572923476,0.00902443404815795,0.11821023732867346,0.16952757353507605,0.05862682074515532,0.0,0.0
1630208,Nick Richards,2024-25,PHX,1256.2233333333334,0.35941218318413926,0.0,0.0,0.0,0.6221739896097954,0.0,0.018413827206065353,0.0
1641733,Nick Smith Jr.,2024-25,CHA,1368.7466666666667,0.0,0.0,0.0,0.435162034190862,0.0,0.21687022253761654,0.019410748872216308,0.32855699439930497
1629638,Nickeil Alexander-Walker,2024-25,MIN,2073.1016666666665,0.0,0.04172283750938078,0.09256462115660447,0.13656102948616552,0.14581301755865977,0.045196910348259685,0.07658275105190399,0.46155883288902577
201587,Nicolas Batum,2024-25,LAC,1367.3733333333332,0.0,0.0,0.2938560873417852,0.0,0.11692413703004023,0.0,0.0,0.5892197756281746
203999,Nikola Jokić,2024-25,DEN,2570.765,0.0,0.39341308615978693,0.0,0.0,0.0,0.0,0.6065869138402131,0.0
1631107,Nikola Jović,2024-25,MIA,1155.6766666666667,0.0,0.11714098714709592,0.115352331954763,0.06221523718226267,0.19534787657823416,0.0,0.13843018628381143,0.37151338085383284
202696,Nikola Vučević,2024-25,CHI,2278.25,0.0,0.47890485955988105,0.0,0.004430635788235498,0.0,0.07254878507098393,0.1915542872749981,0.25256143230590156
1641730,Noah Clowney,2024-25,BKN,1042.2866666666666,0.12053080029677352,0.0,0.026547641983924106,0.010629034197433664,0.11077286198210605,0.0,0.03301831216913865,0.698501349370624
1626181,Norman Powell,2024-25,LAC,1957.9883333333332,0.0,0.12654385755940628,0.07291098621752067,0.0018403780534995715,0.05915616475760995,0.101420292052584,0.2900059248985935,0.34812239646078613
1628384,OG Anunoby,2024-25,NYK,2705.7766666666666,0.001121493817570605,0.1150873271776878,0.19003162514203403,0.0,0.23281771957419847,0.07195737779664237,0.07109778876690001,0.3178866677249667
1630167,Obi Toppin,2024-25,IND,1544.815,0.0,0.24043215339670646,0.06281148955206901,0.0,0.16824336126063083,0.0,0.12901594059644647,0.39949705519414735
1630534,Ochai Agbaji,2024-25,TOR,1738.67,0.0,0.055645781738706,0.1754488152335167,0.0,0.3413976443081127,0.0,0.0,0.4275077587196646
1641765,Olivier-Maxence Prosper,2024-25,DAL,584.07,0.03680751030212713,0.0,0.20821850715262216,0.0491565532170052,0.5454115046657079,0.07594865010501467,0.0,0.08445727455752292
1630168,Onyeka Okongwu,2024-25,ATL,2063.9266666666667,0.0,0.4447723518709744,0.08401301856369602,0.0,0.34840128495813155,0.0,0.05059567032905554,0.07221767427814235
1631115,Orlando Robinson,2024-25,TOR,769.8016666666666,0.06304915679133248,0.38595913752079675,0.0,0.384368350396467,0.05678600206993363,0.049950693777653814,0.006372198649398841,0.05351446079441757
1642345,Oso Ighodaro,2024-25,PHX,1045.545,0.40357376562180164,0.17726977649158746,0.0,0.25246429102015483,0.0,0.16669216686645608,0.0,0.0
1631172,Ousmane Dieng,2024-25,OKC,404.84166666666664,0.07149326390345996,0.05665713871804079,0.20274610113781777,0.05293152169440344,0.13277850267224947,0.03496155257760006,0.0,0.44843191929642845
1629023,P.J. Washington,2024-25,DAL,1834.8583333333333,0.03537627630321093,0.21266894550815074,0.08385810311832363,0.256103311675721,0.18603044859110443,0.0,0.13932968150017022,0.08663323330331905
1631094,Paolo Banchero,2024-25,ORL,1581.53,0.12929244196769388,0.0,0.0,0.0,0.05341166516224898,0.2318629465023149,0.5449014521583572,0.04053149420938513
1627783,Pascal Siakam,2024-25,IND,2547.8533333333335,0.0,0.23489776175258972,0.0,0.0,0.11685731890015967,0.2534645864347801,0.20439796357397663,0.19038236933849387
1626192,Pat Connaughton,2024-25,MIL,602.8266666666667,0.09132668108216718,0.15496004870954982,0.0,0.1945494991684368,0.11223190385712108,0.0,0.003476204095076836,0.4434556630876483
1630172,Patrick Williams,2024-25,CHI,1576.3266666666666,0.11101064108946129,0.0,0.06256865756520864,0.29758306475027585,0.04629090100681824,0.09250074084151905,0.0,0.39004599474671686
201988,Patty Mills,2024-25,LAC,320.655,0.0,0.0,0.17689634405980167,0.239151303713894,0.0,0.1013458057644428,0.0,0.48260654646186163
202331,Paul George,2024-25,PHI,1333.5933333333332,0.0,0.0,0.21786903187556725,0.22277813457516388,0.0,0.363782629093115,0.18095448240409087,0.014615722052063075
1630194,Paul Reed,2024-25,DET,437.5366666666667,0.0684821005823989,0.37134328825374935,0.4265462832233685,0.0,0.0,0.12416099949143428,0.009467328449049075,0.0
1630202,Payton Pritchard,2024-25,BOS,2270.875,0.0,0.0,0.1067460636010367,0.03165539686271455,0.0,0.0,0.3072805218975025,0.5543180176387462
1641796,Pelle Larsson,2024-25,MIA,781.9466666666667,0.09900014229597065,0.0,0.18353484257019115,0.09019929063460126,0.24266782674762752,0.0,0.0,0.3845978977516094
1631212,Peyton Watson,2024-25,DEN,1655.7283333333332,0.08633233931334607,0.16749278740251297,0.10803054929051961,0.0,0.37836422633597705,0.0011913434324463525,0.0,0.2585887542251979
1630173,Precious Achiuwa,2024-25,NYK,1169.6133333333332,0.05856892704666912,0.11939751155695698,0.18776148610301394,0.04134443842289788,0.592927636870462,0.0,0.0,0.0
1629656,Quentin Grimes,2024-25,PHI,2013.09,0.055676340503827554,0.0,0.11793323549541782,0.11779242984435444,0.06177206428906901,0.12544741879500715,0.24271068947415858,0.2786678215981655
1631245,Quenton Jackson,2024-25,IND,381.03833333333336,0.08841515260887549,0.07713813776434557,0.26845679430729746,0.13217363964135706,0.15918729108306576,0.11373742920116402,0.045234868448330315,0.11565668694556433
1642366,Quinten Post,2024-25,GSW,685.7566666666667,0.0,0.2747592627785515,0.004211141017765122,0.0,0.045559007574113845,0.0,0.08382619347186915,0.5916443951577005
1629628,RJ Barrett,2024-25,TOR,1868.8033333333333,0.0,0.14158967425722643,0.0,0.296609049989887,0.17432431025789374,0.0,0.3616321994935599,0.02584476600143285
1641712,Rayan Rupert,2024-25,POR,459.5416666666667,0.11497740224891811,0.0,0.09847403262571296,0.4865152550385846,0.15318712553296726,0.0,0.0,0.14684618455381704
1641736,Reece Beekman,2024-25,BKN,469.30333333333334,0.0,0.0,0.27114119433191936,0.647192274707508,0.06492901121097186,0.016737519749600797,0.0,0.0
1642263,Reed Sheppard,2024-25,HOU,654.3516666666667,0.0,0.0,0.2440398022027802,0.3598075060978482,0.0,0.18445348672254858,0.0195255989963585,0.19217360598046446
202704,Reggie Jackson,2024-25,PHI,383.9916666666667,0.0,0.0,0.13348207916927,0.42304605034148546,0.0,0.18528080382116646,0.0,0.258191066668078
1626158,Richaun Holmes,2024-25,WAS,534.135,0.42634731627014816,0.0031554398236051133,0.0,0.0,0.4560935033096055,0.0,0.11440374059664114,0.0
1641741,Ricky Council IV,2024-25,PHI,1250.015,0.13444879522175499,0.0,0.0,0.22014859953035323,0.09102429465336749,0.09292544233060072,0.07898323729987569,0.3824696309640478
1642265,Rob Dillingham,2024-25,MIN,515.975,0.005330459810877656,0.0,0.0,0.6882129048973948,0.0,0.1285667289857173,0.17788990630601018,0.0
1629057,Robert Williams III,2024-25,POR,351.33,0.12182590531739809,0.5384276302156867,0.10615380499980637,0.0,0.23359265946710875,0.0,0.0,0.0
1641842,Ronald Holland II,2024-25,DET,1266.3216666666667,0.01700703469083969,0.07208956999500706,0.16497843908883247,0.1973773834522773,0.3732471533653853,0.0,0.03998380021376248,0.13531661919389576
1626220,Royce O'Neale,2024-25,PHX,1836.8733333333332,0.0,0.10810671103581267,0.19369901489839783,0.00704750425026241,0.0,0.0,0.030896241751695003,0.6602505280638319
203497,Rudy Gobert,2024-25,MIN,2388.423333333333,0.6267756421609741,0.30097183677846767,0.0,0.0,0.0,0.0,0.07225252106055825,0.0
1629060,Rui Hachimura,2024-25,LAL,1868.825,0.0,0.19006201114411453,0.03278001595265239,0.0,0.24244967296147685,0.0985136928439803,0.0,0.4361946070977758
201566,Russell Westbrook,2024-25,DEN,2092.2916666666665,0.07251927902754941,0.0,0.15909336062192345,0.4247531210994703,0.08879695359345678,0.03641558117332043,0.2184217044842797,0.0
1642346,Ryan Dunn,2024-25,PHX,1410.4166666666667,0.0,0.0,0.11514095233554629,0.005297963053427042,0.37467283722370726,0.0,0.0,0.5048882473873196
1631157,Ryan Rollins,2024-25,MIL,819.525,0.0,0.0,0.2845883176625513,0.30664264336174224,0.12470227120486481,0.11559084262930606,0.11403304068051988,0.05444288446101571
1630573,Sam Hauser,2024-25,BOS,1541.1333333333334,0.0,0.040494527640965464,0.08904247965517847,0.0,0.0,0.051937557174732564,0.0,0.8185254355291235
1630241,Sam Merrill,2024-25,CLE,1401.2816666666668,0.0,0.0,0.21434639792063304,0.0,0.0,0.0,0.0,0.785653602079367
1630572,Sandro Mamukelashvili,2024-25,SAS,681.2083333333334,0.0,0.3492026604657239,0.0599573001773061,0.0,0.0,0.0,0.15158672070619864,0.4392533186507715
1630583,Santi Aldama,2024-25,MEM,1659.6483333333333,0.0,0.29835609647031763,0.04710061596281575,0.0,0.0823887955916288,0.0,0.17076911201079345,0.40138537996444434
1630703,Scoot Henderson,2024-25,POR,1759.0716666666667,0.04434500335240605,0.0,0.06424269586715231,0.5644343577097545,0.0,0.07610830896907914,0.2508696341016081,0.0
1630567,Scottie Barnes,2024-25,TOR,2134.13,0.0596563582899518,0.1338793896076066,0.021813035148142756,0.23845629037104535,0.0,0.192138084521071,0.3540568420621826,0.0
1630590,Scotty Pippen Jr.,2024-25,MEM,1682.88,0.0,0.16852606985333352,0.2544637624150674,0.39312705620159033,0.0,0.0,0.18388311153000872,0.0
203552,Seth Curry,2024-25,CHA,1061.9566666666667,0.0,0.0,0.04760541473119596,0.020986616821005635,0.0,0.4509821763834987,0.0,0.4804257920642997
1631101,Shaedon Sharpe,2024-25,POR,2252.33,0.07467915087111131,0.0,0.0,0.1760297332346155,0.0,0.26104671665031637,0.1990116345876447,0.28923276465631226
1628983,Shai Gilgeous-Alexander,2024-25,OKC,2597.63,0.0,0.06899823736467951,0.0,0.0,0.0,0.09737454038174752,0.833627222253573,0.0
1629003,Shake Milton,2024-25,LAL,836.2766666666666,0.0,0.0493276560476195,0.049622096845145895,0.3936948750974043,0.10945538425876988,0.1220828337724961,0.09793931311278595,0.1778778408657784
1631323,Simone Fontecchio,2024-25,DET,1236.6816666666666,0.03937570502528032,0.0,0.0803288276397441,0.08042360432680407,0.22320145221856946,0.055792744022199525,0.0,0.5208776667674025
203915,Spencer Dinwiddie,2024-25,DAL,2136.085,0.08301849177567037,0.0,0.006990566994553464,0.44352826963198205,0.0,0.09497380942936458,0.23233920599875324,0.13914965616967623
201939,Stephen Curry,2024-25,GSW,2252.45,0.0,0.0,0.05975328513422733,0.05395407204521615,0.0,0.0,0.589161377376507,0.29713126544404955
1642264,Stephon Castle,2024-25,SAS,2162.0216666666665,0.13539163239184296,0.0,0.0,0.38772180679872137,0.03918559378092875,0.12389242109223815,0.23077467597940438,0.0830338699568644
203500,Steven Adams,2024-25,HOU,794.0666666666667,0.7276216028498391,0.0,0.0,0.1772822383699304,0.0,0.0,0.09509615878023055,0.0
1629004,Svi Mykhailiuk,2024-25,UTA,760.3066666666666,0.011535070600664749,0.0,0.005440911457976714,0.38136416227896486,0.0,0.0,0.15907202544651797,0.44258783021587567
204456,T.J. McConnell,2024-25,IND,1415.4333333333334,0.0,0.04420325578707941,0.06855436830131076,0.39398344763903104,0.0,0.24542590727819258,0.24783302099438617,0.0
201959,Taj Gibson,2024-25,CHA,408.85,0.09266509117193569,0.0,0.015118376235639318,0.14144934364344403,0.7507671889489811,0.0,0.0,0.0
1629659,Talen Horton-Tucker,2024-25,CHI,723.695,0.13371545269182558,0.0,0.03263457026229782,0.22260413202654694,0.14400575661698933,0.0,0.18917392011804718,0.2778661682842932
1631106,Tari Eason,2024-25,HOU,1420.1933333333334,0.0,0.2919514275067052,0.3851685539832805,0.0,0.12053551832770713,0.06457421926466182,0.09153969404345522,0.04623058687419009
1627752,Taurean Prince,2024-25,MIL,2165.86,0.0,0.0,0.2079099085564924,0.013167765651400588,0.2514994292781092,0.0,0.0,0.5274228965139978
1629611,Terance Mann,2024-25,ATL,1414.25,0.0,0.04938795986284374,0.12324176239811364,0.1342671397276125,0.2462420290910005,0.1641213197327755,0.0,0.2827397891876542
1630545,Terrence Shannon Jr.,2024-25,MIN,338.8283333333333,0.0,0.0860763137042935,0.024449168196226563,0.19229072421419086,0.5057661981681356,0.0,0.008770914031821184,0.18264668168533224
1626179,Terry Rozier,2024-25,MIA,1658.22,0.0,0.0,0.0,0.4137754186092485,0.13267250740710118,0.13109623154190403,0.06107943873827197,0.26137640370347426
1628418,Thomas Bryant,2024-25,IND,963.0166666666667,0.009256931759959683,0.3750055933410087,0.056321373597808096,0.0,0.10731495913908591,0.0,0.04286213029835082,0.4092390118637868
1642275,Tidjane Salaün,2024-25,CHA,1244.3533333333332,0.1750335332754546,0.0,0.0,0.29528006263102163,0.06117832535921301,0.0,0.0,0.46850807873431066
203501,Tim Hardaway Jr.,2024-25,DET,2152.795,0.0018028909722536779,0.0,0.0,0.0,0.07097105424887842,0.20367267187099664,0.0,0.7235533829078714
202699,Tobias Harris,2024-25,DET,2305.4133333333334,0.0,0.19129783298559555,0.051159326664997846,0.08940477071482816,0.19582263248353152,0.19699522965137384,0.06244543704519608,0.212874770454477
1628470,Torrey Craig,2024-25,BOS,313.94666666666666,0.056789752932998254,0.03723725787701358,0.12678376698059718,0.0,0.13924977170433922,0.0,0.0,0.6399394505050519
1641787,Tosan Evbuomwan,2024-25,BKN,664.93,0.0,0.1059031041191865,0.09401491822477726,0.3409198558343309,0.27248935696203036,0.05472969026569698,0.08060932136252043,0.05133375323145761
1641739,Toumani Camara,2024-25,POR,2548.0516666666667,0.011873853318171146,0.12713718316935133,0.2652394687885814,0.09788872872477446,0.2181487870431371,0.0,0.0,0.27971197895598454
1629027,Trae Young,2024-25,ATL,2739.06,0.0,0.0,0.0,0.4114069250319572,0.0,0.0,0.5885930749680428,0.0
1631218,Trayce Jackson-Davis,2024-25,GSW,966.7866666666666,0.3547472851918247,0.05794590134189684,0.0,0.0,0.4804160360287975,0.0,0.10689077743748096,0.0
1630200,Tre Jones,2024-25,CHI,904.9716666666667,0.0,0.1529963648861601,0.12312050603022713,0.3285835087401014,0.2594647340353701,0.04689955718479466,0.08893532912334663,0.0
1630544,Tre Mann,2024-25,CHA,319.045,0.04829169952907836,0.0,0.0,0.4899454962509713,0.0031158209837279837,0.0936059917917952,0.2856394564787604,0.07940153496566675
1630570,Trendon Watford,2024-25,BKN,912.6766666666666,0.01730537498221641,0.1826206359367017,0.0,0.43120446786309663,0.1660563683179341,0.0,0.20281315290005117,0.0
1630243,Trevelin Queen,2024-25,ORL,430.28,0.08027312855379641,0.0,0.44499475104244623,0.3092573582992248,0.0,0.04056404367901761,0.010164973957558662,0.11474574446795628
1641998,Trey Jemison III,2024-25,LAL,392.0233333333333,0.6687575552199119,0.0,0.0,0.3312424447800882,0.0,0.0,0.0,0.0
1626168,Trey Lyles,2024-25,SAC,1349.5216666666668,0.02616044878198059,0.16524325144164048,0.10710976875987994,0.0,0.14129507957212753,0.0,0.0,0.5601914514443713
1630530,Trey Murphy III,2024-25,NOP,1854.23,0.008393184865768772,0.20826176596424037,0.026914414088251085,0.0,0.04601482107336922,0.01259846355219696,0.2591163263558858,0.43870102410028783
202684,Tristan Thompson,2024-25,CLE,328.17,0.5264601498331015,0.0,0.0,0.2766350726641204,0.19690477750277818,0.0,0.0,0.0
1641774,Tristan Vukcevic,2024-25,WAS,512.51,0.0,0.43092242651014895,0.0,0.0,0.0,0.04242029686151834,0.1989425339303219,0.32771474269801076
1641783,Tristan da Silva,2024-25,ORL,1628.6116666666667,0.0,0.07182092771118756,0.010117976012920107,0.2307463907236464,0.2421445180290622,0.03337023264636758,0.0,0.41179995487681614
1629660,Ty Jerome,2024-25,CLE,1392.4,0.0,0.05582576111156128,0.1840388687483696,0.20236795078633343,0.0,0.08662451031459205,0.4397636464147434,0.031379262624400044
1629639,Tyler Herro,2024-25,MIA,2725.08,0.0,0.04115379509662163,0.0,0.15680452150270222,0.02030554643366012,0.03789844410277818,0.4949322806036034,0.24890541226063456
1630169,Tyrese Haliburton,2024-25,IND,2450.391666666667,0.0,0.0,0.10909533498558573,0.09207558298598702,0.0,0.12877181305901472,0.46247626195756203,0.20758100701185056
1631213,Tyrese Martin,2024-25,BKN,1315.32,0.0,0.0,0.04790431823776001,0.2959000314686263,0.12447013318748465,0.0,0.1196861230439833,0.4120393940621458
1630178,Tyrese Maxey,2024-25,PHI,1960.195,0.01903192459076095,0.0,0.08037888014081525,0.2802998988793236,0.0,0.027538566169041146,0.5089788750122272,0.0837718552078318
1626145,Tyus Jones,2024-25,PHX,2173.516666666667,0.0,0.0,0.0743735569584061,0.36799818103724247,0.0,0.11846675756373899,0.1486092789456185,0.29055222549499404
203995,Vasilije Micic,2024-25,PHX,784.9083333333333,0.018325836640370675,0.0,0.0,0.7361705641099315,0.0,0.2256464310668842,0.019857168182813398,0.0
1641705,Victor Wembanyama,2024-25,SAS,1527.2533333333333,0.06085442191796401,0.4132480708007573,0.0,0.0,0.0,0.0,0.41552633716516907,0.11037117011610952
1631246,Vince Williams Jr.,2024-25,MEM,498.5466666666667,0.05763182752986186,0.0,0.030805797966358447,0.4315483959572269,0.09294939251814585,0.0,0.049169669931771305,0.33789491609663574
1630249,Vít Krejčí,2024-25,ATL,1152.6316666666667,0.0,0.1992926626551129,0.15234431387354197,0.009731585562077084,0.0,0.0,0.061047430257695934,0.577584007651572
1631117,Walker Kessler,2024-25,UTA,1740.32,0.17182039925762776,0.7796829727218615,0.0,0.0,0.04849662802051081,0.0,0.0,0.0
1628976,Wendell Carter Jr.,2024-25,ORL,1758.2683333333334,0.12473872259347524,0.17467071113210497,0.06141841592310522,0.0027107628999754425,0.23724904425047616,0.1540295794357508,0.0,0.24518276376511206
1631111,Wendell Moore Jr.,2024-25,CHA,498.9166666666667,0.04807667085918248,0.0,0.1965058690398593,0.3004747676462933,0.34977706124383745,0.03358861876447481,0.0,0.07157701244635276
1642274,Yves Missi,2024-25,NOP,1955.79,0.6700606583180374,0.13606927055567017,0.0,0.16161447311773955,0.01881892471929283,0.0,0.0,0.013436673289260072
1642258,Zaccharie Risacher,2024-25,ATL,1843.3866666666668,0.010186839595902893,0.09546397535499007,0.05103986205409552,0.03270402042905437,0.32201231109346734,0.010380982059688498,0.056478444781729344,0.4217335646310719
1628380,Zach Collins,2024-25,CHI,977.06,0.03307223252230638,0.4581209957049838,0.032945807505132686,0.08044005135677533,0.09912145662625645,0.0,0.04957043716560355,0.24672901911894174
1641744,Zach Edey,2024-25,MEM,1415.765,0.09575405143026408,0.6873842893392709,0.0,0.0,0.17270539373684274,0.0,0.0,0.044156265493622136
203897,Zach LaVine,2024-25,SAC,2602.48,0.07408614666300374,0.0,0.0,0.06398425854366013,0.046548587668682806,0.21456968935017093,0.2998248324819568,0.30098648529252564
1630192,Zeke Nnaji,2024-25,DEN,607.9666666666667,0.12620840105714562,0.14184558424341434,0.1892417474486263,0.0,0.30976417693093294,0.0,0.0,0.23294009031988086
1630533,Ziaire Williams,2024-25,BKN,1541.4033333333334,0.06326027702455098,0.0,0.20094264462415048,0.0,0.25639798606314057,0.0,0.05097378322073219,0.4284253090674258
1629627,Zion Williamson,2024-25,NOP,857.2766666666666,0.0,0.46794799214143745,0.0,0.0,0.0,0.0,0.5320520078585625,0.0
